"year","household_questionnaire_id","type_of_crop","name_of_crop","season_of_crop","when_is_crop_sowed","when_is_crop_harvested","cult_area_under_crop","most_imp_source","hrs_irr_1katha","no_of_irrigation_for_1_katha","what_was_your_total_harvest","unit_harvest","percent_for_selling","price_per_kg","district","TreatmentControl","TC","irri_for_season","name_of_crop_detail"
2018,"T302607029","1","PADDY","Monsoon","3","8",80,"4",0.5,6,4,"1",50,22,2,"Control","0",240,"PADDY"
2018,"T302607029","2","WHEAT","Winter","8","12",10,"4",0.5,2,2,"1",80,25,2,"Control","0",10,"WHEAT"
2018,"T302607029","33","pulses","Winter","8","12",10,NA,NA,NA,20,"1",75,120,2,"Control","0",NA,"RED LENTIL"
2018,"T302607029","3","MAIZE","Winter","8","1",60,"4",0.5,6,8,"1",100,18,2,"Control","0",180,"MAIZE"
2018,"T309308027","1","PADDY","Monsoon","3","8",40,"4",0.5,5,5,"1",50,25,2,"Control","0",100,"PADDY"
2018,"T309308027","2","WHEAT","Winter","8","12",10,"4",0.5,2,2,"1",80,26,2,"Control","0",10,"WHEAT"
2018,"T309308027","33","others","Winter","8","12",10,"0",0,0,30,"3",40,120,2,"Control","0",0,"OTHER"
2018,"T309308027","3","MAIZE","Winter","8","1",15,"4",0.5,4,8,"1",100,18,2,"Control","0",30,"MAIZE"
2018,"T309308027","47","vegetables","Summer","1","3",3,"2",2,3,15,"1",30,12,2,"Control","0",18,"POTATO"
2018,"T309308027","1","PADDY","Summer","1","3",3,"2",1.5,6,4,"1",100,15,2,"Control","0",27,"PADDY"
2018,"T302608026","1","PADDY","Monsoon","8","3",40,"2",1,6,4,"1",50,24,2,"Control","0",240,"PADDY"
2018,"T302608026","2","WHEAT","Winter","9","12",40,"2",1,2,2,"1",80,25,2,"Control","0",80,"WHEAT"
2018,"T302608031","1","PADDY","Monsoon","3","8",22,"2",1,6,4,"1",50,22,2,"Control","0",132,"PADDY"
2018,"T302608031","2","WHEAT","Winter","8","12",22,"2",1,2,2,"1",80,25,2,"Control","0",44,"WHEAT"
2018,"T302608030","1","PADDY","Monsoon","3","8",35,"4",0.5,6,4,"1",50,22,2,"Control","0",105,"PADDY"
2018,"T302608030","2","WHEAT","Winter","8","12",35,"4",0.5,2,2,"1",80,26,2,"Control","0",35,"WHEAT"
2018,"T302608029","1","PADDY","Monsoon","3","8",15,"2",1,4,4,"1",50,22,2,"Control","0",60,"PADDY"
2018,"T302608029","2","WHEAT","Winter","8","12",5,"2",1,2,2,"1",50,25,2,"Control","0",10,"WHEAT"
2018,"T302608029","3","MAIZE","Winter","8","1",10,"2",1,5,7,"1",100,19,2,"Control","0",50,"MAIZE"
2018,"T302606024","1","PADDY","Monsoon","3","8",200,"2",1,8,3,"1",80,22,2,"Control","0",1600,"PADDY"
2018,"T302606024","2","WHEAT","Winter","8","2",100,"2",1,3,1.5,"1",90,25,2,"Control","0",300,"WHEAT"
2018,"T302606024","1","PADDY","Monsoon","12","3",40,"2",1,6,2,"1",100,15,2,"Control","0",240,"PADDY"
2018,"T301502075","1","PADDY","Monsoon","3","8",15,"2",1,3,3,"1",0,0,1,"Control","0",45,"PADDY"
2018,"T301502075","33","pulses","Winter","8","11",5,"2",1,0,20,"3",0,0,1,"Control","0",0,"RED LENTIL"
2018,"T303807077","1","PADDY","Monsoon","3","7",12,"2",1,4,2,"1",0,0,1,"Control","0",48,"PADDY"
2018,"T303807077","2","WHEAT","Winter","8","12",6,"2",1,1,1,"1",0,0,1,"Control","0",6,"WHEAT"
2018,"T303807077","33","pulses","Winter","8","11",6,"2",1,0,0.5,"3",0,0,1,"Control","0",0,"RED LENTIL"
2018,"T301502070","1","PADDY","Monsoon","3","8",8,"2",2,3,3,"1",10,17,1,"Control","0",48,"PADDY"
2018,"T301502070","2","WHEAT","Winter","8","12",5,"2",2,1,2,"1",15,18,1,"Control","0",10,"WHEAT"
2018,"T301502070","33","pulses","Winter","8","11",3,"0",0,0,1,"1",10,0,1,"Control","0",0,"RED LENTIL"
2018,"T301503071","1","PADDY","Monsoon","3","8",65,"2",1,4,3,"1",30,18,1,"Control","0",260,"PADDY"
2018,"T301503071","2","WHEAT","Winter","8","12",20,"1",1,1,2,"1",15,18,1,"Control","0",20,"WHEAT"
2018,"T301503071","33","pulses","Winter","8","12",45,"0",0,0,1,"1",45,28,1,"Control","0",0,"RED LENTIL"
2018,"T301502072","1","PADDY","Monsoon","3","8",6,"1",1,3,3,"1",0,0,1,"Control","0",18,"PADDY"
2018,"T301502072","2","WHEAT","Winter","8","12",6,"2",1,1,2,"1",0,0,1,"Control","0",6,"WHEAT"
2018,"T303806076","1","PADDY","Monsoon","3","7",20,"2",1,4,2,"1",0,0,1,"Control","0",80,"PADDY"
2018,"T303806076","2","WHEAT","Winter","8","12",10,"2",1,2,1.5,"1",0,0,1,"Control","0",20,"WHEAT"
2018,"T303806076","33","pulses","Winter","8","11",10,"0",0,0,15,"3",0,0,1,"Control","0",0,"RED LENTIL"
2018,"T303806078","1","PADDY","Monsoon","3","8",12,"2",1,4,2,"1",0,0,1,"Control","0",48,"PADDY"
2018,"T303806078","2","WHEAT","Winter","8","12",6,"2",1,1,1.5,"3",0,0,1,"Control","0",6,"WHEAT"
2018,"T303806078","33","pulses","Winter","8","11",6,"0",0,0,30,"3",0,0,1,"Control","0",0,"RED LENTIL"
2018,"T301502069","1","PADDY","Monsoon","3","8",21,"2",2,3,3,"1",5,18,1,"Control","0",126,"PADDY"
2018,"T301502069","2","WHEAT","Winter","8","12",10,"2",2,1,2,"1",10,18,1,"Control","0",20,"WHEAT"
2018,"T301502069","33","pulses","Winter","8","11",11,"0",0,0,1,"1",0,0,1,"Control","0",0,"RED LENTIL"
2018,"T301502074","1","PADDY","Monsoon","3","8",60,"2",1,3,3,"1",0,0,1,"Control","0",180,"PADDY"
2018,"T301502074","2","WHEAT","Winter","8","12",60,"2",1,1,1,"1",0,0,1,"Control","0",60,"WHEAT"
2018,"T301503073","1","PADDY","Monsoon","3","8",20,"2",1,4,3,"1",0,0,1,"Control","0",80,"PADDY"
2018,"T301503073","2","WHEAT","Winter","8","12",10,"2",1,1,2,"1",0,0,1,"Control","0",10,"WHEAT"
2018,"T301503073","33","pulses","Winter","8","12",10,"0",0,0,20,"3",0,0,1,"Control","0",0,"RED LENTIL"
2018,"T307006094","1","PADDY","Monsoon","3","8",90,"2",1,2,4,"1",50,22,1,"Control","0",180,"PADDY"
2018,"T307006094","2","WHEAT","Winter","8","12",20,"2",1,2,1,"1",40,25,1,"Control","0",40,"WHEAT"
2018,"T307006094","33","pulses","Winter","9","11",20,"0",0,0,20,"3",20,80,1,"Control","0",0,"RED LENTIL"
2018,"T307006094","8","vegetables","Winter","9","11",10,"0",0,0,30,"3",30,20,1,"Control","0",0,"BRINJAL"
2018,"T307006094","20","pulses","Winter","9","11",10,"2",1,1,20,"3",80,50,1,"Control","0",10,"PEA"
2018,"T307006094","47","vegetables","Winter","8","11",20,"2",1,2,15,"1",70,15,1,"Control","0",40,"POTATO"
2018,"T307006094","31","pulses","Winter","8","12",10,"2",1,1,20,"3",80,20,1,"Control","0",10,"KIDNEY"
2018,"T307006094","3","MAIZE","Summer","11","1",10,"2",1,3,2,"1",80,25,1,"Control","0",30,"MAIZE"
2018,"T307006094","61","SUGARCANE","Annual","11","2",10,"2",1,1,20,"4",100,5,1,"Control","0",10,"SUGARCANE"
2018,"T307707110","1","PADDY","Winter","3","8",15,"3",1,1,2,"1",0,20,1,"Control","0",15,"PADDY"
2018,"T307707110","2","WHEAT","Winter","8","12",7,"3",1,2,1,"1",0,25,1,"Control","0",14,"WHEAT"
2018,"T307707110","33","pulses","Winter","8","11",8,"0",0,0,1,"1",0,90,1,"Control","0",0,"RED LENTIL"
2018,"T307103092","1","PADDY","Monsoon","3","8",20,"2",1.5,3,4,"1",90,20,1,"Control","0",90,"PADDY"
2018,"T307103092","2","WHEAT","Winter","8","12",10,"2",1,2,2,"1",20,20,1,"Control","0",20,"WHEAT"
2018,"T307103092","33","pulses","Winter","8","11",10,"1",0,0,1,"1",10,90,1,"Control","0",0,"RED LENTIL"
2018,"T307103092","61","SUGARCANE","Annual","11","2",5,"2",2,3,22,"4",100,5,1,"Control","0",30,"SUGARCANE"
2018,"T304905099","1","PADDY","Monsoon","3","8",54,"2",1,4,3,"1",20,20,1,"Control","0",216,"PADDY"
2018,"T304905099","2","WHEAT","Winter","9","12",10,"2",1,2,3,"1",0,0,1,"Control","0",20,"WHEAT"
2018,"T304905099","33","pulses","Winter","9","11",44,"0",0,0,20,"3",20,90,1,"Control","0",0,"RED LENTIL"
2018,"T308603106","1","PADDY","Monsoon","3","8",70,"2",1,3,3,"1",50,20,1,"Control","0",210,"PADDY"
2018,"T308603106","2","WHEAT","Winter","8","12",15,"2",1,2,2,"1",50,25,1,"Control","0",30,"WHEAT"
2018,"T308603106","33","pulses","Winter","8","11",30,"0",0,0,20,"3",50,80,1,"Control","0",0,"RED LENTIL"
2018,"T308603106","43","oilseeds","Winter","8","11",25,"2",1,1,8,"3",70,80,1,"Control","0",25,"MUSTARD"
2018,"T308603106","3","MAIZE","Summer","10","2",5,"2",1,4,5,"1",100,32,1,"Control","0",20,"MAIZE"
2018,"T300902111","1","PADDY","Monsoon","3","8",28,"2",1,4,4,"1",25,20,1,"Control","0",112,"PADDY"
2018,"T300902111","2","WHEAT","Winter","8","12",16,"2",1,2,1,"1",0,25,1,"Control","0",32,"WHEAT"
2018,"T300902111","33","pulses","Winter","8","11",12,"0",0,0,10,"3",0,90,1,"Control","0",0,"RED LENTIL"
2018,"T300902111","27","pulses","Summer","12","3",25,"2",1,1,10,"3",0,100,1,"Control","0",25,"GREEN GRAM"
2018,"T300902111","61","SUGARCANE","Annual","10","2",12,"2",1,2,25,"4",100,500,1,"Control","0",24,"SUGARCANE"
2018,"T300509098","1","PADDY","Monsoon","3","8",24,"2",1,2,4,"1",20,20,1,"Control","0",48,"PADDY"
2018,"T300509098","2","WHEAT","Winter","8","12",9,"2",1,2,2,"1",0,25,1,"Control","0",18,"WHEAT"
2018,"T300509098","33","pulses","Winter","8","11",15,"0",0,0,1,"1",50,80,1,"Control","0",0,"RED LENTIL"
2018,"T300509098","15","vegetables","Summer","7","2",1,"2",1,2,20,"3",0,0,1,"Control","0",2,"BELL"
2018,"T300509098","8","vegetables","Summer","7","2",1,"2",1,2,30,"3",0,0,1,"Control","0",2,"BRINJAL"
2018,"T300509098","55","vegetables","Summer","7","2",1,"2",1,2,40,"3",0,0,1,"Control","0",2,"GARLIC"
2018,"T307001096","1","PADDY","Monsoon","3","8",38,"2",1,3,3,"1",0,0,1,"Control","0",114,"PADDY"
2018,"T307001096","2","WHEAT","Winter","8","12",20,"2",1,2,1,"1",0,0,1,"Control","0",40,"WHEAT"
2018,"T307001096","33","pulses","Winter","9","11",18,"0",0,0,20,"3",0,0,1,"Control","0",0,"RED LENTIL"
2018,"T307001096","61","SUGARCANE","Annual","10","2",22,"2",1,2,20,"4",100,5,1,"Control","0",44,"SUGARCANE"
2018,"T308601105","1","PADDY","Monsoon","3","8",95,"2",1,4,4,"1",80,20,1,"Control","0",380,"PADDY"
2018,"T308601105","2","WHEAT","Winter","8","12",20,"2",1,2,2,"1",75,25,1,"Control","0",40,"WHEAT"
2018,"T308601105","33","pulses","Winter","8","11",50,"0",0,0,1,"1",75,90,1,"Control","0",0,"RED LENTIL"
2018,"T308601105","43","oilseeds","Winter","8","11",25,"0",0,0,20,"3",70,80,1,"Control","0",0,"MUSTARD"
2018,"T308601105","27","pulses","Summer","12","3",20,"2",1,2,20,"3",80,120,1,"Control","0",40,"GREEN GRAM"
2018,"T308601105","61","SUGARCANE","Annual","11","2",25,"2",1,1,30,"4",100,50,1,"Control","0",25,"SUGARCANE"
2018,"T307005097","1","PADDY","Monsoon","3","8",25,"2",1,3,4,"1",0,0,1,"Control","0",75,"PADDY"
2018,"T307005097","2","WHEAT","Winter","8","12",10,"2",2,2,3,"1",0,0,1,"Control","0",40,"WHEAT"
2018,"T307005097","33","pulses","Winter","8","11",15,"0",0,0,20,"3",0,0,1,"Control","0",0,"RED LENTIL"
2018,"T301602107","1","PADDY","Monsoon","3","8",40,"2",1,3,3,"1",30,20,1,"Control","0",120,"PADDY"
2018,"T301602107","2","WHEAT","Winter","8","12",20,"2",1,2,1.5,"1",20,25,1,"Control","0",40,"WHEAT"
2018,"T301602107","33","pulses","Winter","8","11",10,"0",0,0,1,NA,50,90,1,"Control","0",0,"RED LENTIL"
2018,"T301602107","22","pulses","Winter","8","11",10,"0",0,0,1,NA,50,40,1,"Control","0",0,"GRASS PEA"
2018,"T301907112","1","PADDY","Monsoon","3","8",6,"2",1,3,3,"1",0,20,1,"Control","0",18,"PADDY"
2018,"T301907112","3","MAIZE","Winter","8","12",6,"2",1,3,2,"1",50,20,1,"Control","0",18,"MAIZE"
2018,"T304901100","1","PADDY","Monsoon","3","8",7,"2",1,3,3,"1",0,0,1,"Control","0",21,"PADDY"
2018,"T304901100","2","WHEAT","Winter","8","12",7,"1",1,2,2,"1",0,0,1,"Control","0",14,"WHEAT"
2018,"T304905101","1","PADDY","Monsoon","3","8",30,"2",1,2,4,"1",0,20,1,"Control","0",60,"PADDY"
2018,"T304905101","2","WHEAT","Winter","8","12",15,"2",1,1,1,"1",0,25,1,"Control","0",15,"WHEAT"
2018,"T304905101","33","pulses","Winter","9","11",15,"0",0,0,20,"3",0,0,1,"Control","0",0,"RED LENTIL"
2018,"T304906102","1","PADDY","Monsoon","3","8",8,"2",1,3,4,"1",0,20,1,"Control","0",24,"PADDY"
2018,"T304906102","1","PADDY","Winter","8","12",8,"2",1,2,2,"1",0,25,1,"Control","0",16,"PADDY"
2018,"T302409104","1","PADDY","Monsoon","3","8",7,"2",1,4,2,"1",0,20,1,"Control","0",28,"PADDY"
2018,"T302409104","8","vegetables","Winter","8","12",2,"2",2,8,1,"1",80,20,1,"Control","0",32,"BRINJAL"
2018,"T302409104","44","vegetables","Winter","8","10",3,"2",1,6,2,"1",80,20,1,"Control","0",18,"CAULI"
2018,"T302409104","15","vegetables","Winter","8","11",1,"2",1,5,20,"3",80,120,1,"Control","0",5,"BELL"
2018,"T302409104","53","vegetables","Winter","8","11",1,"2",1,3,50,"3",5,20,1,"Control","0",3,"ONIONS"
2018,"T302409104","14","vegetables","Summer","9","2",4,"2",1,2,100,"5",80,10,1,"Control","0",8,"BOTTLE"
2018,"T302409104","16","vegetables","Summer","9","11",3,"2",1,3,40,"1",80,5,1,"Control","0",9,"SPONGE"
2018,"T307103093","1","PADDY","Monsoon","3","8",50,"2",1,3,4,"1",50,22,1,"Control","0",150,"PADDY"
2018,"T307103093","2","WHEAT","Winter","8","12",15,"2",1,2,2,"1",NA,25,1,"Control","0",30,"WHEAT"
2018,"T307103093","33","pulses","Winter","8","11",35,"1",0,0,20,"3",90,80,1,"Control","0",0,"RED LENTIL"
2018,"T307103093","61","SUGARCANE","Annual","11","2",10,"2",1,3,30,"4",100,5,1,"Control","0",30,"SUGARCANE"
2018,"T307705126","1","PADDY","Monsoon","3","8",40,"2",1.5,3,5,"1",40,22,1,"Control","0",180,"PADDY"
2018,"T307705126","2","WHEAT","Winter","8","12",5,"2",1,2,4,"1",0,0,1,"Control","0",10,"WHEAT"
2018,"T307705126","33","pulses","Winter","8","11",35,"1",0,0,30,"3",20,85,1,"Control","0",0,"RED LENTIL"
2018,"T307003117","1","PADDY","Monsoon","3","8",70,"2",1,3,4,"1",20,22,1,"Control","0",210,"PADDY"
2018,"T307003117","2","WHEAT","Winter","8","12",15,"2",1,1,2,"1",0,0,1,"Control","0",15,"WHEAT"
2018,"T307003117","33","pulses","Winter","8","12",55,"0",0,0,30,"3",0,0,1,"Control","0",0,"RED LENTIL"
2018,"T307003117","61","SUGARCANE","Annual","11","10",30,"2",1,4,20,"4",100,5,1,"Control","0",120,"SUGARCANE"
2018,"T305007121","1","PADDY","Monsoon","3","8",60,"2",1.5,3,4,"1",30,21,1,"Control","0",270,"PADDY"
2018,"T305007121","2","WHEAT","Winter","8","12",20,"2",1.5,2,2,"1",20,25,1,"Control","0",60,"WHEAT"
2018,"T305007121","33","pulses","Winter","8","11",40,"0",0,0,20,"3",20,82,1,"Control","0",0,"RED LENTIL"
2018,"T305004118","1","PADDY","Monsoon","3","8",90,"2",1,3,3,"1",25,22,1,"Control","0",270,"PADDY"
2018,"T305004118","2","WHEAT","Winter","8","12",35,"2",1,2,2,"1",30,25,1,"Control","0",70,"WHEAT"
2018,"T305004118","33","pulses","Winter","8","12",55,"0",0,0,15,"3",0,0,1,"Control","0",0,"RED LENTIL"
2018,"T305006119","1","PADDY","Monsoon","3","8",30,"4",1.5,4,4,"1",50,21,1,"Control","0",180,"PADDY"
2018,"T305006119","2","WHEAT","Winter","8","12",10,"2",1,2,2,"1",0,0,1,"Control","0",20,"WHEAT"
2018,"T305006119","33","pulses","Winter","8","12",20,"0",0,0,10,"3",0,0,1,"Control","0",0,"RED LENTIL"
2018,"T304707129","1","PADDY","Monsoon","3","8",100,"2",1,3,4,"1",10,20,1,"Control","0",300,"PADDY"
2018,"T304707129","2","WHEAT","Winter","8","12",40,"2",1,2,2,"1",0,0,1,"Control","0",80,"WHEAT"
2018,"T304707129","33","pulses","Winter","8","11",60,"1",0,0,10,"3",0,0,1,"Control","0",0,"RED LENTIL"
2018,"T304707129","3","MAIZE","Summer","12","3",8,"2",1,5,5,"1",100,19,1,"Control","0",40,"MAIZE"
2018,"T307006116","1","PADDY","Monsoon","3","8",70,"2",1,4,4,"1",0,0,1,"Control","0",280,"PADDY"
2018,"T307006116","61","SUGARCANE","Monsoon","8","7",30,"2",1,0,16,"4",100,4,1,"Control","0",0,"SUGARCANE"
2018,"T307006116","33","pulses","Winter","7","11",70,"1",0,0,30,"3",50,85,1,"Control","0",0,"RED LENTIL"
2018,"T307006116","61","SUGARCANE","Winter","8","11",30,"2",1,3,19,"4",100,5,1,"Control","0",90,"SUGARCANE"
2018,"T307006116","61","SUGARCANE","Summer","8","11",30,"2",1,6,20,"4",100,5,1,"Control","0",180,"SUGARCANE"
2018,"T304802122","1","PADDY","Monsoon","3","8",35,"2",1,5,4,"1",30,20,1,"Treatment","1",175,"PADDY"
2018,"T304802122","2","WHEAT","Winter","8","12",3,"2",1,2,2,"1",0,0,1,"Treatment","1",6,"WHEAT"
2018,"T304802122","44","vegetables","Winter","7","11",9,"2",1,2,6,"4",100,12,1,"Treatment","1",18,"CAULI"
2018,"T304802122","3","MAIZE","Winter","8","1",5,"2",1,3,3,"4",100,21,1,"Treatment","1",15,"MAIZE"
2018,"T304802122","33","pulses","Winter","8","11",2,"0",0,0,1,"1",0,0,1,"Treatment","1",0,"RED LENTIL"
2018,"T304802122","11","vegetables","Winter","7","1",2,"2",1,4,1,"4",80,150,1,"Treatment","1",8,"CHILLIES"
2018,"T304802122","55","vegetables","Winter","7","2",5,"2",1,2,1,"5",100,100,1,"Treatment","1",10,"GARLIC"
2018,"T304802122","14","vegetables","Winter","7","2",5,"2",1,6,250,"5",100,25,1,"Treatment","1",30,"BOTTLE"
2018,"T304802122","8","vegetables","Winter","7","3",4,"2",1,6,3,"4",100,20,1,"Treatment","1",24,"BRINJAL"
2018,"T304802122","51","vegetables","Winter","8","11",2,"2",1,2,4,"4",100,10,1,"Treatment","1",4,"RADISH"
2018,"T304802122","53","vegetables","Winter","10","2",1,"2",1,3,3,"4",0,0,1,"Treatment","1",3,"ONIONS"
2018,"T304802122","47","vegetables","Winter","7","12",1,"2",1,2,4,"4",0,0,1,"Treatment","1",2,"POTATO"
2018,"T302004124","1","PADDY","Monsoon","3","8",104,"2",1,3,1.5,"1",60,22,1,"Control","0",312,"PADDY"
2018,"T302004124","2","WHEAT","Winter","8","12",20,"2",1,2,2,"1",0,0,1,"Control","0",40,"WHEAT"
2018,"T302004124","33","pulses","Winter","8","11",84,"1",0,0,10,"3",0,0,1,"Control","0",0,"RED LENTIL"
2018,"T302004124","25","pulses","Summer","11","3",14,"2",1,2,10,"3",0,0,1,"Control","0",28,"BLACK GRAM"
2018,"T307003115","1","PADDY","Monsoon","3","8",50,"3",1,3,3,"1",0,0,1,"Control","0",150,"PADDY"
2018,"T307003115","2","WHEAT","Winter","8","12",10,"1",1,2,2,"1",50,25,1,"Control","0",20,"WHEAT"
2018,"T307003115","33","pulses","Winter","8","12",40,"0",0,0,1,"1",75,85,1,"Control","0",0,"RED LENTIL"
2018,"T306708132","1","PADDY","Monsoon","3","8",65,"2",1,3,2.5,"1",20,19,1,"Control","0",195,"PADDY"
2018,"T306708132","2","WHEAT","Winter","8","12",13,"2",1,2,2,"1",0,0,1,"Control","0",26,"WHEAT"
2018,"T306708132","33","pulses","Winter","8","12",52,"1",0,0,20,"3",20,0,1,"Control","0",0,"RED LENTIL"
2018,"T304705128","1","PADDY","Monsoon","3","8",45,"2",1,4,4,"1",40,20,1,"Control","0",180,"PADDY"
2018,"T304705128","2","WHEAT","Winter","8","12",15,"2",1,2,2,"1",0,0,1,"Control","0",30,"WHEAT"
2018,"T304705128","3","MAIZE","Winter","8","12",20,"2",1,3,5,"1",100,22,1,"Control","0",60,"MAIZE"
2018,"T304705128","33","pulses","Winter","8","11",10,"0",0,0,30,"3",20,80,1,"Control","0",0,"RED LENTIL"
2018,"T304705128","3","MAIZE","Summer","12","3",20,"2",1,4,6,"1",100,22,1,"Control","0",80,"MAIZE"
2018,"T304705128","27","pulses","Summer","12","3",15,"2",1,4,15,"3",0,0,1,"Control","0",60,"GREEN GRAM"
2018,"T307705125","1","PADDY","Monsoon","3","8",100,"2",1,3,3,"1",50,21,1,"Control","0",300,"PADDY"
2018,"T307705125","2","WHEAT","Winter","8","12",40,"2",1,2,2,"1",50,25,1,"Control","0",80,"WHEAT"
2018,"T307705125","33","pulses","Winter","8","11",60,"0",0,0,20,"3",50,85,1,"Control","0",0,"RED LENTIL"
2018,"T307705125","1","PADDY","Summer","12","3",5,"2",1,3,3,"1",0,0,1,"Control","0",15,"PADDY"
2018,"T302608007","1","PADDY","Monsoon","3","7",100,"2",1.5,6,4,"1",25,75,2,"Control","0",900,"PADDY"
2018,"T302608007","2","WHEAT","Winter","8","12",90,"2",1.5,3,1,"1",0,25,2,"Control","0",405,"WHEAT"
2018,"T302608007","3","MAIZE","Winter","8","12",10,"2",2.5,4,7,"1",100,18,2,"Control","0",100,"MAIZE"
2018,"T302606012","1","PADDY","Monsoon","3","8",20,"4",1,1,3,"1",0,0,2,"Control","0",20,"PADDY"
2018,"T302606012","2","WHEAT","Winter","8","1",15,"4",1,1,1.5,"1",0,0,2,"Control","0",15,"WHEAT"
2018,"T302606012","33","pulses","Winter","8","12",5,"4",1,1,25,"3",0,0,2,"Control","0",5,"RED LENTIL"
2018,"T309009013","1","PADDY","Monsoon","3","8",50,"4",0.5,6,4,"1",75,21,2,"Control","0",150,"PADDY"
2018,"T309009013","2","WHEAT","Winter","8","12",20,"4",0.5,2,2,"1",90,24,2,"Control","0",20,"WHEAT"
2018,"T309009013","33","pulses","Winter","8","12",20,"4",NA,NA,25,"3",70,115,2,"Control","0",NA,"RED LENTIL"
2018,"T309009013","43","oilseeds","Winter","7","1",10,"4",0.5,1,1,"1",0,0,2,"Control","0",5,"MUSTARD"
2018,"T309009013","1","PADDY","Summer","1","3",15,"4",0.5,7,5,"1",100,28,2,"Control","0",52.5,"PADDY"
2018,"T302608003","1","PADDY","Monsoon","3","8",60,"2",1,4,5,"1",60,22,2,"Control","0",240,"PADDY"
2018,"T302608003","2","WHEAT","Winter","8","12",60,"2",1,2,2,"1",80,25,2,"Control","0",120,"WHEAT"
2018,"T300409001","1","PADDY","Monsoon","3","8",90,"4",0.5,6,5,"1",75,23,2,"Control","0",270,"PADDY"
2018,"T300409001","2","WHEAT","Winter","8","12",75,"4",0.5,3,1.70000004768372,"1",90,24,2,"Control","0",112.5,"WHEAT"
2018,"T300409001","33","pulses","Winter","8","12",15,"4",NA,NA,0.5,"1",90,120,2,"Control","0",NA,"RED LENTIL"
2018,"T300409001","1","PADDY","Summer","1","4",20,"4",0.5,NA,5,"1",100,19,2,"Control","0",NA,"PADDY"
2018,"T300404011","1","PADDY","Monsoon","3","8",10,"4",0.25,6,5,"1",20,22,2,"Control","0",15,"PADDY"
2018,"T300404011","2","WHEAT","Winter","8","12",10,"4",0.25,2,2,"1",0,0,2,"Control","0",5,"WHEAT"
2018,"T300404011","1","PADDY","Summer","12","1",10,"4",0.5,7,5,"1",0,0,2,"Control","0",35,"PADDY"
2018,"T300601005","1","PADDY","Monsoon","3","8",40,"4",1,4,5,"1",75,22,2,"Control","0",160,"PADDY"
2018,"T300601005","2","WHEAT","Winter","8","12",30,"4",0.5,2,2,"1",80,24,2,"Control","0",30,"WHEAT"
2018,"T300601005","3","MAIZE","Winter","8","1",7,"4",0.5,5,6,"1",100,18,2,"Control","0",17.5,"MAIZE"
2018,"T300601005","33","others","Winter","8","1",3,"0",0,0,1,"1",0,0,2,"Control","0",0,"OTHER"
2018,"T302607006","1","PADDY","Monsoon","3","8",30,"2",1,4,4,"1",60,23,2,"Control","0",120,"PADDY"
2018,"T302607006","2","WHEAT","Winter","8","12",10,"2",1,2,1,"1",70,25,2,"Control","0",20,"WHEAT"
2018,"T302607006","2","WHEAT","Winter","8","12",10,"2",1,5,7,"1",100,20,2,"Control","0",50,"WHEAT"
2018,"T302607006","33","others","Winter","8","12",10,"4",0,0,20,"3",0,0,2,"Control","0",0,"OTHER"
2018,"T302609002","1","PADDY","Monsoon","3","7",90,"2",1,5,4,"1",60,24,2,"Control","0",450,"PADDY"
2018,"T302609002","3","MAIZE","Winter","8","12",90,"2",1,4,6,"1",100,17,2,"Control","0",360,"MAIZE"
2018,"T309303010","1","PADDY","Monsoon","3","8",120,"2",1,4,3,"1",80,22,2,"Control","0",480,"PADDY"
2018,"T309303010","2","WHEAT","Winter","8","12",59,"2",0.5,2,1.5,"1",90,25,2,"Control","0",59,"WHEAT"
2018,"T309303010","3","MAIZE","Winter","8","1",40,"2",1,4,9,"1",100,18,2,"Control","0",160,"MAIZE"
2018,"T309303010","47","vegetables","Winter","7","1",6,"2",1,2,15,"1",20,12,2,"Control","0",12,"POTATO"
2018,"T309303010","33","others","Winter","8","12",15,"0",0,0,40,"3",25,120,2,"Control","0",0,"OTHER"
2018,"T309303010","1","PADDY","Summer","12","3",16,"4",5,6,4,"1",100,16,2,"Control","0",480,"PADDY"
2018,"T303603009","1","PADDY","Monsoon","3","8",40,"2",1,1,3,"1",60,22,2,"Control","0",40,"PADDY"
2018,"T303603009","2","WHEAT","Winter","8","1",30,"2",1,1,1.5,"1",80,25,2,"Control","0",30,"WHEAT"
2018,"T303603009","33","others","Winter","8","12",10,"4",1,1,5,"1",100,18,2,"Control","0",10,"OTHER"
2018,"T302602008","1","PADDY","Monsoon","3","8",45,"2",1,5,4,"1",60,23,2,"Control","0",225,"PADDY"
2018,"T302602008","2","WHEAT","Winter","8","12",30,"2",1,2,1,"1",40,26,2,"Control","0",60,"WHEAT"
2018,"T302602008","33","pulses","Winter","8","12",15,NA,NA,NA,20,"3",0,0,2,"Control","0",NA,"RED LENTIL"
2018,"T309304113","1","PADDY","Monsoon","3","8",40,"2",1,4,4,"1",15,20,1,"Control","0",160,"PADDY"
2018,"T309304113","2","WHEAT","Winter","8","12",20,"2",1,2,3,"1",15,25,1,"Control","0",40,"WHEAT"
2018,"T309304113","33","pulses","Winter","8","11",20,"1",0,0,1,"1",10,90,1,"Control","0",0,"RED LENTIL"
2018,"T309304113","27","pulses","Summer","11","3",2,"1",0,0,20,"5",0,120,1,"Control","0",0,"GREEN GRAM"
2018,"T307001095","1","PADDY","Monsoon","3","8",80,"2",1,4,4,"1",20,25,1,"Control","0",320,"PADDY"
2018,"T307001095","2","WHEAT","Winter","8","11",35,"2",1,2,2,"1",20,25,1,"Control","0",70,"WHEAT"
2018,"T307001095","22","pulses","Winter","8","11",25,"0",0,0,20,"3",NA,25,1,"Control","0",0,"GRASS PEA"
2018,"T307001095","33","pulses","Winter","8","11",10,NA,0,0,30,"3",0,80,1,"Control","0",0,"RED LENTIL"
2018,"T307001095","43","oilseeds","Winter","8","11",10,NA,0,0,30,"3",0,80,1,"Control","0",0,"MUSTARD"
2018,"T307001095","27","pulses","Summer","11","3",10,"2",1,1,25,"3",40,70,1,"Control","0",10,"GREEN GRAM"
2018,"T307001095","61","SUGARCANE","Annual","11","3",9,"2",1,2,25,"4",100,5,1,"Control","0",18,"SUGARCANE"
2018,"T300901091","1","PADDY","Monsoon","3","8",90,"2",1,4,3,"1",98,20,1,"Treatment","1",360,"PADDY"
2018,"T300901091","2","WHEAT","Winter","8","12",20,"2",1,2,2,"1",90,25,1,"Treatment","1",40,"WHEAT"
2018,"T300901091","33","pulses","Winter","8","11",40,"0",0,0,20,"3",95,90,1,"Treatment","1",0,"RED LENTIL"
2018,"T300901091","8","vegetables","Winter","8","11",10,"0",0,0,1,"1",80,20,1,"Treatment","1",0,"BRINJAL"
2018,"T300901091","43","oilseeds","Winter","8","10",10,"0",0,0,30,"3",90,80,1,"Treatment","1",0,"MUSTARD"
2018,"T300901091","61","SUGARCANE","Annual","11","3",20,"2",1,2,25,"4",100,500,1,"Treatment","1",40,"SUGARCANE"
2018,"T300901091","47","vegetables","Winter","8","11",10,"2",1,2,20,"1",80,25,1,"Treatment","1",20,"POTATO"
2018,"T300901091","27","pulses","Summer","11","3",40,"2",1,1,30,"3",80,120,1,"Treatment","1",40,"GREEN GRAM"
2018,"T307808108","1","PADDY","Monsoon","3","8",140,"2",1,3,4,"1",80,20,1,"Control","0",420,"PADDY"
2018,"T307808108","2","WHEAT","Winter","8","12",60,"2",1,2,2,"1",80,25,1,"Control","0",120,"WHEAT"
2018,"T307808108","33","pulses","Winter","8","11",40,"0",0,0,20,"3",70,90,1,"Control","0",0,"RED LENTIL"
2018,"T307808108","3","MAIZE","Winter","9","11",10,"2",1,4,6,"1",100,20,1,"Control","0",40,"MAIZE"
2018,"T307808108","8","vegetables","Winter","8","12",5,"2",1,4,20,"3",80,15,1,"Control","0",20,"BRINJAL"
2018,"T307808108","44","vegetables","Winter","8","10",5,"2",1,3,50,"1",90,10,1,"Control","0",15,"CAULI"
2018,"T307808108","15","vegetables","Winter","10","3",5,"2",1,4,10,"3",80,120,1,"Control","0",20,"BELL"
2018,"T307808108","14","vegetables","Winter","10","3",5,"2",1,3,100,"5",90,20,1,"Control","0",15,"BOTTLE"
2018,"T307808108","61","SUGARCANE","Annual","11","2",20,"2",1,2,25,"4",100,50,1,"Control","0",40,"SUGARCANE"
2018,"T307808108","7","vegetables","Winter","7","11",3,"2",1,3,40,"3",80,20,1,"Control","0",9,"TOMATO"
2018,"T307808108","16","vegetables","Winter","7","10",3,"2",1,2,42,"3",80,10,1,"Control","0",6,"SPONGE"
2018,"T307808108","53","vegetables","Winter","10","2",4,"2",1,4,10,"1",80,30,1,"Control","0",16,"ONOINS"
2018,"T307808108","10","vegetables","Summer","11","3",10,"2",1,5,30,"3",90,25,1,"Control","0",50,"OKRA"
2018,"T307808108","9","vegetables","Summer","11","3",10,"2",1,3,20,"3",95,30,1,"Control","0",30,"BITTER"
2018,"T304707109","1","PADDY","Monsoon","3","8",80,"2",1,3,3,"1",60,20,1,"Control","0",240,"PADDY"
2018,"T304707109","2","WHEAT","Winter","8","12",10,"2",1,2,2,"1",70,25,1,"Control","0",20,"WHEAT"
2018,"T304707109","3","MAIZE","Winter","9","11",70,"2",1,3,25,"1",90,25,1,"Control","0",210,"MAIZE"
2018,"T304707109","27","pulses","Summer","11","3",50,"2",1,1,25,"3",10,120,1,"Control","0",50,"GREEN GRAM"
2018,"T304707109","14","vegetables","Summer","11","3",10,"2",1,3,50,"5",70,10,1,"Control","0",30,"BOTTLE"
2018,"T301906103","1","PADDY","Monsoon","3","8",40,"2",5,3,5,"1",50,20,1,"Control","0",600,"PADDY"
2018,"T301906103","2","WHEAT","Winter","8","12",7,"2",5,2,2,"1",0,25,1,"Control","0",70,"WHEAT"
2018,"T301906103","33","pulses","Winter","8","11",15,"0",0,0,1,"1",10,90,1,"Control","0",0,"RED LENTIL"
2018,"T301906103","5","others","Winter","8","11",18,"2",5,4,7,"1",100,19,1,"Control","0",360,"BARLEY"
2018,"T301906103","3","MAIZE","Summer","12","3",40,"2",5,4,7,"1",100,19,1,"Control","0",800,"MAIZE"
2018,"T301808002","1","PADDY","Monsoon","3","8",20,"2",1,6,3,"1",0,0,3,"Control","0",120,"PADDY"
2018,"T301808002","44","vegetables","Winter","6","8",5,"2",1,6,5,"1",100,40,3,"Control","0",30,"CAULI"
2018,"T301808002","45","vegetables","Winter","6","8",5,"2",1,6,6,"1",100,40,3,"Control","0",30,"CABBAGE"
2018,"T301808002","47","vegetables","Winter","6","10",7,"2",1,6,7,"1",0,0,3,"Control","0",42,"POTATO"
2018,"T301808002","11","vegetables","Winter","6","8",3,"2",1,6,5,"1",100,35,3,"Control","0",18,"CHILLIES"
2018,"T301808002","9","vegetables","Summer","9","12",3,"2",1,15,8,"1",100,60,3,"Control","0",45,"BITTER"
2018,"T301106005","1","PADDY","Monsoon","3","8",30,"2",1,4,5,"1",0,0,3,"Control","0",120,"PADDY"
2018,"T301106005","61","SUGARCANE","Annual","10","11",50,"2",1,14,45,"1",100,5,3,"Control","0",700,"SUGARCANE"
2018,"T301106005","2","WHEAT","Winter","2","12",30,"2",1,2,2,"1",50,25,3,"Control","0",60,"WHEAT"
2018,"T307408001","1","PADDY","Monsoon","3","8",10,"2",1,5,4,"1",0,0,3,"Control","0",50,"PADDY"
2018,"T307408001","2","WHEAT","Winter","8","12",5,"2",1,2,2,"1",0,0,3,"Control","0",10,"WHEAT"
2018,"T307408001","7","vegetables","Winter","8","11",1,"2",2,13,12,"1",100,20,3,"Control","0",26,"TOMATO"
2018,"T307408001","8","vegetables","Winter","8","11",1,"2",2,13,15,"1",100,20,3,"Control","0",26,"BRINJAL"
2018,"T307408001","9","vegetables","Winter","8","11",1,"2",2,13,8,"1",100,50,3,"Control","0",26,"BITTER"
2018,"T307408001","10","vegetables","Winter","8","11",1,"2",2,13,14,"1",100,35,3,"Control","0",26,"OKRA"
2018,"T307408001","11","vegetables","Winter","8","11",1,"2",2,13,2,"1",100,40,3,"Control","0",26,"CHILLIES"
2018,"T303505004","1","PADDY","Monsoon","3","8",35,"2",2,5,3,"1",0,0,3,"Control","0",350,"PADDY"
2018,"T303505004","61","SUGARCANE","Annual","9","10",15,"2",2,15,40,"1",100,5,3,"Control","0",450,"SUGARCANE"
2018,"T303505004","2","WHEAT","Winter","8","12",20,"2",2,2,2,"1",50,25,3,"Control","0",80,"WHEAT"
2018,"T303505004","44","vegetables","Winter","8","10",5,"2",2,5,6,"1",100,40,3,"Control","0",50,"CAULI"
2018,"T303505004","45","vegetables","Winter","8","11",5,"2",2,5,5,"1",100,40,3,"Control","0",50,"CABBAGE"
2018,"T303505004","47","vegetables","Winter","8","11",2,"2",2,4,5,"1",50,20,3,"Control","0",16,"POTATO"
2018,"T303505004","11","vegetables","Winter","8","10",3,"2",2,6,3,"1",100,35,3,"Control","0",36,"CHILLIES"
2018,"T303505004","9","vegetables","Summer","11","1",20,"2",2,15,6,"1",100,50,3,"Control","0",600,"BITTER"
2018,"T303505004","10","vegetables","Summer","11","12",10,"2",2,13,3,"1",100,45,3,"Control","0",260,"OKRA"
2018,"T303505004","12","vegetables","Summer","11","1",5,"2",2,17,6,"1",100,15,3,"Control","0",170,"CUCUMBER"
2018,"T302501007","1","PADDY","Monsoon","3","8",30,"2",1,6,4,"1",0,0,3,"Control","0",180,"PADDY"
2018,"T302501007","2","WHEAT","Winter","8","12",15,"2",1,2,2,"1",50,25,3,"Control","0",30,"WHEAT"
2018,"T302501007","3","MAIZE","Winter","8","5",2,"1",7,9,1,"1",100,18,3,"Control","0",126,"MAIZE"
2018,"T302501007","33","others","Winter","8","12",10,"0",0,0,6,"5",50,60,3,"Control","0",0,"OTHER"
2018,"T303906006","1","PADDY","Monsoon","3","8",10,"4",2,5,5,"1",25,20,3,"Control","0",100,"PADDY"
2018,"T303906006","2","WHEAT","Winter","8","12",8,"4",2,2,2,"1",25,25,3,"Control","0",32,"WHEAT"
2018,"T303906006","33","others","Winter","8","12",2,NA,0,0,20,"3",0,0,3,"Control","0",0,"OTHER"
2018,"T304308003","1","PADDY","Monsoon","3","7",50,"2",1,6,4,"1",75,22,3,"Control","0",300,"PADDY"
2018,"T304308003","61","SUGARCANE","Annual","7","8",30,"2",1,4,30,"1",100,5,3,"Control","0",120,"SUGARCANE"
2018,"T304308003","2","WHEAT","Winter","7","12",50,"2",1,2,2,"1",75,30,3,"Control","0",100,"WHEAT"
2018,"T305001120","1","PADDY","Monsoon","3","8",100,"2",1.5,3,2,"1",0,0,1,"Treatment","1",450,"PADDY"
2018,"T305001120","2","WHEAT","Winter","8","12",10,"2",1.5,3,1.5,"1",0,0,1,"Treatment","1",45,"WHEAT"
2018,"T305001120","33","pulses","Winter","8","12",30,"2",1,1,15,"3",0,0,1,"Treatment","1",30,"RED LENTIL"
2018,"T305001120","61","SUGARCANE","Annual","8","9",60,"2",1.5,5,20,"4",100,5,1,"Treatment","1",450,"SUGARCANE"
2018,"T304802123","1","PADDY","Monsoon","3","8",14,"2",1,5,4,"1",0,0,1,"Treatment","1",70,"PADDY"
2018,"T304802123","2","WHEAT","Winter","8","12",4,"2",1,2,2.5,"1",0,0,1,"Treatment","1",8,"WHEAT"
2018,"T304802123","8","vegetables","Winter","7","3",2,"2",1,20,3,"4",100,20,1,"Treatment","1",40,"BRINJAL"
2018,"T304802123","55","vegetables","Winter","8","1",1,"2",1,3,1,"4",100,100,1,"Treatment","1",3,"GARLIC"
2018,"T304802123","53","vegetables","Winter","10","2",1,"2",1,5,5,"4",100,20,1,"Treatment","1",5,"ONIONS"
2018,"T304802123","51","vegetables","Winter","10","12",1,"2",1,5,8,"4",100,10,1,"Treatment","1",5,"RADISH"
2018,"T304802123","14","vegetables","Winter","7","3",2,"2",1,10,1,"1",100,15,1,"Treatment","1",20,"BOTTLE"
2018,"T304802123","11","vegetables","Winter","8","11",2,"2",1,5,5,"4",100,150,1,"Treatment","1",10,"CHILIES"
2018,"T304802123","44","vegetables","Winter","8","11",2,"2",1,5,5,"4",100,15,1,"Treatment","1",10,"CAULI"
2018,"T304802123","3","MAIZE","Summer","10","3",4,"2",1,10,2,"4",100,21,1,"Treatment","1",40,"MAIZE"
2018,"T304802123","30","pulses","Summer","10","3",0.5,"2",1,5,1,"4",100,20,1,"Treatment","1",2.5,"YARD LONG"
2018,"T304802123","8","vegetables","Summer","7","3",2,"2",1,20,3,"4",80,25,1,"Treatment","1",40,"BRINJAL"
2018,"T304802123","27","pulses","Summer","7","3",5.5,"2",1,2,20,"3",0,0,1,"Treatment","1",11,"GREEN GRAM"
2018,"T304802123","14","vegetables","Summer","7","3",2,"2",1,5,150,"5",100,25,1,"Treatment","1",10,"BOTTLE"
2018,"T305001121","61","SUGARCANE","Annual","8","11",140,"2",1.5,6,20,"4",100,5,1,"Control","0",1260,"SUGARCANE"
2018,"T304706130","1","PADDY","Monsoon","3","8",46,"2",1,3,4,"1",40,20,1,"Control","0",138,"PADDY"
2018,"T304706130","8","vegetables","Monsoon","4","12",2,"2",1,12,25,"1",100,30,1,"Control","0",24,"BRINJAL"
2018,"T304706130","11","vegetables","Monsoon","2","7",2,"2",1,11,40,"3",100,150,1,"Control","0",22,"CHILIES"
2018,"T304706130","2","WHEAT","Winter","8","12",11,"2",1,2,2.5,"1",0,0,1,"Control","0",22,"WHEAT"
2018,"T304706130","33","pulses","Winter","8","11",10,"1",0,0,30,"3",0,0,1,"Control","0",0,"RED LENTIL"
2018,"T304706130","3","MAIZE","Winter","8","12",14,"2",1,4,6,"1",100,20,1,"Control","0",56,"MAIZE"
2018,"T304706130","44","vegetables","Winter","7","11",4,"2",1,4,6,"4",100,30,1,"Control","0",16,"CAULI"
2018,"T304706130","45","vegetables","Winter","7","11",4,"2",1,4,8,"1",100,30,1,"Control","0",16,"CABBAGE"
2018,"T304706130","8","vegetables","Winter","4","12",2,"2",1,4,25,"1",100,30,1,"Control","0",8,"BRINJAL"
2018,"T304706130","51","vegetables","Winter","8","11",2,"2",1,3,2,"4",100,25,1,"Control","0",6,"RADISH"
2018,"T304706130","7","vegetables","Winter","8","11",2,"2",1,3,2,"4",100,40,1,"Control","0",6,"TOMATO"
2018,"T304706130","11","vegetables","Winter","8","11",1,"2",1,4,40,"3",100,160,1,"Control","0",4,"CHILLIES"
2018,"T304706130","3","MAIZE","Summer","11","3",30,"2",1,5,6,"1",100,20,1,"Control","0",150,"MAIZE"
2018,"T304706130","12","vegetables","Summer","11","5",5,"2",1,7,3,"1",100,30,1,"Control","0",35,"CUCUMBER"
2018,"T304706130","10","vegetables","Summer","10","3",5,"2",1,7,4,"1",100,40,1,"Control","0",35,"OKRA"
2018,"T304706131","1","PADDY","Monsoon","3","8",90,"1",0,0,3,"1",30,20,1,"Control","0",0,"PADDY"
2018,"T304706131","2","WHEAT","Winter","8","12",75,"2",1.5,2,2,"1",30,25,1,"Control","0",225,"WHEAT"
2018,"T304706131","33","pulses","Winter","8","12",15,"1",0,0,15,"3",0,0,1,"Control","0",0,"RED LENTIL"
2018,"T304702127","1","PADDY","Monsoon","3","8",20,"2",1,3,4,"1",20,20,1,"Control","0",60,"PADDY"
2018,"T304702127","2","WHEAT","Winter","8","12",20,"2",1,1,2.5,"1",50,25,1,"Control","0",20,"WHEAT"
2018,"T304702127","1","PADDY","Summer","12","3",5,"2",1,4,3.5,"1",0,0,1,"Control","0",20,"PADDY"
2018,"T300406135","1","PADDY","Monsoon","3","8",100,"2",1,3,4,"1",50,20,1,"Treatment","1",300,"PADDY"
2018,"T300406135","2","WHEAT","Winter","8","12",40,"2",1,2,2.5,"1",30,25,1,"Treatment","1",80,"WHEAT"
2018,"T300406135","33","pulses","Winter","8","12",60,"1",0,0,20,"3",0,0,1,"Treatment","1",0,"RED LENTIL"
2018,"T300406135","3","MAIZE","Summer","12","3",40,"2",1,4,5,"1",100,22,1,"Treatment","1",160,"MAIZE"
2018,"T300406089","1","PADDY","Monsoon","3","7",60,"2",1,3,3.5,"1",20,20,1,"Treatment","1",180,"PADDY"
2018,"T300406089","2","WHEAT","Winter","8","11",20,"2",1,2,2,"1",20,25,1,"Treatment","1",40,"WHEAT"
2018,"T300406089","3","MAIZE","Winter","8","12",20,"2",1,3,5,"1",100,19,1,"Treatment","1",60,"MAIZE"
2018,"T300406089","44","vegetables","Winter","7","11",10,"2",1,3,10,"4",100,20,1,"Treatment","1",30,"CAULI"
2018,"T300406089","47","vegetables","Winter","7","10",5,"2",1,3,20,"1",100,15,1,"Treatment","1",15,"POTATO"
2018,"T300406089","20","pulses","Winter","7","10",5,"2",1,3,2,"4",100,20,1,"Treatment","1",15,"PEA"
2018,"T300406089","3","MAIZE","Summer","12","3",40,"2",1,5,5,"1",100,20,1,"Treatment","1",200,"MAIZE"
2018,"T300406089","10","vegetables","Summer","11","3",5,"2",1,7,7,"4",100,30,1,"Treatment","1",35,"OKRA"
2018,"T300406089","16","vegetables","Summer","11","5",5,"2",1,5,5,"4",100,25,1,"Treatment","1",25,"SPONGE"
2018,"T300406089","9","vegetables","Summer","11","3",5,"2",1,14,3,"4",100,30,1,"Treatment","1",70,"BITTER"
2018,"T300406089","11","vegetables","Summer","11","3",5,"2",1,5,5,"1",100,100,1,"Treatment","1",25,"CHILLIES"
2018,"T301503134","1","PADDY","Monsoon","3","8",5,"2",1,3,4,"2",0,0,1,"Control","0",15,"PADDY"
2018,"T301503134","2","WHEAT","Winter","8","12",5,"2",1,1,2,"1",0,0,1,"Control","0",5,"WHEAT"
2018,"T301503134","33","pulses","Summer","12","3",5,"2",1,1,10,"2",0,0,1,"Control","0",5,"RED LENTIL"
2018,"T304705090","1","PADDY","Monsoon","3","8",8,"2",1,3,4,"1",0,0,1,"Control","0",24,"PADDY"
2018,"T304705090","2","WHEAT","Winter","8","12",8,"2",1,2,2,"1",0,0,1,"Control","0",16,"WHEAT"
2018,"T305004088","1","PADDY","Monsoon","3","8",200,"2",1,4,4,"1",50,20,1,"Control","0",800,"PADDY"
2018,"T305004088","61","SUGARCANE","Monsoon","11","11",100,"2",1,1,10,"4",100,5,1,"Control","0",100,"SUGARCANE"
2018,"T305004088","2","WHEAT","Winter","8","12",40,"2",1,2,2,"1",50,25,1,"Control","0",80,"WHEAT"
2018,"T305004088","33","pulses","Winter","8","12",160,"2",1,NA,20,"3",20,80,1,"Control","0",NA,"RED LENTIL"
2018,"T305004088","61","SUGARCANE","Winter","11","11",100,"2",1,3,10,"4",100,5,1,"Control","0",300,"SUGARCANE"
2018,"T305004088","61","SUGARCANE","Summer","11","12",100,"2",1,4,10,"4",100,5,1,"Control","0",400,"SUGARCANE"
2018,"T301503081","1","PADDY","Monsoon","3","7",60,"2",1,3,2,"1",30,17,1,"Control","0",180,"PADDY"
2018,"T301503081","2","WHEAT","Winter","8","12",30,"2",1,2,1.20000004768372,"1",10,22,1,"Control","0",60,"WHEAT"
2018,"T301503081","33","pulses","Winter","8","11",20,"0",1,0,15,"3",0,0,1,"Control","0",0,"RED LENTIL"
2018,"T301503081","61","SUGARCANE","Winter","10","11",10,"2",1,3,15,"4",100,5,1,"Control","0",30,"SUGARCANE"
2018,"T303907079","1","PADDY","Monsoon","3","7",20,"1",2,4,4,"1",5,17,1,"Control","0",160,"PADDY"
2018,"T303907079","2","WHEAT","Winter","8","12",10,"2",2,2,2,"1",5,24,1,"Control","0",40,"WHEAT"
2018,"T303907079","3","MAIZE","Winter","8","11",10,"2",2,5,4,"1",70,18,1,"Control","0",100,"MAIZE"
2018,"T303907079","27","pulses","Summer","11","3",10,"2",2,1,20,"3",0,0,1,"Control","0",20,"GREEN GRAM"
2018,"T301502085","1","PADDY","Monsoon","3","8",20,"2",1,3,2,"1",0,0,1,"Control","0",60,"PADDY"
2018,"T301502085","2","WHEAT","Winter","8","12",6,"2",1,1,1,"1",0,0,1,"Control","0",6,"WHEAT"
2018,"T301502085","33","pulses","Winter","8","12",14,"0",0,0,20,"3",0,0,1,"Control","0",0,"RED LENTIL"
2018,"T301001084","1","PADDY","Monsoon","3","8",20,"2",1,4,2,"1",0,0,1,"Control","0",80,"PADDY"
2018,"T301001084","2","WHEAT","Winter","8","12",12,"1",1,1,1,"1",0,0,1,"Control","0",12,"WHEAT"
2018,"T301001084","33","pulses","Winter","8","11",8,"0",0,0,20,"3",0,0,1,"Control","0",0,"RED LENTIL"
2018,"T304807087","1","PADDY","Monsoon","3","8",80,"2",3,2,1,"5",0,20,1,"Control","0",480,"PADDY"
2018,"T304807087","2","WHEAT","Winter","8","11",40,"2",1,1,1,"1",50,25,1,"Control","0",40,"WHEAT"
2018,"T304807087","33","pulses","Winter","8","12",40,"0",0,0,20,"3",50,100,1,"Control","0",0,"RED LENTIL"
2018,"T304804086","1","PADDY","Monsoon","3","8",43,"2",1,3,2,"1",0,0,1,"Control","0",129,"PADDY"
2018,"T304804086","2","WHEAT","Winter","8","12",20,"2",1,1,1,"1",0,0,1,"Control","0",20,"WHEAT"
2018,"T304804086","33","pulses","Winter","8","12",23,"0",0,0,20,"3",0,0,1,"Control","0",0,"RED LENTIL"
2018,"T304808083","1","PADDY","Monsoon","3","8",60,"2",1,3,2.5,"1",15,17,1,"Control","0",180,"PADDY"
2018,"T304808083","2","WHEAT","Winter","8","11",30,"2",1,1,1,"1",10,25,1,"Control","0",30,"WHEAT"
2018,"T304808083","33","pulses","Winter","8","12",30,"0",0,0,20,"3",8,90,1,"Control","0",0,"RED LENTIL"
2018,"T304808082","1","PADDY","Monsoon","3","8",50,"2",1,3,2.5,"1",0,0,1,"Control","0",150,"PADDY"
2018,"T304808082","2","WHEAT","Winter","8","11",20,"2",1,1,1,"1",0,0,1,"Control","0",20,"WHEAT"
2018,"T304808082","33","pulses","Winter","8","12",30,"0",0,0,20,"3",0,0,1,"Control","0",0,"RED LENTIL"
2018,"T301503080","1","PADDY","Monsoon","3","8",76,"2",1,2,4,"1",0,0,1,"Control","0",152,"PADDY"
2018,"T301503080","2","WHEAT","Winter","8","12",20,"2",1,1,3,"1",0,0,1,"Control","0",20,"WHEAT"
2018,"T301503080","33","pulses","Winter","8","11",56,"0",0,0,20,"3",0,0,1,"Control","0",0,"RED LENTIL"
2018,"T305105014","1","PADDY","Monsoon","3","8",18,"3",2,7,4,"1",80,22,2,"Control","0",252,"PADDY"
2018,"T305105014","3","MAIZE","Winter","8","1",18,"3",2,6,9,"1",100,18,2,"Control","0",216,"MAIZE"
2018,"T309006004","1","PADDY","Monsoon","3","8",40,"2",0.5,6,3,"1",25,20,2,"Control","0",120,"PADDY"
2018,"T309006004","2","WHEAT","Winter","8","12",38,"2",0.5,2,1.5,"1",50,24,2,"Control","0",38,"WHEAT"
2018,"T309006004","33","others","Winter","8","12",2,"0",0,0,25,"3",0,0,2,"Control","0",0,"OTHER"
2018,"T309006004","47","vegetables","Winter","8","11",8,"2",1,2,16,"1",50,12,2,"Control","0",16,"POTATO"
2018,"T309006004","1","PADDY","Summer","12","3",15,"4",0.5,6,6,"2",100,18,2,"Control","0",45,"PADDY"
2018,"T305102015","1","PADDY","Monsoon","3","8",60,"4",1,7,4,"1",70,20,2,"Control","0",420,"PADDY"
2018,"T305102015","2","WHEAT","Winter","8","12",80,"4",1,2,2,"1",90,22,2,"Control","0",160,"WHEAT"
2018,"T309504024","1","PADDY","Monsoon","3","8",40,"4",1,5,4,"1",60,20,2,"Control","0",200,"PADDY"
2018,"T309504024","1","PADDY","Monsoon","3","6",60,"2",1,5,4,"1",100,18,2,"Control","0",300,"PADDY"
2018,"T309504024","2","WHEAT","Winter","8","12",40,"4",1,1,2,"1",80,24,2,"Control","0",40,"WHEAT"
2018,"T309504024","3","MAIZE","Winter","8","1",60,"2",1,6,10,"1",100,85,2,"Control","0",360,"MAIZE"
2018,"T302608050","1","PADDY","Monsoon","3","8",20,"4",1,6,4,"1",40,21,2,"Control","0",120,"PADDY"
2018,"T302608050","2","WHEAT","Winter","8","12",15,"4",1,2,2,"1",80,26,2,"Control","0",30,"WHEAT"
2018,"T302608050","3","MAIZE","Winter","8","1",5,"4",1,5,7,"1",100,18,2,"Control","0",25,"MAIZE"
2018,"T300401028","1","PADDY","Monsoon","3","8",70,"4",0.5,6,5,"1",50,21,2,"Control","0",210,"PADDY"
2018,"T300401028","2","WHEAT","Winter","8","12",60,"4",0.5,2,2,"1",90,26,2,"Control","0",60,"WHEAT"
2018,"T300401028","33","others","Winter","8","12",10,"4",0,0,20,"3",50,20,2,"Control","0",0,"OTHER"
2018,"T300401028","1","PADDY","Summer","12","3",30,"4",0.5,6,6,"1",100,18,2,"Control","0",90,"PADDY"
2018,"T305104033","1","PADDY","Monsoon","3","8",40,"4",1,3,5,"1",50,22,2,"Control","0",120,"PADDY"
2018,"T305104033","2","WHEAT","Winter","8","12",25,"4",1,2,2,"1",90,19,2,"Control","0",50,"WHEAT"
2018,"T305104033","3","MAIZE","Winter","8","1",8,"4",1,2,8,"1",100,18,2,"Control","0",16,"MAIZE"
2018,"T305104033","33","pulses","Winter","8","1",7,"0",0,0,20,"3",40,100,2,"Control","0",0,"RED LENTIL"
2018,"T305104033","1","PADDY","Summer","12","3",3,"4",1,5,5,"1",100,15,2,"Control","0",15,"PADDY"
2018,"T300607023","1","PADDY","Monsoon","3","8",50,"4",0.5,6,5,"1",60,24,2,"Control","0",150,"PADDY"
2018,"T300607023","1","PADDY","Winter","8","12",20,"4",0.5,2,2,"1",90,26,2,"Control","0",20,"PADDY"
2018,"T300607023","33","others","Winter","8","12",20,"0",0,0,20,"3",25,100,2,"Control","0",0,"OTHER"
2018,"T300607023","39","oilseeds","Winter","8","12",8,"0",0,0,5,"3",0,0,2,"Control","0",0,"MUSTARD"
2018,"T300607023","47","vegetables","Winter","8","11",2,"4",1,2,16,"1",50,13,2,"Control","0",4,"POTATO"
2018,"T300607023","1","PADDY","Summer","12","3",20,"4",0.5,5,5,"1",100,18,2,"Control","0",50,"PADDY"
2018,"T305404025","1","PADDY","Monsoon","3","6",100,"2",1,6,4,"1",70,22,2,"Control","0",600,"PADDY"
2018,"T305404025","2","WHEAT","Monsoon","8","12",45,"2",1,3,2,"1",90,25,2,"Control","0",135,"WHEAT"
2018,"T305404025","3","MAIZE","Monsoon","8","1",30,"2",1,5,7,"1",100,20,2,"Control","0",150,"MAIZE"
2018,"T305404025","33","others","Monsoon","8","12",10,"0",0,0,1,"1",70,100,2,"Control","0",0,"OTHER"
2018,"T305404025","43","oilseeds","Winter","8","11",10,"2",1,1,20,"3",0,0,2,"Control","0",10,"MUSTARD"
2018,"T305404025","47","vegetables","Winter","8","11",5,"2",1,2,5,"1",50,12,2,"Control","0",10,"POTATO"
2018,"T309904032","1","PADDY","Monsoon","3","8",3,"2",1.5,6,4,"1",0,20,2,"Control","0",27,"PADDY"
2018,"T309904032","2","WHEAT","Winter","8","12",3,"2",1.5,2,2,"1",0,24,2,"Control","0",9,"WHEAT"
2018,"T300603032","1","PADDY","Monsoon","3","8",70,"2",1,6,4,"1",30,21,2,"Control","0",420,"PADDY"
2018,"T300603032","2","WHEAT","Winter","8","12",70,"2",1,2,2,"1",90,25,2,"Control","0",140,"WHEAT"
2018,"T301911010","61","SUGARCANE","Annual","8","12",2,"1",1.14999997615814,12.5,20,"4",100,531,3,"Treatment","1",28.7499994039536,"SUGARCANE"
2018,"T306004001","1","PADDY","Monsoon","3","8",65,"1",1,2,4,"1",80,25,2,"Treatment","1",130,"PADDY"
2018,"T306004001","2","WHEAT","Winter","8","12",20,"2",1,2,2,"1",80,25,2,"Treatment","1",40,"WHEAT"
2018,"T306004001","3","MAIZE","Winter","8","2",15,"2",1,4,4,"1",100,19,2,"Treatment","1",60,"MAIZE"
2018,"T306004001","33","pulses","Winter","8","12",30,"0",0,0,35,"3",80,80,2,"Treatment","1",0,"OTHER PULSES"
2018,"T305607002","1","PADDY","Monsoon","3","8",80,"4",0.25,3,4.5,"1",70,22,2,"Treatment","1",60,"PADDY"
2018,"T305607002","2","WHEAT","Winter","8","12",50,"4",0.25,2,2,"1",70,25,2,"Treatment","1",25,"WHEAT"
2018,"T305607002","33","pulses","Winter","8","12",30,NA,0,0,22,"3",30,85,2,"Treatment","1",0,"OTHER PULSES"
2018,"T305607002","1","PADDY","Summer","2","3",80,"4",0.25,4,5,"1",100,21,2,"Treatment","1",80,"PADDY"
2018,"T300307001","1","PADDY","Monsoon","3","8",10,"2",1,2,4,"1",0,0,2,"Treatment","1",20,"PADDY"
2018,"T300307001","2","WHEAT","Winter","8","12",10,"2",1,2,2.5,"1",0,0,2,"Treatment","1",20,"WHEAT"
2018,"T300307001","1","PADDY","Summer","12","3",10,"2",1,4,5,"1",0,0,2,"Treatment","1",40,"PADDY"
2018,"T304802030","1","PADDY","Monsoon","3","8",20,"2",1,3,3,"1",0,0,1,"Treatment","1",60,"PADDY"
2018,"T304802030","2","WHEAT","Winter","8","12",10,"2",1,1,2,"1",0,0,1,"Treatment","1",10,"WHEAT"
2018,"T304802030","33","pulses","Winter","8","12",10,"0",0,0,22,"3",0,0,1,"Treatment","1",0,"OTHER PULSES"
2018,"T305519001","1","PADDY","Monsoon","3","8",40,"2",1,2,3.5,"1",50,25,3,"Treatment","1",80,"PADDY"
2018,"T305519001","2","WHEAT","Winter","8","12",10,"2",1,1,2,"1",50,27,3,"Treatment","1",10,"WHEAT"
2018,"T305519001","33","pulses","Winter","8","12",30,"0",0,0,1,"1",50,58,3,"Treatment","1",0,"OTHER PULSES"
2018,"T305519001","61","SUGARCANE","Annual","10","10",20,"2",1,3,17,"4",100,531,3,"Treatment","1",60,"SUGARCANE"
2018,"T305607004","1","PADDY","Monsoon","3","8",90,"4",0,0,4.5,"1",75,25,2,"Treatment","1",0,"PADDY"
2018,"T305607004","2","WHEAT","Winter","8","12",40,"4",0,0,2.5,"1",70,27,2,"Treatment","1",0,"WHEAT"
2018,"T305607004","33","pulses","Winter","8","12",50,"0",0,0,25,"3",70,80,2,"Treatment","1",0,"OTHER PULSES"
2018,"T305607004","1","PADDY","Summer","12","3",90,"4",0,0,5,"1",100,20,2,"Treatment","1",0,"PADDY"
2018,"T302806050","1","PADDY","Monsoon","3","8",100,"1",1,2,4,"1",90,24,1,"Treatment","1",200,"PADDY"
2018,"T302806050","2","WHEAT","Winter","8","12",40,"2",1,1,2,"1",80,27,1,"Treatment","1",40,"WHEAT"
2018,"T302806050","33","pulses","Winter","8","12",60,"2",1,0,15,"3",80,81,1,"Treatment","1",0,"OTHER PULSES"
2018,"T305607005","1","PADDY","Monsoon","3","8",100,"4",0.25,0,4,"1",70,25,2,"Treatment","1",0,"PADDY"
2018,"T305607005","2","WHEAT","Winter","8","12",50,"4",0.25,0,2,"1",70,27,2,"Treatment","1",0,"WHEAT"
2018,"T305607005","33","pulses","Winter","8","12",50,NA,0.25,0,25,"3",20,80,2,"Treatment","1",0,"OTHER PULSES"
2018,"T305607005","1","PADDY","Monsoon","12","3",60,"4",0.25,0,5,"1",100,23,2,"Treatment","1",0,"PADDY"
2018,"T308705001","1","PADDY","Monsoon","3","8",60,"1",0.25,2,4,"1",50,25,2,"Treatment","1",30,"PADDY"
2018,"T308705001","2","WHEAT","Winter","8","12",60,"4",0.25,2,2.5,"1",95,27,2,"Treatment","1",30,"WHEAT"
2018,"T305602003","1","PADDY","Monsoon","3","8",60,"4",0.25,0,5,"1",80,24,2,"Treatment","1",0,"PADDY"
2018,"T305602003","2","WHEAT","Winter","8","12",50,"4",0.25,2,2,"1",100,27,2,"Treatment","1",25,"WHEAT"
2018,"T305602003","3","MAIZE","Winter","8","2",10,"4",0.25,4,6,"1",100,22,2,"Treatment","1",10,"MAIZE"
2018,"T305602001","1","PADDY","Monsoon","3","7",100,"2",0.0199999995529652,8,5,"1",50,20,2,"Control","0",15.9999996423721,"PADDY"
2018,"T305602001","2","WHEAT","Winter","7","12",30,"2",0.330000013113022,2,2,"1",50,25,2,"Control","0",19.8000007867813,"WHEAT"
2018,"T305602001","3","MAIZE","Winter","8","12",20,"2",0.330000013113022,5,7,"1",100,19,2,"Control","0",33.0000013113022,"MAIZE"
2018,"T305602001","6","others","Winter","8","12",50,"2",0.5,2,1,"1",75,20,2,"Control","0",50,"OATS"
2018,"T305602001","1","PADDY","Summer","12","3",60,"2",0.5,15,4,"1",100,20,2,"Control","0",450,"PADDY"
2018,"T305602001","63","others","Summer","12","3",40,"2",0.5,4,1,"1",100,40,2,"Control","0",80,"GRASS"
2018,"T303007001","1","PADDY","Monsoon","3","8",80,"2",0.330000013113022,3,5,"1",60,20,2,"Treatment","1",79.2000031471252,"PADDY"
2018,"T303007001","33","pulses","Winter","7","12",80,NA,NA,NA,20,"3",60,85,2,"Treatment","1",NA,"RED LENTIL"
2018,"T300508099","1","PADDY","Monsoon","3","7",20,"2",1,3,4,"1",NA,NA,3,"Treatment","1",60,"PADDY"
2018,"T300508099","2","WHEAT","Winter","8","12",20,"2",1,2,2,"1",10,25,3,"Treatment","1",40,"WHEAT"
2018,"T308703001","1","PADDY","Monsoon","3","7",50,"2",0.330000013113022,2,5,"1",15,20,2,"Treatment","1",33.0000013113022,"PADDY"
2018,"T308703001","2","WHEAT","Winter","7","12",10,"2",0.5,2,2,"1",NA,NA,2,"Treatment","1",10,"WHEAT"
2018,"T308703001","3","MAIZE","Winter","7","12",15,"2",0.670000016689301,3,7,"1",100,19,2,"Treatment","1",30.1500007510185,"MAIZE"
2018,"T308703001","33","others","Winter","7","12",25,NA,NA,NA,1,"1",50,85,2,"Treatment","1",NA,"OTHER"
2018,"T302608032","1","PADDY","Monsoon","3","7",40,"2",0.5,4,4,"1",10,20,2,"Control","0",80,"PADDY"
2018,"T302608032","2","WHEAT","Winter","7","11",10,"2",0.5,2,2,"1",NA,NA,2,"Control","0",10,"WHEAT"
2018,"T302608032","3","MAIZE","Winter","7","12",30,"2",0.5,5,7,"1",100,19,2,"Control","0",75,"MAIZE"
2018,"T302608033","1","PADDY","Monsoon","3","7",70,"2",0.330000013113022,4,4,"1",20,20,2,"Control","0",92.4000036716461,"PADDY"
2018,"T302608033","2","WHEAT","Winter","7","12",35,"2",0.330000013113022,1,3,"1",40,25,2,"Control","0",11.5500004589558,"WHEAT"
2018,"T302608033","3","MAIZE","Winter","7","12",35,"2",0.330000013113022,5,7,"1",100,23,2,"Control","0",57.7500022947788,"MAIZE"
2018,"T302609007","1","PADDY","Monsoon","3","7",40,"2",0.5,4,4,"1",25,20,2,"Control","0",80,"PADDY"
2018,"T302609007","2","WHEAT","Winter","7","12",20,"2",0.5,2,2,"1",NA,NA,2,"Control","0",20,"WHEAT"
2018,"T302609007","33","pulses","Winter","7","12",20,NA,NA,NA,20,"3",NA,NA,2,"Control","0",NA,"RED LENTIL"
2018,"T302603034","1","PADDY","Monsoon","3","7",60,"2",0.5,3,5,"1",75,20,2,"Treatment","1",90,"PADDY"
2018,"T302603034","2","WHEAT","Winter","7","12",20,"2",0.5,2,2,"1",50,25,2,"Treatment","1",20,"WHEAT"
2018,"T302603034","33","pulses","Winter","7","12",40,NA,NA,NA,20,"3",25,80,2,"Treatment","1",NA,"RED LENTIL"
2018,"T302602009","1","PADDY","Monsoon","3","7",60,"2",0.5,3,5,"1",50,20,2,"Treatment","1",90,"PADDY"
2018,"T302602009","2","WHEAT","Winter","7","12",15,"2",0.5,1,2,"1",NA,NA,2,"Treatment","1",7.5,"WHEAT"
2018,"T302602009","3","MAIZE","Winter","7","12",15,"2",0.5,4,8,"1",100,18,2,"Treatment","1",30,"MAIZE"
2018,"T302602009","33","pulses","Winter","7","12",25,NA,NA,NA,20,"3",50,85,2,"Treatment","1",NA,"RED LENTIL"
2018,"T302602009","47","vegetables","Winter","7","11",5,"2",0.5,3,14,"1",80,15,2,"Treatment","1",7.5,"POTATO"
2018,"T300608006","1","PADDY","Monsoon","3","7",80,"2",0.5,2,4,"1",50,20,2,"Treatment","1",80,"PADDY"
2018,"T300608006","2","WHEAT","Winter","7","12",40,"2",0.5,1,2,"1",50,25,2,"Treatment","1",20,"WHEAT"
2018,"T300608006","33","pulses","Winter","7","12",40,NA,NA,NA,20,"3",25,80,2,"Treatment","1",NA,"RED LENTIL"
2018,"T301808003","1","PADDY","Monsoon","3","8",15,"2",1.29999995231628,3,4,"1",NA,NA,3,"Control","0",58.4999978542328,"PADDY"
2018,"T301808003","2","WHEAT","Winter","8","12",10,"2",1.29999995231628,2,2,"1",NA,NA,3,"Control","0",25.9999990463257,"WHEAT"
2018,"T301808003","3","MAIZE","Winter","8","12",5,"2",1.29999995231628,5,6,"1",100,19,3,"Control","0",32.4999988079071,"MAIZE"
2018,"T301805004","1","PADDY","Monsoon","3","7",80,"2",1,3,4,"1",20,20,3,"Control","0",240,"PADDY"
2018,"T301805004","2","WHEAT","Winter","8","12",60,"2",1,2,2,"1",50,25,3,"Control","0",120,"WHEAT"
2018,"T301805004","33","others","Winter","8","11",20,NA,NA,NA,20,"3",NA,NA,3,"Control","0",NA,"OTHER"
2018,"T309306011","1","PADDY","Monsoon","3","7",240,"2",0.5,4,4,"1",50,20,2,"Control","0",480,"PADDY"
2018,"T309306011","3","MAIZE","Winter","7","12",80,"2",0.5,5,7,"1",100,19,2,"Control","0",200,"MAIZE"
2018,"T309306011","2","WHEAT","Monsoon","7","12",80,"2",0.5,1,2,"1",50,25,2,"Control","0",40,"WHEAT"
2018,"T309306011","33","pulses","Winter","7","12",80,NA,NA,NA,20,"3",25,85,2,"Control","0",NA,"RED LENTIL"
2018,"T309306012","1","PADDY","Monsoon","3","7",100,"1",0.5,4,4,"1",50,20,2,"Treatment","1",200,"PADDY"
2018,"T309306012","2","WHEAT","Winter","7","12",40,"2",0.5,2,2,"1",50,25,2,"Treatment","1",40,"WHEAT"
2018,"T309306012","3","MAIZE","Winter","7","12",20,"2",0.5,5,7,"1",100,18,2,"Treatment","1",50,"MAIZE"
2018,"T309306012","33","pulses","Winter","7","12",40,NA,NA,NA,20,"3",25,80,2,"Treatment","1",NA,"RED LENTIL"
2018,"T300608033","1","PADDY","Monsoon","3","7",40,"2",0.5,3,4,"1",10,20,2,"Treatment","1",60,"PADDY"
2018,"T300608033","2","WHEAT","Winter","7","12",10,"2",0.5,1,2,"1",NA,NA,2,"Treatment","1",5,"WHEAT"
2018,"T300608033","33","pulses","Winter","7","12",30,NA,NA,NA,20,"3",NA,NA,2,"Treatment","1",NA,"RED LENTIL"
2018,"T303608010","1","PADDY","Monsoon","3","7",50,"2",0.5,3,4,"1",20,20,2,"Control","0",75,"PADDY"
2018,"T303608010","2","WHEAT","Winter","7","12",10,"2",0.5,1,2,"1",NA,NA,2,"Control","0",5,"WHEAT"
2018,"T303608010","3","MAIZE","Winter","7","12",20,"2",0.5,5,7,"1",100,19,2,"Control","0",50,"MAIZE"
2018,"T303608010","33","pulses","Winter","7","12",20,NA,NA,NA,20,"3",10,80,2,"Control","0",NA,"RED LENTIL"
2018,"T305404026","1","PADDY","Monsoon","3","7",120,"2",0.5,2,4,"1",60,20,2,"Control","0",120,"PADDY"
2018,"T305404026","2","WHEAT","Winter","8","12",30,"2",0.5,2,2,"1",40,25,2,"Control","0",30,"WHEAT"
2018,"T305404026","33","pulses","Winter","8","12",90,NA,NA,NA,20,"3",50,85,2,"Control","0",NA,"RED LENTIL"
2018,"T300901112","1","PADDY","Monsoon","3","8",120,"2",1,2,2,"1",90,20,2,"Control","0",240,"PADDY"
2018,"T300901112","2","WHEAT","Winter","9","12",100,"2",1,2,1,"1",90,30,2,"Control","0",200,"WHEAT"
2018,"T300901112","3","MAIZE","Winter","10","12",10,"2",1,4,2,"1",95,25,2,"Control","0",40,"MAIZE"
2018,"T300901112","33","pulses","Winter","10","11",5,"1",0,0,20,"3",50,50,2,"Control","0",0,"RED LENTIL"
2018,"T300901112","47","vegetables","Winter","1","12",3,"1",0,0,25,"1",20,20,2,"Control","0",0,"POTATO"
2018,"T300901112","14","vegetables","Winter","8","12",3,"1",0,0,50,"5",90,5,2,"Control","0",0,"BOTTLE"
2018,"T300901112","61","SUGARCANE","Annual","11","2",20,"1",0,0,20,"4",100,53,2,"Control","0",0,"SUGARCANE"
2018,"T300901113","1","PADDY","Monsoon","3","8",60,"2",1,2,2,"1",85,20,2,"Treatment","1",120,"PADDY"
2018,"T300901113","2","WHEAT","Winter","9","12",60,"2",1,1,1,"1",80,30,2,"Treatment","1",60,"WHEAT"
2018,"T300901113","61","SUGARCANE","Annual","10","2",20,"1",1,1,25,"4",100,531,2,"Treatment","1",20,"SUGARCANE"
2019,"T306004001","1","PADDY","Monsoon","3","8",20,"2",1,4,4,"1",0,0,2,"Treatment","1",80,"PADDY"
2019,"T306004001","2","WHEAT","Winter","8","12",20,"2",1,1,1,"1",0,0,2,"Treatment","1",20,"WHEAT"
2019,"T306004001","1","PADDY","Summer","12","0",10,"2",1,3,4,"1",0,0,2,"Treatment","1",30,"PADDY"
2019,"T300608033","1","PADDY","Monsoon","3","8",30,"4",1,4,4,"1",0,0,2,"Treatment","1",120,"PADDY"
2019,"T300608033","2","WHEAT","Winter","8","12",30,"4",1,2,2.5,"1",0,0,2,"Treatment","1",60,"WHEAT"
2019,"T302806050","1","PADDY","Monsoon","3","8",80,"2",1,5,4,"1",75,27,1,"Treatment","1",400,"PADDY"
2019,"T302806050","2","WHEAT","Winter","8","12",80,"2",1,1,1,"1",50,25,1,"Treatment","1",80,"WHEAT"
2019,"T309306012","1","PADDY","Monsoon","3","8",25,"4",1,4,4,"1",25,24,2,"Treatment","1",100,"PADDY"
2019,"T309306012","2","WHEAT","Winter","8","12",15,"2",1,1,1,"1",0,0,2,"Treatment","1",15,"WHEAT"
2019,"T309306012","33","pulses","Winter","8","12",10,"0",0,0,20,"3",0,0,2,"Treatment","1",0,"OTHER PULSES"
2019,"T300508099","1","PADDY","Monsoon","3","7",20,"2",1,5,4,"1",0,0,3,"Treatment","1",100,"PADDY"
2019,"T300508099","2","WHEAT","Winter","7","12",20,"2",1,2,3,"1",0,0,3,"Treatment","1",40,"WHEAT"
2019,"T300508099","27","pulses","Summer","12","0",20,"0",0,0,0,"0",0,0,3,"Treatment","1",0,"GREEN GRAM"
2019,"T305602003","1","PADDY","Monsoon","3","8",80,"2",1,4,4,"1",0,0,2,"Treatment","1",320,"PADDY"
2019,"T305602003","2","WHEAT","Winter","8","12",60,"2",1,2,2.5,"1",0,0,2,"Treatment","1",120,"WHEAT"
2019,"T305602003","33","RED LENTILS","Winter","8","12",20,"0",0,0,20,"3",0,0,2,"Treatment","1",0,"RED LENTILS"
2019,"T305602003","1","PADDY","Summer","12","3",80,"2",1,4,4,"1",0,0,2,"Treatment","1",320,"PADDY"
2019,"T300406135","1","PADDY","Monsoon","3","8",100,"4",1,4,5,"1",25,23,1,"Treatment","1",400,"PADDY"
2019,"T300406135","2","WHEAT","Winter","8","12",50,"2",1,1,2,"1",20,27,1,"Treatment","1",50,"WHEAT"
2019,"T300406135","33","pulses","Winter","8","12",50,"0",0,0,25,"3",20,50,1,"Treatment","1",0,"OTHER PULSES"
2019,"T305607002","1","PADDY","Monsoon","3","8",120,"2",1,4,4,"1",50,26,2,"Treatment","1",480,"PADDY"
2019,"T305607002","2","WHEAT","Winter","8","12",100,"2",1,2,2,"1",50,28,2,"Treatment","1",200,"WHEAT"
2019,"T305607002","33","RED LENTILS","Winter","8","12",20,"0",0,0,20,"3",0,0,2,"Treatment","1",0,"RED LENTILS"
2019,"T305607002","1","PADDY","Summer","12","3",120,"2",1,4,0,"0",0,0,2,"Treatment","1",480,"PADDY"
2019,"T304802030","1","PADDY","Monsoon","3","8",9,"2",1,4,4,"1",0,0,1,"Treatment","1",36,"PADDY"
2019,"T304802030","2","WHEAT","Winter","8","12",9,"2",1,2,2.5,"1",0,0,1,"Treatment","1",18,"WHEAT"
2019,"T304802030","27","pulses","Summer","1","3",9,"0",0,0,30,"3",0,0,1,"Treatment","1",0,"GREEN GRAM"
2019,"T305519001","1","PADDY","Monsoon","3","7",14,"4",1.5,5,4,"1",0,0,3,"Treatment","1",105,"PADDY"
2019,"T305519001","2","WHEAT","Winter","7","12",10,"4",1.5,3,3,"1",0,0,3,"Treatment","1",45,"WHEAT"
2019,"T305519001","33","RED LENTILS","Winter","7","11",4,"0",0,0,40,"3",0,0,3,"Treatment","1",0,"RED LENTILS"
2019,"T305519001","27","pulses","Summer","12","0",14,"0",0,0,0,"0",0,0,3,"Treatment","1",0,"GREEN GRAM"
2019,"T300307001","1","PADDY","Monsoon","3","8",10,"2",1,4,4,"1",0,0,2,"Treatment","1",40,"PADDY"
2019,"T300307001","2","WHEAT","Winter","8","12",10,"2",1,2,2.5,"1",0,0,2,"Treatment","1",20,"WHEAT"
2019,"T302602009","1","PADDY","Monsoon","3","7",80,"3",1.5,6,4,"1",40,27,2,"Treatment","1",720,"PADDY"
2019,"T302602009","2","WHEAT","Winter","7","12",40,"3",1.5,2,3,"1",50,28,2,"Treatment","1",120,"WHEAT"
2019,"T302602009","3","MAIZE","Winter","7","11",20,"2",1,5,10,"1",100,35,2,"Treatment","1",100,"MAIZE"
2019,"T302602009","33","pulses","Winter","7","11",20,"0",0,0,40,"3",0,0,2,"Treatment","1",0,"OTHER PULSES"
2019,"T302602009","1","PADDY","Summer","11","0",20,"2",0,1,0,"0",0,0,2,"Treatment","1",0,"PADDY"
2019,"T304802122","1","PADDY","Monsoon","3","8",25,"2",1,3,4,"1",0,0,1,"Treatment","1",75,"PADDY"
2019,"T304802122","2","WHEAT","Winter","8","12",10,"2",1,1,2,"1",0,0,1,"Treatment","1",10,"WHEAT"
2019,"T304802122","33","pulses","Winter","8","12",5,"2",1,0,20,"3",0,0,1,"Treatment","1",0,"OTHER PULSES"
2019,"T304802122","37","vegetables","Winter","8","3",10,"2",1,15,0,"0",100,25,1,"Treatment","1",150,"GREEN LEAFY VEGETABLE"
2019,"T308705001","1","PADDY","Monsoon","3","8",160,"4",1,4,5,"1",75,25,2,"Treatment","1",640,"PADDY"
2019,"T308705001","2","WHEAT","Winter","8","12",100,"2",1,1,2,"1",50,27,2,"Treatment","1",100,"WHEAT"
2019,"T308705001","33","pulses","Winter","8","12",60,"0",0,0,20,"3",25,80,2,"Treatment","1",0,"OTHER PULSES"
2019,"T305001120","1","PADDY","Monsoon","3","8",100,"4",1,4,5,"1",50,25,1,"Treatment","1",400,"PADDY"
2019,"T305001120","2","WHEAT","Winter","8","12",50,"2",1,1,1.5,"1",25,24,1,"Treatment","1",50,"WHEAT"
2019,"T305001120","33","pulses","Winter","8","12",50,"0",0,0,25,"3",20,70,1,"Treatment","1",0,"OTHER PULSES"
2019,"T305001120","61","SUGARCANE","Annual","10","0",140,"2",0,0,0,"0",0,0,1,"Treatment","1",0,"SUGARCANE"
2019,"T305607005","1","PADDY","Monsoon","3","8",240,"2",1,4,5,"1",50,26,2,"Treatment","1",960,"PADDY"
2019,"T305607005","2","WHEAT","Winter","8","12",200,"2",1,1,2,"1",45,28,2,"Treatment","1",200,"WHEAT"
2019,"T305607005","33","pulses","Winter","8","12",40,"0",0,0,25,"3",0,0,2,"Treatment","1",0,"OTHER PULSES"
2019,"T305607005","1","PADDY","Summer","1","0",40,"0",0,0,4,"1",50,60,2,"Treatment","1",0,"PADDY"
2019,"T300608006","1","PADDY","Monsoon","3","8",180,"2",1,4,4,"1",75,26,2,"Treatment","1",720,"PADDY"
2019,"T300608006","2","WHEAT","Winter","8","12",160,"2",1,2,2,"1",75,28,2,"Treatment","1",320,"WHEAT"
2019,"T300608006","33","RED LENTILS","Winter","8","12",20,"0",0,0,20,"3",25,100,2,"Treatment","1",0,"RED LENTILS"
2019,"T308703001","1","PADDY","Monsoon","3","8",51,"2",1,4,4,"1",0,0,2,"Treatment","1",204,"PADDY"
2019,"T308703001","2","WHEAT","Winter","8","12",25,"2",1,2,2.5,"1",0,0,2,"Treatment","1",50,"WHEAT"
2019,"T308703001","33","RED LENTILS","Winter","8","12",26,"0",0,0,20,"3",0,0,2,"Treatment","1",0,"RED LENTILS"
2019,"T308703001","1","PADDY","Summer","12","3",8,"2",1,3,0,"0",0,0,2,"Treatment","1",24,"PADDY"
2019,"T305607004","1","PADDY","Monsoon","3","8",100,"4",1,4,4,"1",75,27,2,"Treatment","1",400,"PADDY"
2019,"T305607004","2","WHEAT","Winter","8","12",50,"2",1,1,1,"1",50,26,2,"Treatment","1",50,"WHEAT"
2019,"T305607004","33","pulses","Winter","8","12",50,"0",0,0,20,"3",20,100,2,"Treatment","1",0,"OTHER PULSES"
2019,"T305607004","1","PADDY","Summer","12","0",0,"0",0,0,0,"0",0,0,2,"Treatment","1",0,"PADDY"
2019,"T304802123","1","PADDY","Monsoon","3","8",25,"2",1,4,4,"1",0,0,1,"Treatment","1",100,"PADDY"
2019,"T304802123","2","WHEAT","Winter","8","12",20,"2",1,2,2.5,"1",0,0,1,"Treatment","1",40,"WHEAT"
2019,"T304802123","33","RED LENTILS","Winter","8","12",5,"0",0,0,20,"3",0,0,1,"Treatment","1",0,"RED LENTILS"
2019,"T304905099","1","PADDY","Monsoon","3","8",40,"4",1,4,4,"1",0,0,1,"Control","0",160,"PADDY"
2019,"T304905099","2","WHEAT","Winter","8","12",40,"2",1,1,1.5,"1",0,0,1,"Control","0",40,"WHEAT"
2019,"T304905099","27","pulses","Summer","1","0",12,"0",0,0,0,"0",0,0,1,"Control","0",0,"GREEN GRAM"
2019,"T302608031","1","PADDY","Monsoon","3","8",55,"4",1,4,4,"1",75,22,2,"Control","0",220,"PADDY"
2019,"T302608031","2","WHEAT","Winter","8","12",55,"4",1,1,2,"1",75,25,2,"Control","0",55,"WHEAT"
2019,"T304901100","1","PADDY","Monsoon","3","8",6,"4",1,5,4,"1",0,0,1,"Control","0",30,"PADDY"
2019,"T304901100","2","WHEAT","Winter","8","12",6,"2",1,1,2,"1",0,0,1,"Control","0",6,"WHEAT"
2019,"T307408001","1","PADDY","Monsoon","3","7",30,"4",1,6,4,"1",0,0,3,"Control","0",180,"PADDY"
2019,"T307408001","2","WHEAT","Winter","7","12",30,"4",1,1,2.5,"1",0,0,3,"Control","0",30,"WHEAT"
2019,"T301503134","1","PADDY","Monsoon","3","7",10,"2",1,5,4,"1",0,0,1,"Control","0",50,"PADDY"
2019,"T301503134","2","WHEAT","Winter","7","12",10,"2",1,2,2.5,"1",0,0,1,"Control","0",20,"WHEAT"
2019,"T301503134","27","pulses","Summer","12","0",10,"0",0,0,0,"0",0,0,1,"Control","0",0,"GREEN GRAM"
2019,"T309504024","1","PADDY","Monsoon","3","7",30,"3",1,6,4,"1",0,0,2,"Control","0",180,"PADDY"
2019,"T309504024","2","WHEAT","Winter","7","12",15,"3",1,2,3,"1",0,0,2,"Control","0",30,"WHEAT"
2019,"T309504024","33","RED LENTILS","Winter","7","11",15,"1",1,0,40,"3",0,0,2,"Control","0",0,"RED LENTILS"
2019,"T304308003","1","PADDY","Monsoon","3","7",20,"2",1.5,5,4,"1",0,0,3,"Control","0",150,"PADDY"
2019,"T304308003","2","WHEAT","Winter","7","11",20,"2",1.5,2,2.5,"1",0,0,3,"Control","0",60,"WHEAT"
2019,"T304308003","61","SUGARCANE","Annual","11","0",40,"2",1.5,15,0,"0",0,0,3,"Control","0",900,"SUGARCANE"
2019,"T301503081","1","PADDY","Monsoon","3","6",80,"4",1,5,4,"1",50,24,1,"Control","0",400,"PADDY"
2019,"T301503081","2","WHEAT","Winter","6","11",40,"4",1,2,2.5,"1",60,26,1,"Control","0",80,"WHEAT"
2019,"T301503081","33","RED LENTILS","Winter","6","10",40,"1",0,0,25,"3",0,0,1,"Control","0",0,"RED LENTILS"
2019,"T301503081","61","SUGARCANE","Summer","11","0",40,"4",1,0,0,"0",0,0,1,"Control","0",0,"SUGARCANE"
2019,"T302608029","1","PADDY","Monsoon","3","8",40,"4",1,6,4,"1",25,25,2,"Control","0",240,"PADDY"
2019,"T302608029","2","WHEAT","Winter","8","12",30,"4",1,2,2,"1",0,0,2,"Control","0",60,"WHEAT"
2019,"T302608029","33","RED LENTILS","Winter","8","12",10,"0",0,0,25,"3",0,0,2,"Control","0",0,"RED LENTILS"
2019,"T302608029","1","PADDY","Summer","12","3",40,"4",1,7,4,"1",0,0,2,"Control","0",280,"PADDY"
2019,"T309009013","1","PADDY","Monsoon","3","7",40,"3",1.5,5,4,"1",0,0,2,"Control","0",300,"PADDY"
2019,"T309009013","2","WHEAT","Winter","7","12",22,"3",1.5,2,2.5,"1",0,0,2,"Control","0",66,"WHEAT"
2019,"T309009013","33","RED LENTILS","Winter","7","12",18,"1",0,0,25,"3",0,0,2,"Control","0",0,"RED LENTILS"
2019,"T309009013","1","PADDY","Summer","12","0",22,"3",1.5,7,0,"0",0,0,2,"Control","0",231,"PADDY"
2019,"T302608003","1","PADDY","Monsoon","3","7",100,"3",1.5,6,3.5,"1",40,24,2,"Control","0",900,"PADDY"
2019,"T302608003","2","WHEAT","Winter","7","11",100,"3",2,2,2.5,"1",50,27,2,"Control","0",400,"WHEAT"
2019,"T302607029","1","PADDY","Monsoon","3","7",50,"3",1,5,4,"1",20,26,2,"Control","0",250,"PADDY"
2019,"T302607029","2","WHEAT","Winter","7","12",20,"3",1,2,2.5,"1",20,25,2,"Control","0",40,"WHEAT"
2019,"T302607029","3","MAIZE","Winter","7","12",30,"3",1,4,9,"1",100,36,2,"Control","0",120,"MAIZE"
2019,"T302607029","1","PADDY","Summer","12","0",20,"3",1,6,0,"0",0,0,2,"Control","0",120,"PADDY"
2019,"T306708132","1","PADDY","Monsoon","3","7",40,"4",1.5,5,4,"1",0,0,1,"Control","0",300,"PADDY"
2019,"T306708132","2","WHEAT","Winter","7","12",20,"2",1.5,2,3,"1",10,26,1,"Control","0",60,"WHEAT"
2019,"T306708132","27","pulses","Summer","12","0",10,"0",0,0,0,"0",0,0,1,"Control","0",0,"GREEN GRAM"
2019,"T309303010","1","PADDY","Monsoon","3","7",35,"3",1,4,4,"1",0,0,2,"Control","0",140,"PADDY"
2019,"T309303010","2","WHEAT","Winter","7","12",35,"3",1,1,3,"1",20,24,2,"Control","0",35,"WHEAT"
2019,"T309303010","27","pulses","Summer","12","0",15,"3",0,0,0,"0",0,0,2,"Control","0",0,"GREEN GRAM"
2019,"T303806078","1","PADDY","Monsoon","3","7",30,"3",1.5,4,3.5,"1",0,0,1,"Control","0",180,"PADDY"
2019,"T303806078","2","WHEAT","Winter","7","12",15,"3",1.5,1,2.5,"1",0,0,1,"Control","0",22.5,"WHEAT"
2019,"T303807077","1","PADDY","Monsoon","3","7",18,"3",0.5,5,3.5,"1",0,0,1,"Control","0",45,"PADDY"
2019,"T303807077","2","WHEAT","Winter","7","12",18,"3",0.5,1,2.5,"1",0,0,1,"Control","0",9,"WHEAT"
2019,"T302607006","1","PADDY","Monsoon","3","7",45,"3",1,4,3.5,"1",30,26,2,"Control","0",180,"PADDY"
2019,"T302607006","2","WHEAT","Winter","7","12",15,"3",1,1,2.5,"1",0,0,2,"Control","0",15,"WHEAT"
2019,"T302607006","3","MAIZE","Winter","8","1",30,"2",1,4,10,"1",100,35,2,"Control","0",120,"MAIZE"
2019,"T305104033","1","PADDY","Monsoon","3","7",25,"2",1,5,4,"1",0,0,2,"Control","0",125,"PADDY"
2019,"T305104033","2","WHEAT","Winter","8","12",25,"2",1,2,2.5,"1",0,0,2,"Control","0",50,"WHEAT"
2019,"T302608032","1","PADDY","Monsoon","3","7",60,"3",1,5,4,"1",50,27,2,"Control","0",300,"PADDY"
2019,"T302608032","2","WHEAT","Winter","7","12",40,"3",1,2,2.5,"1",60,26,2,"Control","0",80,"WHEAT"
2019,"T302608032","3","MAIZE","Winter","7","1",20,"2",1,4,7.5,"1",99,34,2,"Control","0",80,"MAIZE"
2019,"T300603032","1","PADDY","Monsoon","3","7",30,"3",1.5,6,4.5,"1",0,0,2,"Control","0",270,"PADDY"
2019,"T300603032","2","WHEAT","Winter","7","12",20,"3",1.5,2,3,"1",0,0,2,"Control","0",60,"WHEAT"
2019,"T300603032","22","pulses","Winter","7","11",10,"3",1.5,1,30,"3",50,45,2,"Control","0",15,"GRASS PEA"
2019,"T302608026","1","PADDY","Monsoon","3","7",45,"3",1.5,6,4,"1",20,23,2,"Control","0",405,"PADDY"
2019,"T302608026","2","WHEAT","Winter","7","11",10,"3",1.5,2,3,"1",0,0,2,"Control","0",30,"WHEAT"
2019,"T302608026","3","MAIZE","Winter","7","12",15,"3",1.5,4,8,"1",90,34,2,"Control","0",90,"MAIZE"
2019,"T302608026","33","RED LENTILS","Winter","7","11",20,"0",0,0,25,"3",0,0,2,"Control","0",0,"RED LENTILS"
2019,"T302608026","1","PADDY","Summer","11","0",10,"3",1.5,0,0,"0",0,0,2,"Control","0",0,"PADDY"
2019,"T303505004","1","PADDY","Monsoon","3","7",60,"3",1,4,3.5,"1",40,24,3,"Control","0",240,"PADDY"
2019,"T303505004","2","WHEAT","Winter","7","12",60,"3",1,2,2.5,"1",50,26,3,"Control","0",120,"WHEAT"
2019,"T303505004","27","pulses","Summer","12","0",20,"3",0,0,0,"0",0,0,3,"Control","0",0,"GREEN GRAM"
2019,"T304804086","1","PADDY","Monsoon","3","8",30,"4",1,4,4,"1",0,0,1,"Control","0",120,"PADDY"
2019,"T304804086","2","WHEAT","Winter","8","12",20,"4",1,2,2,"1",50,28,1,"Control","0",40,"WHEAT"
2019,"T304804086","33","RED LENTILS","Winter","8","12",10,"0",0,0,15,"3",0,0,1,"Control","0",0,"RED LENTILS"
2019,"T301503071","1","PADDY","Monsoon","3","8",30,"2",1,4,4,"1",0,0,1,"Control","0",120,"PADDY"
2019,"T301503071","2","WHEAT","Winter","8","12",30,"2",1,2,2,"1",0,0,1,"Control","0",60,"WHEAT"
2019,"T301503071","61","SUGARCANE","Annual","11","10",40,"2",1,4,15,"4",100,531,1,"Control","0",160,"SUGARCANE"
2019,"T304808083","1","PADDY","Monsoon","3","8",28,"2",1,4,4,"1",0,0,1,"Control","0",112,"PADDY"
2019,"T304808083","2","WHEAT","Winter","8","12",28,"2",1,2,2,"1",0,0,1,"Control","0",56,"WHEAT"
2019,"T300409001","1","PADDY","Monsoon","3","8",35,"4",1,4,4,"1",25,22,2,"Control","0",140,"PADDY"
2019,"T300409001","2","WHEAT","Winter","8","12",20,"4",1,1,2,"1",0,0,2,"Control","0",20,"WHEAT"
2019,"T300409001","33","pulses","Winter","8","12",15,"0",0,0,20,"3",0,0,2,"Control","0",0,"OTHER PULSES"
2019,"T300409001","1","PADDY","Summer","1","0",10,"4",1,4,4,"1",0,0,2,"Control","0",40,"PADDY"
2019,"T304705090","1","PADDY","Monsoon","3","7",100,"3",1.5,5,4,"1",50,26,1,"Control","0",750,"PADDY"
2019,"T304705090","2","WHEAT","Winter","7","12",40,"2",1,3,3,"1",50,27,1,"Control","0",120,"WHEAT"
2019,"T304705090","3","MAIZE","Winter","7","12",20,"2",1,5,9,"1",0,0,1,"Control","0",100,"MAIZE"
2019,"T304705090","33","RED LENTILS","Winter","7","11",25,"0",0,0,40,"3",0,0,1,"Control","0",0,"RED LENTILS"
2019,"T304705090","22","pulses","Winter","7","11",15,"0",0,0,30,"3",80,45,1,"Control","0",0,"GRASS PEA"
2019,"T304705090","1","PADDY","Summer","11","0",20,"2",1,0,0,"0",0,0,1,"Control","0",0,"PADDY"
2019,"T304705090","27","pulses","Summer","11","0",10,"0",0,0,0,"0",0,0,1,"Control","0",0,"GREEN GRAM"
2019,"T300607023","1","PADDY","Monsoon","3","8",40,"4",1,4,4,"1",50,25,2,"Control","0",160,"PADDY"
2019,"T300607023","2","WHEAT","Winter","8","12",40,"4",1,1,1.5,"1",25,27,2,"Control","0",40,"WHEAT"
2019,"T300601005","1","PADDY","Monsoon","3","8",40,"3",1,5,4,"1",75,22,2,"Control","0",200,"PADDY"
2019,"T300601005","2","WHEAT","Winter","8","12",30,"3",1,1,1,"1",50,25,2,"Control","0",30,"WHEAT"
2019,"T300601005","33","pulses","Winter","8","12",10,"0",0,0,20,"3",0,0,2,"Control","0",0,"OTHER PULSES"
2019,"T300601005","1","PADDY","Summer","1","0",8,"3",1,6,0,"0",0,0,2,"Control","0",48,"PADDY"
2019,"T307001095","1","PADDY","Monsoon","3","8",80,"4",1,4,5,"1",25,23,1,"Control","0",320,"PADDY"
2019,"T307001095","2","WHEAT","Winter","8","12",60,"2",1,1,2,"1",0,0,1,"Control","0",60,"WHEAT"
2019,"T307001095","33","pulses","Winter","8","12",20,"0",0,0,1,"1",0,0,1,"Control","0",0,"OTHER PULSES"
2019,"T300401028","1","PADDY","Monsoon","3","8",60,"3",1,5,4,"1",50,23,2,"Control","0",300,"PADDY"
2019,"T300401028","2","WHEAT","Winter","8","12",50,"3",1,2,2,"1",50,27,2,"Control","0",100,"WHEAT"
2019,"T300401028","33","RED LENTILS","Winter","8","12",10,"0",0,0,20,"3",0,0,2,"Control","0",0,"RED LENTILS"
2019,"T300401028","1","PADDY","Summer","12","3",20,"4",1,6,3,"1",100,22,2,"Control","0",120,"PADDY"
2019,"T305602001","1","PADDY","Monsoon","3","8",270,"4",1,5,4,"1",75,25,2,"Control","0",1350,"PADDY"
2019,"T305602001","2","WHEAT","Winter","8","12",270,"2",1,1,2,"1",75,24,2,"Control","0",270,"WHEAT"
2019,"T303603009","1","PADDY","Monsoon","3","8",40,"4",1,5,4,"1",50,23,2,"Control","0",200,"PADDY"
2019,"T303603009","2","WHEAT","Winter","8","12",40,"4",1,1,1,"1",50,22,2,"Control","0",40,"WHEAT"
2019,"T302606024","1","PADDY","Monsoon","3","8",20,"3",1,6,4,"1",0,0,2,"Control","0",120,"PADDY"
2019,"T302606024","2","WHEAT","Winter","8","12",20,"3",1,2,2,"1",0,0,2,"Control","0",40,"WHEAT"
2019,"T302606024","3","MAIZE","Summer","12","3",10,"3",1,7,4,"1",100,22,2,"Control","0",70,"MAIZE"
2019,"T301502070","1","PADDY","Monsoon","3","8",10,"4",1,5,4,"1",0,0,1,"Control","0",50,"PADDY"
2019,"T301502070","2","WHEAT","Winter","8","12",5,"2",1,2,3,"1",0,0,1,"Control","0",10,"WHEAT"
2019,"T301502070","33","RED LENTILS","Winter","8","12",5,"0",0,0,6,"2",0,0,1,"Control","0",0,"RED LENTILS"
2019,"T301502070","33","pulses","Summer","12","3",10,"2",1,1,0,"0",0,0,1,"Control","0",10,"OTHER PULSES"
2019,"T302609007","1","PADDY","Monsoon","3","8",40,"4",1,4,4,"1",40,25,2,"Control","0",160,"PADDY"
2019,"T302609007","2","WHEAT","Winter","8","12",40,"2",1,1,1,"1",50,23,2,"Control","0",40,"WHEAT"
2019,"T305404026","1","PADDY","Monsoon","3","8",100,"4",1,6,4,"1",50,25,2,"Control","0",600,"PADDY"
2019,"T305404026","2","WHEAT","Winter","8","1",50,"4",1,3,2,"1",25,25,2,"Control","0",150,"WHEAT"
2019,"T305404026","33","RED LENTILS","Winter","8","12",50,"0",0,0,1,"1",25,50,2,"Control","0",0,"RED LENTILS"
2019,"T305404026","1","PADDY","Summer","12","3",50,"4",1,6,3,"1",0,0,2,"Control","0",300,"PADDY"
2019,"T302608033","1","PADDY","Monsoon","3","8",80,"2",1,5,4,"1",50,25,2,"Control","0",400,"PADDY"
2019,"T302608033","2","WHEAT","Winter","8","12",80,"2",1,1,1,"1",50,27,2,"Control","0",80,"WHEAT"
2019,"T302608033","1","PADDY","Summer","12","3",30,"2",1,6,4,"1",0,0,2,"Control","0",180,"PADDY"
2019,"T304706131","1","PADDY","Monsoon","3","8",25,"2",1,5,3,"1",0,0,1,"Control","0",125,"PADDY"
2019,"T302606012","1","PADDY","Monsoon","3","8",40,"4",1,4,5,"1",25,25,2,"Control","0",160,"PADDY"
2019,"T302606012","2","WHEAT","Winter","8","12",20,"4",1,1,2,"1",0,0,2,"Control","0",20,"WHEAT"
2019,"T302606012","33","pulses","Winter","8","12",20,"0",0,0,25,"3",0,0,2,"Control","0",0,"OTHER PULSES"
2019,"T302606012","27","pulses","Summer","1","0",10,"0",0,0,20,"3",10,50,2,"Control","0",0,"GREEN GRAM"
2019,"T304707109","1","PADDY","Monsoon","3","7",60,"4",1,5,2,"1",50,20,1,"Control","0",300,"PADDY"
2019,"T304707109","2","WHEAT","Winter","8","12",60,"4",1,1,15,"3",20,25,1,"Control","0",60,"WHEAT"
2019,"T304705128","1","PADDY","Monsoon","3","8",20,"4",1,4,4,"1",0,0,1,"Control","0",80,"PADDY"
2019,"T304705128","2","WHEAT","Winter","8","12",20,"4",1,2,3,"1",25,25,1,"Control","0",40,"WHEAT"
2019,"T304705128","1","PADDY","Summer","1","3",12,"4",1,4,0,"0",0,0,1,"Control","0",48,"PADDY"
2019,"T301808003","1","PADDY","Monsoon","3","8",30,"2",1,4,4,"1",0,0,3,"Control","0",120,"PADDY"
2019,"T301808003","02","WHEAT","Winter","8","12",30,"2",1,2,2.5,"1",50,28,3,"Control","0",60,"WHEAT"
2019,"T305105014","1","PADDY","Monsoon","3","7",50,"3",1.5,5,4,"1",0,0,2,"Control","0",375,"PADDY"
2019,"T305105014","2","WHEAT","Winter","7","11",15,"2",1,2,2.5,"1",0,0,2,"Control","0",30,"WHEAT"
2019,"T305105014","3","MAIZE","Winter","7","12",20,"2",1,4,9,"1",100,36,2,"Control","0",80,"MAIZE"
2019,"T305105014","33","RED LENTILS","Winter","7","11",15,"0",0,0,25,"3",0,0,2,"Control","0",0,"RED LENTILS"
2019,"T305105014","1","PADDY","Summer","11","0",15,"2",1,0,0,"0",0,0,2,"Control","0",0,"PADDY"
2019,"T302501007","1","PADDY","Monsoon","3","7",40,"4",1.5,5,3.5,"1",30,27,3,"Control","0",300,"PADDY"
2019,"T302501007","2","WHEAT","Winter","7","11",30,"4",1.5,2,2.5,"1",40,28,3,"Control","0",90,"WHEAT"
2019,"T302501007","33","pulses","Winter","7","11",10,"0",0,0,30,"3",0,0,3,"Control","0",0,"OTHER PULSES"
2019,"T302501007","1","PADDY","Summer","11","0",20,"2",1,6,0,"0",0,0,3,"Control","0",120,"PADDY"
2019,"T302501007","27","pulses","Summer","11","0",10,"0",0,0,0,"0",0,0,3,"Control","0",0,"GREEN GRAM"
2019,"T302608007","1","PADDY","Monsoon","3","7",45,"4",1.5,5,3.5,"1",0,0,2,"Control","0",337.5,"PADDY"
2019,"T302608007","2","WHEAT","Winter","7","12",30,"4",1.5,3,2.5,"1",0,0,2,"Control","0",135,"WHEAT"
2019,"T302608007","33","RED LENTILS","Winter","7","11",15,"0",0,0,30,"3",0,0,2,"Control","0",0,"RED LENTILS"
2019,"T302608007","27","pulses","Summer","12","0",15,"0",0,0,0,"0",0,0,2,"Control","0",0,"GREEN GRAM"
2019,"T302602008","1","PADDY","Monsoon","3","8",40,"4",1,4,4,"1",50,25,2,"Control","0",160,"PADDY"
2019,"T302602008","2","WHEAT","Winter","8","12",25,"4",1,1,1,"1",0,0,2,"Control","0",25,"WHEAT"
2019,"T302602008","33","pulses","Winter","8","12",15,"0",0,0,20,"3",0,0,2,"Control","0",0,"OTHER PULSES"
2019,"T302602008","27","pulses","Summer","1","0",12,"0",0,0,0,"0",0,0,2,"Control","0",0,"GREEN GRAM"
2019,"T305006119","1","PADDY","Winter","3","8",25,"4",1,3,4,"1",0,0,1,"Control","0",75,"PADDY"
2019,"T305006119","2","WHEAT","Winter","7","12",25,"4",1,1,10,"3",0,0,1,"Control","0",25,"WHEAT"
2019,"T305006119","61","SUGARCANE","Annual","10","0",8,"1",0,0,0,"0",0,0,1,"Control","0",0,"SUGARCANE"
2019,"T307103093","1","PADDY","Monsoon","3","8",50,"4",1,4,4,"1",0,0,1,"Control","0",200,"PADDY"
2019,"T307103093","2","WHEAT","Winter","8","12",25,"4",1,2,2.5,"1",0,0,1,"Control","0",50,"WHEAT"
2019,"T307103093","33","RED LENTILS","Winter","8","12",25,"0",0,0,20,"3",0,0,1,"Control","0",0,"RED LENTILS"
2019,"T303906006","1","PADDY","Monsoon","3","8",70,"4",1,4,4,"1",0,0,3,"Control","0",280,"PADDY"
2019,"T303906006","2","WHEAT","Winter","8","12",40,"4",1,2,2,"1",0,0,3,"Control","0",80,"WHEAT"
2019,"T303906006","33","pulses","Winter","8","12",30,"0",0,0,20,"3",0,0,3,"Control","0",0,"OTHER PULSES"
2019,"T304702127","1","PADDY","Monsoon","3","8",20,"1",0,0,4,"1",0,0,1,"Control","0",0,"PADDY"
2019,"T304702127","2","WHEAT","Winter","8","12",6,"1",1,1,2,"1",0,0,1,"Control","0",6,"WHEAT"
2019,"T304702127","3","MAIZE","Winter","8","2",14,"1",4,1,6,"1",0,0,1,"Control","0",56,"MAIZE"
2019,"T304706130","1","PADDY","Monsoon","3","8",60,"2",1,4,4,"1",25,20,1,"Control","0",240,"PADDY"
2019,"T304706130","33","RED LENTILS","Winter","8","12",20,"0",0,0,10,"3",0,0,1,"Control","0",0,"RED LENTILS"
2019,"T304706130","2","WHEAT","Winter","8","12",20,"2",1,2,2,"1",0,0,1,"Control","0",40,"WHEAT"
2019,"T304706130","3","MAIZE","Winter","9","2",20,"2",1,5,6,"1",100,28,1,"Control","0",100,"MAIZE"
2019,"T302409104","1","PADDY","Monsoon","3","8",20,"4",1,4,4,"1",0,0,1,"Control","0",80,"PADDY"
2019,"T302409104","2","WHEAT","Winter","8","12",20,"4",1,2,2,"1",0,0,1,"Control","0",40,"WHEAT"
2019,"T302409104","27","pulses","Summer","1","0",20,"1",0,0,0,"0",0,0,1,"Control","0",0,"GREEN GRAM"
2019,"T300509098","1","PADDY","Monsoon","3","8",26,"4",1,4,4,"1",0,0,1,"Control","0",104,"PADDY"
2019,"T300509098","2","WHEAT","Winter","8","12",26,"4",1,2,2,"1",0,0,1,"Control","0",52,"WHEAT"
2019,"T300509098","27","pulses","Summer","1","3",10,"0",0,0,40,"3",25,50,1,"Control","0",0,"GREEN GRAM"
2019,"T300902111","1","PADDY","Monsoon","3","8",30,"2",1,4,4,"1",0,0,1,"Control","0",120,"PADDY"
2019,"T300902111","2","WHEAT","Winter","8","12",15,"2",1,2,2,"1",0,0,1,"Control","0",30,"WHEAT"
2019,"T300902111","33","RED LENTILS","Winter","8","12",15,"0",0,0,20,"3",0,0,1,"Control","0",0,"RED LENTILS"
2019,"T301001084","1","PADDY","Monsoon","3","6",14,"2",1.5,6,3.5,"1",0,0,1,"Control","0",126,"PADDY"
2019,"T301001084","2","WHEAT","Winter","7","12",14,"2",1.5,2,2.5,"1",0,0,1,"Control","0",42,"WHEAT"
2019,"T301001084","27","pulses","Summer","12","0",14,"0",0,0,0,"0",0,0,1,"Control","0",0,"GREEN GRAM"
2019,"T301805004","1","PADDY","Monsoon","3","7",80,"4",1.5,5,3.5,"1",0,0,3,"Control","0",600,"PADDY"
2019,"T301805004","2","WHEAT","Winter","7","11",30,"2",1,2,2.5,"1",20,28,3,"Control","0",60,"WHEAT"
2019,"T301805004","3","MAIZE","Winter","7","12",20,"2",1,4,7,"1",100,29,3,"Control","0",80,"MAIZE"
2019,"T301805004","33","pulses","Winter","7","11",30,"0",0,0,20,"3",0,0,3,"Control","0",0,"OTHER PULSES"
2019,"T301805004","1","PADDY","Summer","11","0",30,"2",1,0,0,"0",0,0,3,"Control","0",0,"PADDY"
2019,"T301805004","27","pulses","Summer","12","0",20,"0",0,0,0,"0",0,0,3,"Control","0",0,"GREEN GRAM"
2019,"T301503073","1","PADDY","Monsoon","3","7",20,"4",1.5,5,4.5,"1",0,0,1,"Control","0",150,"PADDY"
2019,"T301503073","2","WHEAT","Winter","7","11",20,"4",1,2,2.5,"1",0,0,1,"Control","0",40,"WHEAT"
2019,"T301503073","27","pulses","Summer","11","0",20,"0",0,0,0,"0",0,0,1,"Control","0",0,"GREEN GRAM"
2019,"T305004118","1","PADDY","Monsoon","3","8",80,"2",1.5,4,4,"1",50,20,1,"Control","0",480,"PADDY"
2019,"T305004118","2","WHEAT","Winter","8","12",35,"2",1,2,2.5,"1",40,23,1,"Control","0",70,"WHEAT"
2019,"T305004118","33","RED LENTILS","Winter","8","12",45,"0",0,0,20,"3",15,62,1,"Control","0",0,"RED LENTILS"
2019,"T305004118","27","pulses","Summer","12","0",10,"2",1,1,0,"0",0,0,1,"Control","0",10,"GREEN GRAM"
2019,"T305004118","3","MAIZE","Summer","12","0",4,"2",1,2,0,"0",0,0,1,"Control","0",8,"MAIZE"
2019,"T305004118","61","SUGARCANE","Annual","11","0",30,"2",1.5,20,0,"0",0,0,1,"Control","0",900,"SUGARCANE"
2019,"T304707129","1","PADDY","Monsoon","3","6",120,"4",1.5,5,4,"1",0,0,1,"Control","0",900,"PADDY"
2019,"T304707129","2","WHEAT","Winter","7","10",84,"4",1,2,3.5,"1",60,23,1,"Control","0",168,"WHEAT"
2019,"T304707129","3","MAIZE","Winter","7","11",20,"4",1.5,4,6.5,"1",90,34,1,"Control","0",120,"MAIZE"
2019,"T304707129","43","MUSTARD","Winter","7","10",16,"1",0,0,20,"3",0,0,1,"Control","0",0,"MUSTARD"
2019,"T304707129","3","MAIZE","Summer","10","0",38,"4",1.5,4,0,"0",0,0,1,"Control","0",228,"MAIZE"
2019,"T304707129","27","pulses","Summer","11","0",47,"0",0,0,0,"0",0,0,1,"Control","0",0,"GREEN GRAM"
2019,"T304807087","1","PADDY","Monsoon","3","7",100,"4",1.5,5,4,"1",50,23,1,"Control","0",750,"PADDY"
2019,"T304807087","2","WHEAT","Winter","7","12",40,"4",1.5,3,3,"1",50,24,1,"Control","0",180,"WHEAT"
2019,"T304807087","3","MAIZE","Winter","7","12",20,"2",1,5,8.5,"1",100,32,1,"Control","0",100,"MAIZE"
2019,"T304807087","33","RED LENTILS","Winter","7","11",25,"0",0,0,40,"3",30,100,1,"Control","0",0,"RED LENTILS"
2019,"T304807087","22","pulses","Winter","7","11",15,"0",0,0,30,"3",60,43,1,"Control","0",0,"GRASS PEA"
2019,"T304807087","1","PADDY","Summer","11","0",20,"2",1,0,0,"0",0,0,1,"Control","0",0,"PADDY"
2019,"T304807087","27","pulses","Summer","11","0",20,"0",0,0,0,"0",0,0,1,"Control","0",0,"GREEN GRAM"
2019,"T304807087","61","SUGARCANE","Annual","11","0",40,"4",1.5,15,0,"0",0,0,1,"Control","0",900,"SUGARCANE"
2019,"T302609002","1","PADDY","Monsoon","3","7",40,"3",1,4,4,"1",20,26,2,"Control","0",160,"PADDY"
2019,"T302609002","2","WHEAT","Winter","7","11",10,"3",1,1,2.5,"1",0,0,2,"Control","0",10,"WHEAT"
2019,"T302609002","3","MAIZE","Winter","7","12",30,"2",0.75,4,7,"1",100,35,2,"Control","0",90,"MAIZE"
2019,"T307006094","1","PADDY","Monsoon","3","7",80,"3",1.5,5,4,"1",0,0,1,"Control","0",600,"PADDY"
2019,"T307006094","2","WHEAT","Winter","7","11",50,"3",1.5,3,2.5,"1",50,26,1,"Control","0",225,"WHEAT"
2019,"T307006094","3","MAIZE","Winter","7","12",30,"2",1,5,8,"1",100,32,1,"Control","0",150,"MAIZE"
2019,"T307006094","1","PADDY","Summer","12","0",30,"2",1,0,0,"0",0,0,1,"Control","0",0,"PADDY"
2019,"T307006094","27","pulses","Summer","12","0",50,"0",0,0,0,"0",0,0,1,"Control","0",0,"GREEN GRAM"
2019,"T307006094","61","SUGARCANE","Annual","12","0",10,"3",1.5,0,0,"0",0,0,1,"Control","0",0,"SUGARCANE"
2019,"T304905101","1","PADDY","Monsoon","3","8",25,"4",1,4,4,"1",0,0,1,"Control","0",100,"PADDY"
2019,"T304905101","2","WHEAT","Winter","8","12",20,"4",1,2,2,"1",0,0,1,"Control","0",40,"WHEAT"
2019,"T304905101","33","RED LENTILS","Winter","8","12",5,"0",0,0,15,"3",0,0,1,"Control","0",0,"RED LENTILS"
2019,"T307705125","1","PADDY","Monsoon","3","8",20,"4",1,4,4,"1",0,0,1,"Control","0",80,"PADDY"
2019,"T307705125","2","WHEAT","Winter","8","12",20,"4",1,2,2.5,"1",0,0,1,"Control","0",40,"WHEAT"
2019,"T303806076","1","PADDY","Monsoon","3","7",30,"2",1,6,4,"1",0,0,1,"Control","0",180,"PADDY"
2019,"T303806076","2","WHEAT","Winter","7","12",30,"2",1,2,3,"1",0,0,1,"Control","0",60,"WHEAT"
2019,"T301502069","1","PADDY","Monsoon","3","7",15,"4",1.5,5,4,"1",0,0,1,"Control","0",112.5,"PADDY"
2019,"T301502069","2","WHEAT","Winter","7","2",8,"4",1,1,2,"1",0,0,1,"Control","0",8,"WHEAT"
2019,"T301502069","33","RED LENTILS","Winter","7","11",7,"0",0,0,40,"3",0,0,1,"Control","0",0,"RED LENTILS"
2019,"T301502069","61","SUGARCANE","Monsoon","11","5",4,"1",1.5,17,0,"0",0,0,1,"Control","0",102,"SUGARCANE"
2019,"T301907112","1","PADDY","Monsoon","3","8",20,"4",1,4,4,"1",0,0,1,"Control","0",80,"PADDY"
2019,"T301907112","2","WHEAT","Winter","8","12",20,"4",1,2,2.5,"1",0,0,1,"Control","0",40,"WHEAT"
2019,"T307707110","1","PADDY","Monsoon","3","8",40,"4",1,4,4,"1",0,0,1,"Control","0",160,"PADDY"
2019,"T307707110","2","WHEAT","Winter","8","12",30,"4",1,2,2.5,"1",25,27,1,"Control","0",60,"WHEAT"
2019,"T307707110","22","pulses","Winter","8","12",10,"0",0,0,1,"1",25,50,1,"Control","0",0,"GRASS PEA"
2019,"T307001096","1","PADDY","Monsoon","3","8",30,"4",1,4,4,"1",0,0,1,"Control","0",120,"PADDY"
2019,"T307001096","2","WHEAT","Winter","8","12",15,"4",1,2,2,"1",0,0,1,"Control","0",30,"WHEAT"
2019,"T307001096","33","RED LENTILS","Winter","8","12",15,"0",0,0,20,"3",0,0,1,"Control","0",0,"RED LENTILS"
2019,"T307808108","1","PADDY","Monsoon","3","8",40,"4",1,4,4,"1",0,0,1,"Control","0",160,"PADDY"
2019,"T307808108","2","WHEAT","Winter","8","12",20,"4",1,2,2.5,"1",0,0,1,"Control","0",40,"WHEAT"
2019,"T307808108","33","RED LENTILS","Winter","8","12",20,"0",0,0,20,"3",0,0,1,"Control","0",0,"RED LENTILS"
2019,"T307003117","1","PADDY","Monsoon","3","8",100,"2",1,4,4,"1",0,0,1,"Control","0",400,"PADDY"
2019,"T307003117","2","WHEAT","Winter","8","12",50,"2",1,2,2.5,"1",0,0,1,"Control","0",100,"WHEAT"
2019,"T307003117","33","RED LENTILS","Winter","8","12",50,"0",0,0,20,"3",50,100,1,"Control","0",0,"RED LENTILS"
2019,"T303907079","1","PADDY","Monsoon","3","8",60,"2",1,4,4,"1",0,0,1,"Control","0",240,"PADDY"
2019,"T303907079","2","WHEAT","Winter","8","12",30,"2",1,2,2.5,"1",0,0,1,"Control","0",60,"WHEAT"
2019,"T303907079","3","MAIZE","Winter","9","2",30,"2",1,5,6,"1",100,40,1,"Control","0",150,"MAIZE"
2019,"T303907079","61","SUGARCANE","Annual","11","10",10,"2",1,2,15,"4",100,535,1,"Control","0",20,"SUGARCANE"
2019,"T308603106","1","PADDY","Monsoon","3","8",20,"4",1,4,4,"1",0,0,1,"Control","0",80,"PADDY"
2019,"T308603106","2","WHEAT","Winter","8","12",10,"4",1,2,2,"1",0,0,1,"Control","0",20,"WHEAT"
2019,"T308603106","33","RED LENTILS","Winter","8","12",10,"0",0,0,20,"3",0,0,1,"Control","0",0,"RED LENTILS"
2019,"T308601105","1","PADDY","Monsoon","3","8",200,"2",1,4,4,"1",50,26,1,"Control","0",800,"PADDY"
2019,"T308601105","2","WHEAT","Winter","8","12",160,"2",1,2,2,"1",50,28,1,"Control","0",320,"WHEAT"
2019,"T308601105","33","RED LENTILS","Winter","8","12",40,"0",0,0,20,"3",0,0,1,"Control","0",0,"RED LENTILS"
2019,"T301808002","1","PADDY","Monsoon","3","8",9,"2",1,4,4,"1",0,0,3,"Control","0",36,"PADDY"
2019,"T301808002","2","WHEAT","Winter","8","12",9,"2",1,2,2.5,"1",0,0,3,"Control","0",18,"WHEAT"
2019,"T309904032","1","PADDY","Monsoon","3","8",15,"2",1,4,4.5,"1",0,0,2,"Control","0",60,"PADDY"
2019,"T309904032","2","WHEAT","Winter","8","12",15,"2",1,2,2,"1",0,0,2,"Control","0",30,"WHEAT"
2019,"T307103092","1","PADDY","Monsoon","3","8",70,"2",1,4,4,"1",25,30,1,"Control","0",280,"PADDY"
2019,"T307103092","2","WHEAT","Winter","8","12",40,"2",1,2,2.5,"1",50,28,1,"Control","0",80,"WHEAT"
2019,"T307103092","33","RED LENTILS","Winter","8","12",30,"0",0,0,20,"3",50,100,1,"Control","0",0,"RED LENTILS"
2019,"T309304113","1","PADDY","Monsoon","3","8",31,"2",1,4,4,"1",0,0,1,"Control","0",124,"PADDY"
2019,"T309304113","2","WHEAT","Winter","8","12",20,"2",1,2,2,"1",0,0,1,"Control","0",40,"WHEAT"
2019,"T309304113","33","RED LENTILS","Winter","8","12",11,"0",0,0,20,"3",0,0,1,"Control","0",0,"RED LENTILS"
2019,"T303608010","1","PADDY","Monsoon","3","8",45,"3",1,5,4.5,"1",50,26,2,"Control","0",225,"PADDY"
2019,"T303608010","2","WHEAT","Winter","8","12",15,"3",1,2,2.5,"1",0,0,2,"Control","0",30,"WHEAT"
2019,"T303608010","3","MAIZE","Winter","8","2",30,"3",1,7,8,"1",100,28,2,"Control","0",210,"MAIZE"
2019,"T305001121","1","PADDY","Monsoon","3","7",200,"2",0.5,5,3.5,"1",60,27,1,"Control","0",500,"PADDY"
2019,"T305001121","2","WHEAT","Winter","7","12",200,"2",0.5,3,2.5,"1",70,28,1,"Control","0",300,"WHEAT"
2019,"T305001121","27","pulses","Summer","12","0",40,"0",0,0,0,"0",0,0,1,"Control","0",0,"GREEN GRAM"
2019,"T301602107","1","PADDY","Monsoon","3","8",20,"4",1,4,4,"1",0,0,1,"Control","0",80,"PADDY"
2019,"T301602107","2","WHEAT","Winter","8","12",10,"4",1,2,2.5,"1",0,0,1,"Control","0",20,"WHEAT"
2019,"T301602107","33","RED LENTILS","Winter","8","12",10,"0",0,0,20,"3",0,0,1,"Control","0",0,"RED LENTILS"
2019,"T305004088","1","PADDY","Monsoon","3","8",40,"2",1,4,4,"1",0,0,1,"Control","0",160,"PADDY"
2019,"T305004088","2","WHEAT","Winter","8","12",20,"2",1,2,2,"1",0,0,1,"Control","0",40,"WHEAT"
2019,"T305004088","33","RED LENTILS","Winter","8","12",20,"0",0,0,30,"3",0,0,1,"Control","0",0,"RED LENTILS"
2019,"T305004088","61","SUGARCANE","Annual","11","0",80,"2",1,5,20,"4",0,0,1,"Control","0",400,"SUGARCANE"
2019,"T301503080","1","PADDY","Monsoon","3","8",8,"2",1,4,4,"1",0,0,1,"Control","0",32,"PADDY"
2019,"T301503080","2","WHEAT","Winter","8","12",8,"2",1,2,2,"1",0,0,1,"Control","0",16,"WHEAT"
2019,"T301503080","61","SUGARCANE","Summer","11","0",10,"2",1,2,15,"4",100,531,1,"Control","0",20,"SUGARCANE"
2019,"T304808082","1","PADDY","Monsoon","3","7",36,"3",1.5,5,4,"1",0,0,1,"Control","0",270,"PADDY"
2019,"T304808082","2","WHEAT","Winter","7","11",16,"2",1,2,3,"1",0,0,1,"Control","0",32,"WHEAT"
2019,"T304808082","3","MAIZE","Winter","7","12",20,"2",1,4,9,"1",90,30,1,"Control","0",80,"MAIZE"
2019,"T304808082","27","pulses","Summer","12","0",16,"0",0,0,0,"0",0,0,1,"Control","0",0,"GREEN GRAM"
2019,"T301906103","1","PADDY","Monsoon","3","7",75,"2",1.5,5,3.5,"1",0,0,1,"Control","0",562.5,"PADDY"
2019,"T301906103","2","WHEAT","Winter","7","12",45,"2",1.5,2,2.5,"1",50,27,1,"Control","0",135,"WHEAT"
2019,"T301906103","3","MAIZE","Winter","7","12",30,"2",1.5,4,8,"1",95,32,1,"Control","0",180,"MAIZE"
2019,"T301906103","27","pulses","Summer","12","0",20,"0",0,0,0,"0",0,0,1,"Control","0",0,"GREEN GRAM"
2019,"T302608050","1","PADDY","Monsoon","3","7",30,"3",1.5,5,4,"1",0,0,2,"Control","0",225,"PADDY"
2019,"T302608050","2","WHEAT","Winter","7","11",15,"3",1.5,2,2.5,"1",0,0,2,"Control","0",45,"WHEAT"
2019,"T302608050","3","MAIZE","Winter","7","12",15,"2",1,4,9,"1",100,35,2,"Control","0",60,"MAIZE"
2019,"T302608050","1","PADDY","Summer","12","0",15,"2",1,6,0,"0",0,0,2,"Control","0",90,"PADDY"
2019,"T309306011","1","PADDY","Monsoon","3","8",30,"2",1,4,4.5,"1",0,0,2,"Control","0",120,"PADDY"
2019,"T309306011","2","WHEAT","Winter","8","12",20,"2",1,2,2,"1",0,0,2,"Control","0",40,"WHEAT"
2019,"T309306011","3","MAIZE","Winter","9","2",10,"2",1,5,8,"1",100,28,2,"Control","0",50,"MAIZE"
2019,"T307705126","1","PADDY","Monsoon","3","8",30,"4",1,4,4,"1",0,0,1,"Control","0",120,"PADDY"
2019,"T307705126","2","WHEAT","Winter","8","12",15,"4",1,2,2.5,"1",0,0,1,"Control","0",30,"WHEAT"
2019,"T307705126","33","RED LENTILS","Winter","8","12",15,"0",0,0,20,"1",0,0,1,"Control","0",0,"RED LENTILS"
2019,"T304906102","1","PADDY","Monsoon","3","8",10,"4",1,4,4,"1",0,0,1,"Control","0",40,"PADDY"
2019,"T304906102","2","WHEAT","Winter","8","12",10,"4",1,2,2,"1",0,0,1,"Control","0",20,"WHEAT"
2019,"T307005097","1","PADDY","Monsoon","3","8",70,"3",1,4,4,"1",0,0,1,"Control","0",280,"PADDY"
2019,"T307005097","2","WHEAT","Winter","8","12",50,"3",1,2,2.5,"1",50,27,1,"Control","0",100,"WHEAT"
2019,"T307005097","33","RED LENTILS","Winter","8","12",20,"0",0,0,20,"3",0,0,1,"Control","0",0,"RED LENTILS"
2019,"T302608030","1","PADDY","Monsoon","3","8",20,"4",1,5,4,"1",50,25,2,"Control","0",100,"PADDY"
2019,"T302608030","2","WHEAT","Winter","8","12",20,"4",1,2,2,"1",40,27,2,"Control","0",40,"WHEAT"
2019,"T305404025","1","PADDY","Monsoon","3","8",100,"4",1,4,4,"1",25,30,2,"Control","0",400,"PADDY"
2019,"T305404025","2","WHEAT","Winter","8","12",40,"4",1,2,2,"1",50,28,2,"Control","0",80,"WHEAT"
2019,"T305404025","3","MAIZE","Winter","9","2",60,"4",1,5,7,"1",100,28,2,"Control","0",300,"MAIZE"
2019,"T302004124","1","PADDY","Monsoon","3","8",70,"4",1,4,4,"1",0,0,1,"Control","0",280,"PADDY"
2019,"T302004124","2","WHEAT","Winter","8","12",50,"4",1,2,2,"1",25,26,1,"Control","0",100,"WHEAT"
2019,"T302004124","33","RED LENTILS","Winter","8","12",20,"0",0,0,20,"3",0,0,1,"Control","0",0,"RED LENTILS"
2019,"T307006116","1","PADDY","Monsoon","3","8",40,"4",1,4,4,"1",0,0,1,"Control","0",160,"PADDY"
2019,"T307006116","2","WHEAT","Winter","8","12",30,"4",1,4,2.5,"1",0,0,1,"Control","0",120,"WHEAT"
2019,"T307006116","33","RED LENTILS","Winter","8","12",10,"0",0,0,20,"3",0,0,1,"Control","0",0,"RED LENTILS"
2019,"T300406089","1","PADDY","Monsoon","3","8",80,"2",1,3,4.5,"1",50,23,1,"Treatment","1",240,"PADDY"
2019,"T300406089","2","WHEAT","Winter","8","11",20,"2",1,1,2.5,"1",80,27,1,"Treatment","1",20,"WHEAT"
2019,"T300406089","33","pulses","Winter","8","12",60,"0",0,0,20,"3",50,60,1,"Treatment","1",0,"OTHER PULSES"
2019,"T300406089","1","PADDY","Summer","11","3",20,"2",1,4,0,"0",0,0,1,"Treatment","1",80,"PADDY"
2019,"T300406089","61","SUGARCANE","Annual","10","10",20,"2",1,6,20,"4",100,350,1,"Treatment","1",120,"SUGARCANE"
