"year","district","household_questionnaire_id","days_in_a_season_pump_use_s_p1","hours_per_day_use_s__p_1","days_in_a_season_pump_use_s_p2","hours_per_day_use_s__p_2","days_in_a_season_pump_use_s_p3","hours_per_day_use_s__p_3","days_in_a_season_pump_use_m_p1","hours_per_day_use_m__p_1","days_in_a_season_pump_use_m_p2","hours_per_day_use_m__p_2","days_in_a_season_pump_use_m_p3","hours_per_day_use_m__p_3","days_in_a_season_pump_use_w_p1","hours_per_day_use_w__p_1","days_in_a_season_pump_use_w_p2","hours_per_day_use_w__p_2","days_in_a_season_pump_use_w_p3","hours_per_day_use_w__p_3","TreatmentControl","TC","ps1","ps2","ps3","pm1","pm2","pm3","pw1","pw2","pw3","Summer_hr","Monsoon_hr","Winter_hr","Yearly_hr","p1_hr","p2_hr","p3_hr","days_monsoon","days_winter","days_summer","days_year","days_p1","days_p2","days_p3"
2017,"Saptari","T102007004",4,5,NA,NA,NA,NA,3,6,NA,NA,NA,NA,NA,NA,NA,NA,8,4,"Control",NA,20,NA,NA,18,NA,NA,NA,NA,32,20,18,32,70,38,NA,32,3,8,4,15,7,NA,8
2017,"Saptari","T108803015",20,8,NA,NA,NA,NA,15,10,NA,NA,NA,NA,5,2,NA,NA,NA,NA,"Control",NA,160,NA,NA,150,NA,NA,10,NA,NA,160,150,10,320,320,NA,NA,15,5,20,40,40,NA,NA
2017,"Saptari","C009006001",10,8,NA,NA,NA,NA,8,8,NA,NA,NA,NA,NA,NA,NA,NA,NA,NA,"Control",NA,80,NA,NA,64,NA,NA,NA,NA,NA,80,64,NA,144,144,NA,NA,8,NA,10,18,18,NA,NA
2017,"Saptari","T106006001",NA,NA,NA,NA,NA,NA,NA,NA,NA,NA,NA,NA,NA,NA,NA,NA,NA,NA,"Control",NA,NA,NA,NA,NA,NA,NA,NA,NA,NA,NA,NA,NA,NA,NA,NA,NA,NA,NA,NA,NA,NA,NA,NA
2017,"Saptari","T107609001",NA,NA,NA,NA,NA,NA,3,2,NA,NA,NA,NA,7,2,NA,NA,NA,NA,"Control",NA,NA,NA,NA,6,NA,NA,14,NA,NA,NA,6,14,20,20,NA,NA,3,7,NA,10,10,NA,NA
2017,"Saptari","T108808014",5,5,10,5,NA,NA,10,5,10,5,NA,NA,NA,NA,NA,NA,NA,NA,"Control",NA,25,50,NA,50,50,NA,NA,NA,NA,75,100,NA,175,75,100,NA,20,NA,15,35,15,20,NA
2017,"Saptari","C001701002",6,7,NA,NA,NA,NA,7,5,NA,NA,NA,NA,NA,NA,NA,NA,NA,NA,"Control",NA,42,NA,NA,35,NA,NA,NA,NA,NA,42,35,NA,77,77,NA,NA,7,NA,6,13,13,NA,NA
2017,"Saptari","C008508001",4,5,NA,NA,NA,NA,8,8,6,5,NA,NA,NA,NA,5,2,NA,NA,"Control",NA,20,NA,NA,64,30,NA,NA,10,NA,20,94,10,124,84,40,NA,14,5,4,23,12,11,NA
2017,"Saptari","T107104001",10,8,4,3,10,2,5,10,5,2,5,3,10,3,NA,NA,NA,NA,"Control",NA,80,12,20,50,10,15,30,NA,NA,112,75,30,217,160,22,35,15,10,24,49,25,9,15
2017,"Saptari","T102009002",15,6,5,5,NA,NA,10,8,3,4,NA,NA,4,5,NA,NA,NA,NA,"Control",NA,90,25,NA,80,12,NA,20,NA,NA,115,92,20,227,190,37,NA,13,4,20,37,29,8,NA
2017,"Saptari","T102007003",4,8,NA,NA,NA,NA,3,6,NA,NA,NA,NA,NA,NA,NA,NA,NA,NA,"Control",NA,32,NA,NA,18,NA,NA,NA,NA,NA,32,18,NA,50,50,NA,NA,3,NA,4,7,7,NA,NA
2017,"Saptari","T106006002",NA,NA,NA,NA,NA,NA,NA,NA,NA,NA,NA,NA,NA,NA,NA,NA,NA,NA,"Control",NA,NA,NA,NA,NA,NA,NA,NA,NA,NA,NA,NA,NA,NA,NA,NA,NA,NA,NA,NA,NA,NA,NA,NA
2017,"Saptari","C009006002",5,6,6,4,NA,NA,3,10,4,5,NA,NA,10,8,8,6,NA,NA,"Control",NA,30,24,NA,30,20,NA,80,48,NA,54,50,128,232,140,92,NA,7,18,11,36,18,18,NA
2017,"Saptari","T211002001",8,6,NA,NA,NA,NA,5,10,NA,NA,NA,NA,NA,NA,NA,NA,NA,NA,"Control",NA,48,NA,NA,50,NA,NA,NA,NA,NA,48,50,NA,98,98,NA,NA,5,NA,8,13,13,NA,NA
2017,"Saptari","T107605005",6,7,NA,NA,NA,NA,4,8,NA,NA,NA,NA,NA,NA,NA,NA,NA,NA,"Control",NA,42,NA,NA,32,NA,NA,NA,NA,NA,42,32,NA,74,74,NA,NA,4,NA,6,10,10,NA,NA
2017,"Saptari","C009006003",20,7,NA,NA,NA,NA,11,5,NA,NA,NA,NA,NA,NA,NA,NA,NA,NA,"Control",NA,140,NA,NA,55,NA,NA,NA,NA,NA,140,55,NA,195,195,NA,NA,11,NA,20,31,31,NA,NA
2017,"Saptari","T107104002",12,8,NA,NA,NA,NA,6,5,NA,NA,NA,NA,NA,NA,NA,NA,NA,NA,"Control",NA,96,NA,NA,30,NA,NA,NA,NA,NA,96,30,NA,126,126,NA,NA,6,NA,12,18,18,NA,NA
2017,"Saptari","T102007001",7,5,5,6,10,8,3,5,5,6,5,5,5,3,NA,NA,NA,NA,"Treatment",1,35,30,80,15,30,25,15,NA,NA,145,70,15,230,65,60,105,13,5,22,40,15,10,15
2017,"Saptari","T104305001",8,8,NA,NA,NA,NA,15,10,NA,NA,NA,NA,NA,NA,NA,NA,NA,NA,"Control",NA,64,NA,NA,150,NA,NA,NA,NA,NA,64,150,NA,214,214,NA,NA,15,NA,8,23,23,NA,NA
2017,"Saptari","T110505001",10,7,5,6,3,9,12,6,5,6,5,12,15,6,NA,NA,NA,NA,"Treatment",1,70,30,27,72,30,60,90,NA,NA,127,162,90,379,232,60,87,22,15,18,55,37,10,8
2017,"Saptari","T109202002",3,5,4,7,3,7,7,8,5,7,12,6,4,7,5,7,6,7,"Control",NA,15,28,21,56,35,72,28,35,42,64,163,105,332,99,98,135,24,15,10,49,14,14,21
2017,"Saptari","T203907006",10,14,NA,NA,NA,NA,27,16,NA,NA,NA,NA,15,9,NA,NA,NA,NA,"Control",NA,140,NA,NA,432,NA,NA,135,NA,NA,140,432,135,707,707,NA,NA,27,15,10,52,52,NA,NA
2017,"Saptari","T210703008",5,9,6,10,NA,NA,10,7,15,9,3,7,7,6,10,9,3,7,"Control",NA,45,60,NA,70,135,21,42,90,21,105,226,153,484,157,285,42,28,20,11,59,22,31,6
2017,"Saptari","T110502004",2,5,NA,NA,NA,NA,5,6,NA,NA,NA,NA,NA,NA,NA,NA,NA,NA,"Control",NA,10,NA,NA,30,NA,NA,NA,NA,NA,10,30,NA,40,40,NA,NA,5,NA,2,7,7,NA,NA
2017,"Saptari","T204807001",5,5,NA,NA,NA,NA,5,4,NA,NA,NA,NA,2,3,NA,NA,NA,NA,"Control",NA,25,NA,NA,20,NA,NA,6,NA,NA,25,20,6,51,51,NA,NA,5,2,5,12,12,NA,NA
2017,"Saptari","T103209004",9,10,NA,NA,NA,NA,15,12,NA,NA,NA,NA,15,13,NA,NA,NA,NA,"Control",NA,90,NA,NA,180,NA,NA,195,NA,NA,90,180,195,465,465,NA,NA,15,15,9,39,39,NA,NA
2017,"Saptari","C001401001",8,8,NA,NA,NA,NA,27,10,NA,NA,NA,NA,9,12,NA,NA,NA,NA,"Control",NA,64,NA,NA,270,NA,NA,108,NA,NA,64,270,108,442,442,NA,NA,27,9,8,44,44,NA,NA
2017,"Saptari","T210709003",NA,NA,7,10,8,8,NA,NA,20,8,4,12,12,7,5,7,3,8,"Treatment",1,NA,70,64,NA,160,48,84,35,24,134,208,143,485,84,265,136,24,20,15,59,12,32,15
2017,"Saptari","T210407003",20,8,NA,NA,NA,NA,30,12,NA,NA,NA,NA,12,7,NA,NA,NA,NA,"Control",NA,160,NA,NA,360,NA,NA,84,NA,NA,160,360,84,604,604,NA,NA,30,12,20,62,62,NA,NA
2017,"Saptari","T104201003",7,10,NA,NA,NA,NA,8,9,NA,NA,NA,NA,NA,NA,NA,NA,NA,NA,"Control",NA,70,NA,NA,72,NA,NA,NA,NA,NA,70,72,NA,142,142,NA,NA,8,NA,7,15,15,NA,NA
2017,"Saptari","T109205004",NA,NA,15,10,NA,NA,10,6,20,7,NA,NA,12,7,9,8,NA,NA,"Treatment",1,NA,150,NA,60,140,NA,84,72,NA,150,200,156,506,144,362,NA,30,21,15,66,22,44,NA
2017,"Saptari","T109203003",4,7,NA,NA,NA,NA,15,9,NA,NA,NA,NA,NA,NA,NA,NA,NA,NA,"Control",NA,28,NA,NA,135,NA,NA,NA,NA,NA,28,135,NA,163,163,NA,NA,15,NA,4,19,19,NA,NA
2017,"Saptari","T109201006",4,8,NA,NA,NA,NA,10,10,NA,NA,NA,NA,7,7,NA,NA,NA,NA,"Control",NA,32,NA,NA,100,NA,NA,49,NA,NA,32,100,49,181,181,NA,NA,10,7,4,21,21,NA,NA
2017,"Saptari","T210405002",4,6,3,7,NA,NA,10,7,12,9,NA,NA,7,5,5,7,NA,NA,"Control",NA,24,21,NA,70,108,NA,35,35,NA,45,178,70,293,129,164,NA,22,12,7,41,21,20,NA
2017,"Saptari","T203908005",4,5,5,7,NA,NA,5,6,6,7,NA,NA,9,6,10,8,NA,NA,"Control",NA,20,35,NA,30,42,NA,54,80,NA,55,72,134,261,104,157,NA,11,19,9,39,18,21,NA
2017,"Saptari","T203900307",4,17,NA,NA,NA,NA,20,18,NA,NA,NA,NA,NA,NA,NA,NA,NA,NA,"Control",NA,68,NA,NA,360,NA,NA,NA,NA,NA,68,360,NA,428,428,NA,NA,20,NA,4,24,24,NA,NA
2017,"Saptari","T106604005",4,10,NA,NA,NA,NA,18,19,NA,NA,NA,NA,NA,NA,NA,NA,NA,NA,"Control",NA,40,NA,NA,342,NA,NA,NA,NA,NA,40,342,NA,382,382,NA,NA,18,NA,4,22,22,NA,NA
2017,"Saptari","T203901004",6,8,NA,NA,NA,NA,12,7,NA,NA,NA,NA,20,6,NA,NA,NA,NA,"Control",NA,48,NA,NA,84,NA,NA,120,NA,NA,48,84,120,252,252,NA,NA,12,20,6,38,38,NA,NA
2017,"Saptari","C001401004",NA,NA,NA,NA,NA,NA,12,4,NA,NA,NA,NA,NA,NA,NA,NA,NA,NA,"Control",NA,NA,NA,NA,48,NA,NA,NA,NA,NA,NA,48,NA,48,48,NA,NA,12,NA,NA,12,12,NA,NA
2017,"Saptari","T104203004",NA,NA,NA,NA,NA,NA,NA,NA,NA,NA,NA,NA,NA,NA,NA,NA,NA,NA,"Control",NA,NA,NA,NA,NA,NA,NA,NA,NA,NA,NA,NA,NA,NA,NA,NA,NA,NA,NA,NA,NA,NA,NA,NA
2017,"Saptari","T110502003",NA,NA,NA,NA,NA,NA,10,3,NA,NA,NA,NA,NA,NA,NA,NA,NA,NA,"Control",NA,NA,NA,NA,30,NA,NA,NA,NA,NA,NA,30,NA,30,30,NA,NA,10,NA,NA,10,10,NA,NA
2017,"Saptari","T210708002",NA,NA,NA,NA,14,4,NA,NA,NA,NA,13,3,NA,NA,NA,NA,49,4,"Treatment",1,NA,NA,56,NA,NA,39,NA,NA,196,56,39,196,291,NA,NA,291,13,49,14,76,NA,NA,76
2017,"Saptari","T203908001",25,5,NA,NA,NA,NA,22,5,NA,NA,NA,NA,35,8,NA,NA,NA,NA,"Treatment",1,125,NA,NA,110,NA,NA,280,NA,NA,125,110,280,515,515,NA,NA,22,35,25,82,82,NA,NA
2017,"Saptari","T203903003",10,4,NA,NA,NA,NA,15,6,NA,NA,NA,NA,20,4,NA,NA,NA,NA,"Control",NA,40,NA,NA,90,NA,NA,80,NA,NA,40,90,80,210,210,NA,NA,15,20,10,45,45,NA,NA
2017,"Saptari","T206702001",NA,NA,NA,NA,NA,NA,15,5,NA,NA,NA,NA,NA,NA,NA,NA,NA,NA,"Control",NA,NA,NA,NA,75,NA,NA,NA,NA,NA,NA,75,NA,75,75,NA,NA,15,NA,NA,15,15,NA,NA
2017,"Saptari","T106604004",NA,NA,NA,NA,NA,NA,30,6,NA,NA,NA,NA,50,10,NA,NA,NA,NA,"Control",NA,NA,NA,NA,180,NA,NA,500,NA,NA,NA,180,500,680,680,NA,NA,30,50,NA,80,80,NA,NA
2017,"Saptari","T109202010",7,6,NA,NA,NA,NA,11,6,NA,NA,NA,NA,NA,NA,NA,NA,NA,NA,"Control",NA,42,NA,NA,66,NA,NA,NA,NA,NA,42,66,NA,108,108,NA,NA,11,NA,7,18,18,NA,NA
2017,"Saptari","T109203001",NA,NA,5,4,NA,NA,NA,NA,20,5,NA,NA,40,5,NA,NA,NA,NA,"Treatment",1,NA,20,NA,NA,100,NA,200,NA,NA,20,100,200,320,200,120,NA,20,40,5,65,40,25,NA
2017,"Saptari","T109201007",NA,NA,NA,NA,NA,NA,13,5,NA,NA,NA,NA,NA,NA,NA,NA,NA,NA,"Control",NA,NA,NA,NA,65,NA,NA,NA,NA,NA,NA,65,NA,65,65,NA,NA,13,NA,NA,13,13,NA,NA
2017,"Saptari","T210407004",NA,NA,NA,NA,NA,NA,3,2,NA,NA,NA,NA,5,5,NA,NA,NA,NA,"Control",NA,NA,NA,NA,6,NA,NA,25,NA,NA,NA,6,25,31,31,NA,NA,3,5,NA,8,8,NA,NA
2017,"Saptari","C008109001",NA,NA,63,8,NA,NA,NA,NA,56,6,NA,NA,NA,NA,NA,NA,NA,NA,"Control",NA,NA,504,NA,NA,336,NA,NA,NA,NA,504,336,NA,840,NA,840,NA,56,NA,63,119,NA,119,NA
2017,"Saptari","T110510001",NA,NA,NA,NA,NA,NA,10,4,NA,NA,NA,NA,NA,NA,NA,NA,NA,NA,"Control",NA,NA,NA,NA,40,NA,NA,NA,NA,NA,NA,40,NA,40,40,NA,NA,10,NA,NA,10,10,NA,NA
2017,"Saptari","T103207003",NA,NA,NA,NA,NA,NA,NA,NA,NA,NA,NA,NA,NA,NA,NA,NA,NA,NA,"Control",NA,NA,NA,NA,NA,NA,NA,NA,NA,NA,NA,NA,NA,NA,NA,NA,NA,NA,NA,NA,NA,NA,NA,NA
2017,"Saptari","T103204001",50,7,NA,NA,NA,NA,35,5,NA,NA,NA,NA,60,7,NA,NA,NA,NA,"Treatment",1,350,NA,NA,175,NA,NA,420,NA,NA,350,175,420,945,945,NA,NA,35,60,50,145,145,NA,NA
2017,"Saptari","T210701004",NA,NA,NA,NA,NA,NA,NA,NA,NA,NA,NA,NA,NA,NA,NA,NA,NA,NA,"Treatment",1,NA,NA,NA,NA,NA,NA,NA,NA,NA,NA,NA,NA,NA,NA,NA,NA,NA,NA,NA,NA,NA,NA,NA
2017,"Saptari","T210701007",NA,NA,NA,NA,NA,NA,7,4,NA,NA,NA,NA,20,4,NA,NA,NA,NA,"Control",NA,NA,NA,NA,28,NA,NA,80,NA,NA,NA,28,80,108,108,NA,NA,7,20,NA,27,27,NA,NA
2017,"Saptari","T100502005",1,1,NA,NA,NA,NA,3,3,NA,NA,NA,NA,4,5,NA,NA,NA,NA,"Control",NA,1,NA,NA,9,NA,NA,20,NA,NA,1,9,20,30,30,NA,NA,3,4,1,8,8,NA,NA
2017,"Saptari","T200103002",1,2,1,2,1,2,3,2,2,4,2,3,3,2,4,4,1,6,"Treatment",1,2,2,2,6,8,6,6,16,6,6,20,28,54,14,26,14,7,8,3,18,7,7,4
2017,"Saptari","T107607004",1,1,1,1,NA,NA,3,2,1,2,NA,NA,5,3,2,6,NA,NA,"Control",NA,1,1,NA,6,2,NA,15,12,NA,2,8,27,37,22,15,NA,4,7,2,13,9,4,NA
2017,"Saptari","T108803001",1,2,1,2,NA,NA,2,2,3,3,NA,NA,3,2,4,2,NA,NA,"Control",NA,2,2,NA,4,9,NA,6,8,NA,4,13,14,31,12,19,NA,5,7,2,14,6,8,NA
2017,"Saptari","T108804002",2,1,NA,NA,NA,NA,5,2,NA,NA,NA,NA,6,2,NA,NA,NA,NA,"Control",NA,2,NA,NA,10,NA,NA,12,NA,NA,2,10,12,24,24,NA,NA,5,6,2,13,13,NA,NA
2017,"Saptari","T203309001",1,1,2,1,1,1,2,3,2,4,3,2,5,1,3,2,2,5,"Control",NA,1,2,1,6,8,6,5,6,10,4,20,21,45,12,16,17,7,10,4,21,8,7,6
2017,"Saptari","T203308002",5,7,NA,NA,NA,NA,17,6,NA,NA,NA,NA,8,7,NA,NA,NA,NA,"Control",NA,35,NA,NA,102,NA,NA,56,NA,NA,35,102,56,193,193,NA,NA,17,8,5,30,30,NA,NA
2017,"Saptari","T100503002",3,2,4,3,3,3,4,2,4,3,4,2,7,2,8,3,7,2,"Treatment",1,6,12,9,8,12,8,14,24,14,27,28,52,107,28,48,31,12,22,10,44,14,16,14
2017,"Saptari","T100501007",2,2,NA,NA,NA,NA,5,2,NA,NA,NA,NA,12,2,NA,NA,NA,NA,"Control",NA,4,NA,NA,10,NA,NA,24,NA,NA,4,10,24,38,38,NA,NA,5,12,2,19,19,NA,NA
2017,"Saptari","T100505008",6,8,NA,NA,NA,NA,20,9,NA,NA,NA,NA,15,8,NA,NA,NA,NA,"Control",NA,48,NA,NA,180,NA,NA,120,NA,NA,48,180,120,348,348,NA,NA,20,15,6,41,41,NA,NA
2017,"Saptari","T109901004",6,7,NA,NA,NA,NA,10,9,NA,NA,NA,NA,9,10,NA,NA,NA,NA,"Control",NA,42,NA,NA,90,NA,NA,90,NA,NA,42,90,90,222,222,NA,NA,10,9,6,25,25,NA,NA
2017,"Saptari","T109901005",7,5,NA,NA,NA,NA,18,9,NA,NA,NA,NA,8,7,NA,NA,NA,NA,"Control",NA,35,NA,NA,162,NA,NA,56,NA,NA,35,162,56,253,253,NA,NA,18,8,7,33,33,NA,NA
2017,"Saptari","T205105003",2,6,3,5,NA,NA,5,6,5,7,NA,NA,5,7,5,7,NA,NA,"Treatment",1,12,15,NA,30,35,NA,35,35,NA,27,65,70,162,77,85,NA,10,10,5,25,12,13,NA
2017,"Saptari","T110507002",1,2,NA,NA,NA,NA,3,2,NA,NA,NA,NA,4,2,NA,NA,NA,NA,"Control",NA,2,NA,NA,6,NA,NA,8,NA,NA,2,6,8,16,16,NA,NA,3,4,1,8,8,NA,NA
2017,"Saptari","C004703001",7,6,NA,NA,NA,NA,18,9,NA,NA,NA,NA,15,8,NA,NA,NA,NA,"Control",NA,42,NA,NA,162,NA,NA,120,NA,NA,42,162,120,324,324,NA,NA,18,15,7,40,40,NA,NA
2017,"Saptari","C001705001",5,5,5,6,5,5,7,8,6,5,7,4,5,5,6,5,8,6,"Control",NA,25,30,25,56,30,28,25,30,48,80,114,103,297,106,90,101,20,19,15,54,17,17,20
2017,"Saptari","T200101005",1,1,1,1,NA,NA,8,3,4,3,NA,NA,5,6,4,3,NA,NA,"Control",NA,1,1,NA,24,12,NA,30,12,NA,2,36,42,80,55,25,NA,12,9,2,23,14,9,NA
2017,"Saptari","T200102004",2,2,2,2,NA,NA,3,3,3,3,NA,NA,4,2,4,2,NA,NA,"Control",NA,4,4,NA,9,9,NA,8,8,NA,8,18,16,42,21,21,NA,6,8,4,18,9,9,NA
2017,"Saptari","T200104003",5,6,5,5,NA,NA,7,8,7,7,NA,NA,5,6,5,7,NA,NA,"Control",NA,30,25,NA,56,49,NA,30,35,NA,55,105,65,225,116,109,NA,14,10,10,34,17,17,NA
2017,"Saptari","T201105001",5,7,NA,NA,NA,NA,19,8,NA,NA,NA,NA,6,5,NA,NA,NA,NA,"Control",NA,35,NA,NA,152,NA,NA,30,NA,NA,35,152,30,217,217,NA,NA,19,6,5,30,30,NA,NA
2017,"Saptari","C009406001",4,20,NA,NA,NA,NA,5,3,NA,NA,NA,NA,NA,NA,NA,NA,NA,NA,"Control",NA,80,NA,NA,15,NA,NA,NA,NA,NA,80,15,NA,95,95,NA,NA,5,NA,4,9,9,NA,NA
2017,"Saptari","T109902001",7,5,NA,NA,NA,NA,11,6,NA,NA,NA,NA,5,6,NA,NA,NA,NA,"Treatment",1,35,NA,NA,66,NA,NA,30,NA,NA,35,66,30,131,131,NA,NA,11,5,7,23,23,NA,NA
2017,"Saptari","T200101001",10,10,NA,NA,NA,NA,30,13,NA,NA,NA,NA,15,7,NA,NA,NA,NA,"Control",NA,100,NA,NA,390,NA,NA,105,NA,NA,100,390,105,595,595,NA,NA,30,15,10,55,55,NA,NA
2017,"Saptari","T203309003",5,4,5,5,NA,NA,5,6,5,5,NA,NA,4,4,4,5,NA,NA,"Control",NA,20,25,NA,30,25,NA,16,20,NA,45,55,36,136,66,70,NA,10,8,10,28,14,14,NA
2017,"Saptari","T107607003",5,3,NA,NA,NA,NA,16,3,NA,NA,NA,NA,20,2,NA,NA,NA,NA,"Control",NA,15,NA,NA,48,NA,NA,40,NA,NA,15,48,40,103,103,NA,NA,16,20,5,41,41,NA,NA
2017,"Saptari","T107601002",5,5,10,13,NA,NA,7,4,8,9,NA,NA,2,7,2,9,NA,NA,"Control",NA,25,130,NA,28,72,NA,14,18,NA,155,100,32,287,67,220,NA,15,4,15,34,14,20,NA
2017,"Saptari","T210904001",5,7,5,5,5,5,5,10,5,2,5,2,6,2,6,2,6,2,"Treatment",1,35,25,25,50,10,10,12,12,12,85,70,36,191,97,47,47,15,18,15,48,16,16,16
2017,"Saptari","T200101003",5,3,NA,NA,NA,NA,5,2,NA,NA,NA,NA,5,2,NA,NA,NA,NA,"Control",NA,15,NA,NA,10,NA,NA,10,NA,NA,15,10,10,35,35,NA,NA,5,5,5,15,15,NA,NA
2017,"Saptari","T210904002",2,2,NA,NA,NA,NA,6,2,NA,NA,NA,NA,12,2,NA,NA,NA,NA,"Control",NA,4,NA,NA,12,NA,NA,24,NA,NA,4,12,24,40,40,NA,NA,6,12,2,20,20,NA,NA
2017,"Saptari","T210905004",5,4,5,3,NA,NA,7,4,5,4,NA,NA,5,3,5,4,NA,NA,"Control",NA,20,15,NA,28,20,NA,15,20,NA,35,48,35,118,63,55,NA,12,10,10,32,17,15,NA
2017,"Saptari","T210101002",5,2,5,3,NA,NA,3,2,4,2,NA,NA,5,5,8,2,NA,NA,"Treatment",1,10,15,NA,6,8,NA,25,16,NA,25,14,41,80,41,39,NA,7,13,10,30,13,17,NA
2017,"Saptari","T210102001",10,6,NA,NA,NA,NA,18,8,NA,NA,NA,NA,8,9,NA,NA,NA,NA,"Control",NA,60,NA,NA,144,NA,NA,72,NA,NA,60,144,72,276,276,NA,NA,18,8,10,36,36,NA,NA
2017,"Saptari","T100509003",1,4,5,3,NA,NA,5,3,3,3,NA,NA,5,3,5,3,NA,NA,"Control",NA,4,15,NA,15,9,NA,15,15,NA,19,24,30,73,34,39,NA,8,10,6,24,11,13,NA
2017,"Saptari","T100503001",4,3,NA,NA,NA,NA,5,4,NA,NA,NA,NA,4,3,NA,NA,NA,NA,"Control",NA,12,NA,NA,20,NA,NA,12,NA,NA,12,20,12,44,44,NA,NA,5,4,4,13,13,NA,NA
2017,"Saptari","T100502006",5,2,NA,NA,NA,NA,6,4,NA,NA,NA,NA,7,2,NA,NA,NA,NA,"Control",NA,10,NA,NA,24,NA,NA,14,NA,NA,10,24,14,48,48,NA,NA,6,7,5,18,18,NA,NA
2017,"Saptari","T100103003",7,7,7,7,NA,NA,10,5,10,8,NA,NA,5,3,5,2,NA,NA,"Control",NA,49,49,NA,50,80,NA,15,10,NA,98,130,25,253,114,139,NA,20,10,14,44,22,22,NA
2017,"Saptari","T100505004",7,8,NA,NA,NA,NA,16,7,NA,NA,NA,NA,9,6,NA,NA,NA,NA,"Control",NA,56,NA,NA,112,NA,NA,54,NA,NA,56,112,54,222,222,NA,NA,16,9,7,32,32,NA,NA
2017,"Saptari","T109903002",7,5,NA,NA,NA,NA,NA,NA,NA,NA,NA,NA,5,4,NA,NA,NA,NA,"Control",NA,35,NA,NA,NA,NA,NA,20,NA,NA,35,NA,20,55,55,NA,NA,NA,5,7,12,12,NA,NA
2017,"Saptari","T109908003",5,7,NA,NA,NA,NA,9,7,NA,NA,NA,NA,NA,NA,NA,NA,NA,NA,"Control",NA,35,NA,NA,63,NA,NA,NA,NA,NA,35,63,NA,98,98,NA,NA,9,NA,5,14,14,NA,NA
2017,"Saptari","C001410002",NA,NA,NA,NA,NA,NA,10,5,NA,NA,NA,NA,NA,NA,NA,NA,NA,NA,"Control",NA,NA,NA,NA,50,NA,NA,NA,NA,NA,NA,50,NA,50,50,NA,NA,10,NA,NA,10,10,NA,NA
2017,"Saptari","T106604003",NA,NA,12,5,NA,NA,NA,NA,8,5,NA,NA,NA,NA,NA,NA,NA,NA,"Control",NA,NA,60,NA,NA,40,NA,NA,NA,NA,60,40,NA,100,NA,100,NA,8,NA,12,20,NA,20,NA
2017,"Saptari","T103207002",NA,NA,NA,NA,NA,NA,14,5,NA,NA,NA,NA,NA,NA,NA,NA,NA,NA,"Control",NA,NA,NA,NA,70,NA,NA,NA,NA,NA,NA,70,NA,70,70,NA,NA,14,NA,NA,14,14,NA,NA
2017,"Saptari","T104201002",NA,NA,NA,NA,NA,NA,NA,NA,NA,NA,NA,NA,NA,NA,NA,NA,NA,NA,"Control",NA,NA,NA,NA,NA,NA,NA,NA,NA,NA,NA,NA,NA,NA,NA,NA,NA,NA,NA,NA,NA,NA,NA,NA
2017,"Saptari","T205104005",NA,NA,NA,NA,NA,NA,10,4,NA,NA,NA,NA,NA,NA,NA,NA,NA,NA,"Control",NA,NA,NA,NA,40,NA,NA,NA,NA,NA,NA,40,NA,40,40,NA,NA,10,NA,NA,10,10,NA,NA
2017,"Saptari","T104209001",10,4,NA,NA,NA,NA,6,4,NA,NA,NA,NA,6,3,NA,NA,NA,NA,"Treatment",1,40,NA,NA,24,NA,NA,18,NA,NA,40,24,18,82,82,NA,NA,6,6,10,22,22,NA,NA
2017,"Saptari","T205104006",NA,NA,NA,NA,NA,NA,15,5,NA,NA,NA,NA,NA,NA,NA,NA,NA,NA,"Control",NA,NA,NA,NA,75,NA,NA,NA,NA,NA,NA,75,NA,75,75,NA,NA,15,NA,NA,15,15,NA,NA
2017,"Saptari","T110503003",NA,NA,NA,NA,NA,NA,10,5,NA,NA,NA,NA,NA,NA,NA,NA,NA,NA,"Control",NA,NA,NA,NA,50,NA,NA,NA,NA,NA,NA,50,NA,50,50,NA,NA,10,NA,NA,10,10,NA,NA
2017,"Saptari","T109203005",20,6,NA,NA,NA,NA,10,4,NA,NA,NA,NA,NA,NA,NA,NA,NA,NA,"Control",NA,120,NA,NA,40,NA,NA,NA,NA,NA,120,40,NA,160,160,NA,NA,10,NA,20,30,30,NA,NA
2017,"Saptari","T109202008",10,8,NA,NA,NA,NA,20,8,NA,NA,NA,NA,NA,NA,NA,NA,NA,NA,"Control",NA,80,NA,NA,160,NA,NA,NA,NA,NA,80,160,NA,240,240,NA,NA,20,NA,10,30,30,NA,NA
2017,"Saptari","T210408001",NA,NA,NA,NA,NA,NA,2,5,4,2,NA,NA,NA,NA,NA,NA,NA,NA,"Treatment",1,NA,NA,NA,10,8,NA,NA,NA,NA,NA,18,NA,18,10,8,NA,6,NA,NA,6,2,4,NA
2017,"Saptari","T106605002",NA,NA,NA,NA,NA,NA,20,4,5,3,NA,NA,8,3,NA,NA,NA,NA,"Treatment",1,NA,NA,NA,80,15,NA,24,NA,NA,NA,95,24,119,104,15,NA,25,8,NA,33,28,5,NA
2017,"Saptari","T203901002",NA,NA,30,8,NA,NA,10,3,30,10,NA,NA,8,5,35,8,NA,NA,"Treatment",1,NA,240,NA,30,300,NA,40,280,NA,240,330,320,890,70,820,NA,40,43,30,113,18,95,NA
2017,"Saptari","T210706005",NA,NA,NA,NA,NA,NA,8,6,NA,NA,NA,NA,NA,NA,NA,NA,NA,NA,"Control",NA,NA,NA,NA,48,NA,NA,NA,NA,NA,NA,48,NA,48,48,NA,NA,8,NA,NA,8,8,NA,NA
2017,"Saptari","T210709001",10,5,5,5,NA,NA,10,5,5,4,NA,NA,40,6,10,4,NA,NA,"Treatment",1,50,25,NA,50,20,NA,240,40,NA,75,70,280,425,340,85,NA,15,50,15,80,60,20,NA
2017,"Saptari","T203901008",NA,NA,NA,NA,NA,NA,15,5,NA,NA,NA,NA,NA,NA,NA,NA,NA,NA,"Control",NA,NA,NA,NA,75,NA,NA,NA,NA,NA,NA,75,NA,75,75,NA,NA,15,NA,NA,15,15,NA,NA
2017,"Saptari","T203908009",NA,NA,NA,NA,NA,NA,15,5,NA,NA,NA,NA,5,3,NA,NA,NA,NA,"Control",NA,NA,NA,NA,75,NA,NA,15,NA,NA,NA,75,15,90,90,NA,NA,15,5,NA,20,20,NA,NA
2017,"Saptari","T210703006",NA,NA,NA,NA,NA,NA,5,6,NA,NA,NA,NA,NA,NA,NA,NA,NA,NA,"Control",NA,NA,NA,NA,30,NA,NA,NA,NA,NA,NA,30,NA,30,30,NA,NA,5,NA,NA,5,5,NA,NA
2017,"Saptari","T109202009",10,6,NA,NA,NA,NA,10,8,NA,NA,NA,NA,NA,NA,NA,NA,NA,NA,"Control",NA,60,NA,NA,80,NA,NA,NA,NA,NA,60,80,NA,140,140,NA,NA,10,NA,10,20,20,NA,NA
2017,"Saptari","A104507035",45,5,NA,NA,NA,NA,55,4,NA,NA,NA,NA,60,5,NA,NA,NA,NA,"Treatment",1,225,NA,NA,220,NA,NA,300,NA,NA,225,220,300,745,745,NA,NA,55,60,45,160,160,NA,NA
2017,"Saptari","A110402001",10,5,NA,NA,NA,NA,20,5,NA,NA,NA,NA,15,6,NA,NA,NA,NA,"Treatment",1,50,NA,NA,100,NA,NA,90,NA,NA,50,100,90,240,240,NA,NA,20,15,10,45,45,NA,NA
2018,"Saptari","T210703008",5,8,5,12,NA,NA,9,10,12,15,NA,12,NA,NA,NA,NA,NA,NA,"Control",NA,40,60,NA,90,180,NA,NA,NA,NA,100,270,NA,370,130,240,NA,21,NA,10,31,14,17,NA
2018,"Saptari","T210709003",3,6,4,5,2,6,15,7,5,7,NA,NA,13,6,NA,NA,NA,NA,"Treatment",1,18,20,12,105,35,NA,78,NA,NA,50,140,78,268,201,55,12,20,13,9,42,31,9,2
2018,"Saptari","T204807001",5,6,NA,NA,NA,NA,5,4,NA,NA,NA,NA,NA,NA,NA,NA,NA,NA,"Control",NA,30,NA,NA,20,NA,NA,NA,NA,NA,30,20,NA,50,50,NA,NA,5,NA,5,10,10,NA,NA
2018,"Saptari","T103209004",5,8,NA,NA,NA,NA,7,12,NA,NA,NA,NA,NA,NA,NA,NA,NA,NA,"Control",NA,40,NA,NA,84,NA,NA,NA,NA,NA,40,84,NA,124,124,NA,NA,7,NA,5,12,12,NA,NA
2018,"Saptari","C001401001",7,9,NA,NA,NA,NA,25,12,NA,NA,NA,NA,9,12,NA,NA,NA,NA,"Control",NA,63,NA,NA,300,NA,NA,108,NA,NA,63,300,108,471,471,NA,NA,25,9,7,41,41,NA,NA
2018,"Saptari","T110502004",2,5,NA,NA,NA,NA,2,5,NA,NA,NA,NA,NA,NA,NA,NA,NA,NA,"Control",NA,10,NA,NA,10,NA,NA,NA,NA,NA,10,10,NA,20,20,NA,NA,2,NA,2,4,4,NA,NA
2018,"Saptari","T104201003",7,12,NA,NA,NA,NA,5,7,NA,NA,NA,NA,NA,NA,NA,NA,NA,NA,"Control",NA,84,NA,NA,35,NA,NA,NA,NA,NA,84,35,NA,119,119,NA,NA,5,NA,7,12,12,NA,NA
2018,"Saptari","T109205004",7,6,5,5,NA,NA,15,7,12,5,NA,NA,7,7,NA,NA,NA,NA,"Treatment",1,42,25,NA,105,60,NA,49,NA,NA,67,165,49,281,196,85,NA,27,7,12,46,29,17,NA
2018,"Saptari","T109203003",NA,NA,NA,NA,NA,NA,10,8,NA,NA,NA,NA,7,7,NA,NA,NA,NA,"Control",NA,NA,NA,NA,80,NA,NA,49,NA,NA,NA,80,49,129,129,NA,NA,10,7,NA,17,17,NA,NA
2018,"Saptari","T109202002",2,5,8,8,9,8,5,8,8,12,9,10,NA,NA,7,7,8,10,"Control",NA,10,64,72,40,96,90,NA,49,80,146,226,129,501,50,209,242,22,15,19,56,7,23,26
2018,"Saptari","T110505001",7,6,7,5,NA,NA,8,6,3,5,2,9,7,6,3,4,5,17,"Treatment",1,42,35,NA,48,15,18,42,12,85,77,81,139,297,132,62,103,13,15,14,42,22,13,7
2018,"Saptari","T109201006",5,10,NA,NA,NA,NA,18,17,NA,NA,NA,NA,10,15,NA,NA,NA,NA,"Control",NA,50,NA,NA,306,NA,NA,150,NA,NA,50,306,150,506,506,NA,NA,18,10,5,33,33,NA,NA
2018,"Saptari","T210405002",5,7,4,6,NA,NA,11,8,7,10,NA,NA,NA,NA,NA,NA,NA,NA,"Control",NA,35,24,NA,88,70,NA,NA,NA,NA,59,158,NA,217,123,94,NA,18,NA,9,27,16,11,NA
2018,"Saptari","T210407003",20,9,NA,NA,NA,NA,30,12,NA,NA,NA,NA,10,15,NA,NA,NA,NA,"Control",NA,180,NA,NA,360,NA,NA,150,NA,NA,180,360,150,690,690,NA,NA,30,10,20,60,60,NA,NA
2018,"Saptari","T203907006",7,15,NA,NA,NA,NA,25,17,NA,NA,NA,NA,NA,NA,NA,NA,NA,NA,"Control",NA,105,NA,NA,425,NA,NA,NA,NA,NA,105,425,NA,530,530,NA,NA,25,NA,7,32,32,NA,NA
2018,"Saptari","T203908005",3,5,3,10,NA,NA,5,8,3,12,NA,NA,4,5,5,10,NA,NA,"Control",NA,15,30,NA,40,36,NA,20,50,NA,45,76,70,191,75,116,NA,8,9,6,23,12,11,NA
2018,"Saptari","T203900307",5,18,NA,NA,NA,NA,20,17,NA,NA,NA,NA,NA,NA,NA,NA,NA,NA,"Control",NA,90,NA,NA,340,NA,NA,NA,NA,NA,90,340,NA,430,430,NA,NA,20,NA,5,25,25,NA,NA
2018,"Saptari","T106604005",3,9,NA,NA,NA,NA,8,15,NA,NA,NA,NA,NA,NA,NA,NA,NA,NA,"Control",NA,27,NA,NA,120,NA,NA,NA,NA,NA,27,120,NA,147,147,NA,NA,8,NA,3,11,11,NA,NA
2018,"Saptari","T203901004",7,8,NA,NA,NA,NA,10,10,NA,NA,NA,NA,NA,NA,NA,NA,NA,NA,"Control",NA,56,NA,NA,100,NA,NA,NA,NA,NA,56,100,NA,156,156,NA,NA,10,NA,7,17,17,NA,NA
2018,"Saptari","T106604003",NA,NA,NA,NA,NA,NA,NA,NA,15,4,NA,NA,NA,NA,5,4,NA,NA,"Control",NA,NA,NA,NA,NA,60,NA,NA,20,NA,NA,60,20,80,NA,80,NA,15,5,NA,20,NA,20,NA
2018,"Saptari","T103207002",NA,NA,NA,NA,NA,NA,15,4,NA,NA,NA,NA,NA,NA,NA,NA,NA,NA,"Control",NA,NA,NA,NA,60,NA,NA,NA,NA,NA,NA,60,NA,60,60,NA,NA,15,NA,NA,15,15,NA,NA
2018,"Saptari","T104201002",NA,NA,NA,NA,NA,NA,10,4,NA,NA,NA,NA,NA,NA,NA,NA,NA,NA,"Control",NA,NA,NA,NA,40,NA,NA,NA,NA,NA,NA,40,NA,40,40,NA,NA,10,NA,NA,10,10,NA,NA
2018,"Saptari","T205104005",NA,NA,NA,NA,NA,NA,9,5,NA,NA,NA,NA,NA,NA,NA,NA,NA,NA,"Control",NA,NA,NA,NA,45,NA,NA,NA,NA,NA,NA,45,NA,45,45,NA,NA,9,NA,NA,9,9,NA,NA
2018,"Saptari","C001410002",NA,NA,NA,NA,NA,NA,7,5,NA,NA,NA,NA,NA,NA,NA,NA,NA,NA,"Control",NA,NA,NA,NA,35,NA,NA,NA,NA,NA,NA,35,NA,35,35,NA,NA,7,NA,NA,7,7,NA,NA
2018,"Saptari","T104209001",NA,NA,NA,NA,NA,NA,10,4,NA,NA,NA,NA,NA,NA,NA,NA,NA,NA,"Treatment",1,NA,NA,NA,40,NA,NA,NA,NA,NA,NA,40,NA,40,40,NA,NA,10,NA,NA,10,10,NA,NA
2018,"Saptari","T205104006",NA,NA,NA,NA,NA,NA,20,4,NA,NA,NA,NA,NA,NA,NA,NA,NA,NA,"Control",NA,NA,NA,NA,80,NA,NA,NA,NA,NA,NA,80,NA,80,80,NA,NA,20,NA,NA,20,20,NA,NA
2018,"Saptari","T110503003",NA,NA,NA,NA,NA,NA,10,6,NA,NA,NA,NA,NA,NA,NA,NA,NA,NA,"Control",NA,NA,NA,NA,60,NA,NA,NA,NA,NA,NA,60,NA,60,60,NA,NA,10,NA,NA,10,10,NA,NA
2018,"Saptari","T109203005",NA,NA,NA,NA,NA,NA,7,4,NA,NA,NA,NA,NA,NA,NA,NA,NA,NA,"Control",NA,NA,NA,NA,28,NA,NA,NA,NA,NA,NA,28,NA,28,28,NA,NA,7,NA,NA,7,7,NA,NA
2018,"Saptari","T109202008",NA,NA,NA,NA,NA,NA,20,5,NA,NA,NA,NA,NA,NA,NA,NA,NA,NA,"Control",NA,NA,NA,NA,100,NA,NA,NA,NA,NA,NA,100,NA,100,100,NA,NA,20,NA,NA,20,20,NA,NA
2018,"Saptari","T210408001",NA,NA,NA,NA,NA,NA,2,5,4,2,NA,NA,NA,NA,NA,NA,NA,NA,"Treatment",1,NA,NA,NA,10,8,NA,NA,NA,NA,NA,18,NA,18,10,8,NA,6,NA,NA,6,2,4,NA
2018,"Saptari","T106605002",NA,NA,NA,NA,NA,NA,10,5,NA,NA,15,5,NA,NA,NA,NA,NA,NA,"Treatment",1,NA,NA,NA,50,NA,75,NA,NA,NA,NA,125,NA,125,50,NA,75,25,NA,NA,25,10,NA,15
2018,"Saptari","T203901002",10,4,NA,NA,NA,NA,15,5,25,8,NA,NA,12,4,30,8,NA,NA,"Treatment",1,40,NA,NA,75,200,NA,48,240,NA,40,275,288,603,163,440,NA,40,42,10,92,37,55,NA
2018,"Saptari","T109202009",NA,NA,NA,NA,NA,NA,10,7,NA,NA,NA,NA,NA,NA,NA,NA,NA,NA,"Control",NA,NA,NA,NA,70,NA,NA,NA,NA,NA,NA,70,NA,70,70,NA,NA,10,NA,NA,10,10,NA,NA
2018,"Saptari","T210706005",NA,NA,NA,NA,NA,NA,20,5,NA,NA,NA,NA,30,10,NA,NA,NA,NA,"Control",NA,NA,NA,NA,100,NA,NA,300,NA,NA,NA,100,300,400,400,NA,NA,20,30,NA,50,50,NA,NA
2018,"Saptari","T210709001",NA,NA,NA,NA,NA,NA,15,6,8,4,NA,NA,10,6,NA,NA,NA,NA,"Treatment",1,NA,NA,NA,90,32,NA,60,NA,NA,NA,122,60,182,150,32,NA,23,10,NA,33,25,8,NA
2018,"Saptari","T203901008",NA,NA,NA,NA,NA,NA,20,4,NA,NA,NA,NA,NA,NA,NA,NA,NA,NA,"Control",NA,NA,NA,NA,80,NA,NA,NA,NA,NA,NA,80,NA,80,80,NA,NA,20,NA,NA,20,20,NA,NA
2018,"Saptari","T203908009",NA,NA,NA,NA,NA,NA,15,5,NA,NA,NA,NA,NA,NA,NA,NA,NA,NA,"Control",NA,NA,NA,NA,75,NA,NA,NA,NA,NA,NA,75,NA,75,75,NA,NA,15,NA,NA,15,15,NA,NA
2018,"Saptari","T210703006",NA,NA,NA,NA,NA,NA,1,4,NA,NA,NA,NA,NA,NA,NA,NA,NA,NA,"Control",NA,NA,NA,NA,4,NA,NA,NA,NA,NA,NA,4,NA,4,4,NA,NA,1,NA,NA,1,1,NA,NA
2018,"Saptari","T108803015",7,10,NA,NA,NA,NA,10,6,NA,NA,NA,NA,5,2,NA,NA,NA,NA,"Control",NA,70,NA,NA,60,NA,NA,10,NA,NA,70,60,10,140,140,NA,NA,10,5,7,22,22,NA,NA
2018,"Saptari","C009006001",10,10,NA,NA,NA,NA,10,6,NA,NA,NA,NA,NA,NA,NA,NA,NA,NA,"Control",NA,100,NA,NA,60,NA,NA,NA,NA,NA,100,60,NA,160,160,NA,NA,10,NA,10,20,20,NA,NA
2018,"Saptari","T106006001",NA,NA,NA,NA,NA,NA,NA,NA,NA,NA,NA,NA,NA,NA,NA,NA,NA,NA,"Control",NA,NA,NA,NA,NA,NA,NA,NA,NA,NA,NA,NA,NA,NA,NA,NA,NA,NA,NA,NA,NA,NA,NA,NA
2018,"Saptari","T107609001",NA,NA,NA,NA,NA,NA,9,5,NA,NA,NA,NA,NA,NA,NA,NA,NA,NA,"Control",NA,NA,NA,NA,45,NA,NA,NA,NA,NA,NA,45,NA,45,45,NA,NA,9,NA,NA,9,9,NA,NA
2018,"Saptari","T108808014",8,8,5,7,NA,NA,4,5,NA,NA,NA,NA,NA,NA,NA,NA,NA,NA,"Control",NA,64,35,NA,20,NA,NA,NA,NA,NA,99,20,NA,119,84,35,NA,4,NA,13,17,12,5,NA
2018,"Saptari","C001701002",NA,NA,NA,NA,NA,NA,5,5,NA,NA,NA,NA,NA,NA,NA,NA,NA,NA,"Control",NA,NA,NA,NA,25,NA,NA,NA,NA,NA,NA,25,NA,25,25,NA,NA,5,NA,NA,5,5,NA,NA
2018,"Saptari","C008508001",NA,NA,NA,NA,NA,NA,3,7,3,7,NA,NA,5,2,3,2,NA,NA,"Control",NA,NA,NA,NA,21,21,NA,10,6,NA,NA,42,16,58,31,27,NA,6,8,NA,14,8,6,NA
2018,"Saptari","T107104001",5,10,5,1,5,10,2,10,4,2,5,1,8,2,7,1,5,1,"Control",NA,50,5,50,20,8,5,16,7,5,105,33,28,166,86,20,60,11,20,15,46,15,16,15
2018,"Saptari","T102009002",10,8,2,5,NA,NA,10,5,5,5,NA,NA,15,3,NA,NA,NA,NA,"Control",NA,80,10,NA,50,25,NA,45,NA,NA,90,75,45,210,175,35,NA,15,15,12,42,35,7,NA
2018,"Saptari","T102007003",2,5,NA,NA,NA,NA,4,6,NA,NA,NA,NA,NA,NA,NA,NA,NA,NA,"Control",NA,10,NA,NA,24,NA,NA,NA,NA,NA,10,24,NA,34,34,NA,NA,4,NA,2,6,6,NA,NA
2018,"Saptari","T106006002",NA,NA,NA,NA,NA,NA,NA,NA,NA,NA,NA,NA,NA,NA,NA,NA,NA,NA,"Control",NA,NA,NA,NA,NA,NA,NA,NA,NA,NA,NA,NA,NA,NA,NA,NA,NA,NA,NA,NA,NA,NA,NA,NA
2018,"Saptari","C009006002",NA,NA,NA,NA,NA,NA,5,7,7,5,NA,NA,10,10,10,5,NA,NA,"Control",NA,NA,NA,NA,35,35,NA,100,50,NA,NA,70,150,220,135,85,NA,12,20,NA,32,15,17,NA
2018,"Saptari","T211002001",6,8,NA,NA,NA,NA,5,10,NA,NA,NA,NA,NA,NA,NA,NA,NA,NA,"Control",NA,48,NA,NA,50,NA,NA,NA,NA,NA,48,50,NA,98,98,NA,NA,5,NA,6,11,11,NA,NA
2018,"Saptari","T107605005",NA,NA,NA,NA,NA,NA,8,5,NA,NA,NA,NA,NA,NA,NA,NA,NA,NA,"Control",NA,NA,NA,NA,40,NA,NA,NA,NA,NA,NA,40,NA,40,40,NA,NA,8,NA,NA,8,8,NA,NA
2018,"Saptari","T104305001",7,7,NA,NA,NA,NA,17,10,NA,NA,NA,NA,8,10,NA,NA,NA,NA,"Control",NA,49,NA,NA,170,NA,NA,80,NA,NA,49,170,80,299,299,NA,NA,17,8,7,32,32,NA,NA
2018,"Saptari","C009006003",8,10,NA,NA,NA,NA,5,10,NA,NA,NA,NA,10,5,NA,NA,NA,NA,"Control",NA,80,NA,NA,50,NA,NA,50,NA,NA,80,50,50,180,180,NA,NA,5,10,8,23,23,NA,NA
2018,"Saptari","T107104002",7,6,NA,NA,NA,NA,4,6,NA,NA,NA,NA,NA,NA,NA,NA,NA,NA,"Control",NA,42,NA,NA,24,NA,NA,NA,NA,NA,42,24,NA,66,66,NA,NA,4,NA,7,11,11,NA,NA
2018,"Saptari","T102007001",7,5,5,6,10,8,3,5,5,6,5,5,NA,NA,NA,NA,NA,NA,"Treatment",1,35,30,80,15,30,25,NA,NA,NA,145,70,NA,215,50,60,105,13,NA,22,35,10,10,15
2018,"Saptari","T102007004",3,5,NA,NA,20,5,NA,NA,NA,NA,9,4,NA,NA,NA,NA,15,2,"Control",NA,15,NA,100,NA,NA,36,NA,NA,30,115,36,30,181,15,NA,166,9,15,23,47,3,NA,44
2018,"Saptari","C001401004",NA,NA,NA,NA,NA,NA,12,4,NA,NA,NA,NA,NA,NA,NA,NA,NA,NA,"Control",NA,NA,NA,NA,48,NA,NA,NA,NA,NA,NA,48,NA,48,48,NA,NA,12,NA,NA,12,12,NA,NA
2018,"Saptari","T104203004",NA,NA,NA,NA,NA,NA,15,3,NA,NA,NA,NA,NA,NA,NA,NA,NA,NA,"Control",NA,NA,NA,NA,45,NA,NA,NA,NA,NA,NA,45,NA,45,45,NA,NA,15,NA,NA,15,15,NA,NA
2018,"Saptari","T110502003",NA,NA,NA,NA,NA,NA,10,3,NA,NA,NA,NA,NA,NA,NA,NA,NA,NA,"Control",NA,NA,NA,NA,30,NA,NA,NA,NA,NA,NA,30,NA,30,30,NA,NA,10,NA,NA,10,10,NA,NA
2018,"Saptari","T210708002",25,4,NA,NA,NA,NA,35,4,NA,NA,NA,NA,40,6,NA,NA,NA,NA,"Treatment",1,100,NA,NA,140,NA,NA,240,NA,NA,100,140,240,480,480,NA,NA,35,40,25,100,100,NA,NA
2018,"Saptari","T203908001",27,6,10,5,NA,NA,27,6,12,4,NA,NA,35,6,NA,NA,NA,NA,"Treatment",1,162,50,NA,162,48,NA,210,NA,NA,212,210,210,632,534,98,NA,39,35,37,111,89,22,NA
2018,"Saptari","T203903003",10,4,NA,NA,NA,NA,15,6,NA,NA,NA,NA,20,4,NA,NA,NA,NA,"Control",NA,40,NA,NA,90,NA,NA,80,NA,NA,40,90,80,210,210,NA,NA,15,20,10,45,45,NA,NA
2018,"Saptari","T106604004",8,10,NA,NA,NA,NA,10,9,NA,NA,NA,NA,25,7,NA,NA,NA,NA,"Control",NA,80,NA,NA,90,NA,NA,175,NA,NA,80,90,175,345,345,NA,NA,10,25,8,43,43,NA,NA
2018,"Saptari","T206702001",NA,NA,NA,NA,NA,NA,12,5,NA,NA,NA,NA,NA,NA,NA,NA,NA,NA,"Control",NA,NA,NA,NA,60,NA,NA,NA,NA,NA,NA,60,NA,60,60,NA,NA,12,NA,NA,12,12,NA,NA
2018,"Saptari","T109202010",NA,NA,NA,NA,NA,NA,13,6,NA,NA,NA,NA,NA,NA,NA,NA,NA,NA,"Control",NA,NA,NA,NA,78,NA,NA,NA,NA,NA,NA,78,NA,78,78,NA,NA,13,NA,NA,13,13,NA,NA
2018,"Saptari","T109201007",NA,NA,NA,NA,NA,NA,13,5,NA,NA,NA,NA,NA,NA,NA,NA,NA,NA,"Control",NA,NA,NA,NA,65,NA,NA,NA,NA,NA,NA,65,NA,65,65,NA,NA,13,NA,NA,13,13,NA,NA
2018,"Saptari","T110510001",NA,NA,NA,NA,NA,NA,10,4,NA,NA,NA,NA,NA,NA,NA,NA,NA,NA,"Control",NA,NA,NA,NA,40,NA,NA,NA,NA,NA,NA,40,NA,40,40,NA,NA,10,NA,NA,10,10,NA,NA
2018,"Saptari","T103207003",NA,NA,NA,NA,NA,NA,NA,NA,NA,NA,NA,NA,NA,NA,NA,NA,NA,NA,"Control",NA,NA,NA,NA,NA,NA,NA,NA,NA,NA,NA,NA,NA,NA,NA,NA,NA,NA,NA,NA,NA,NA,NA,NA
2018,"Saptari","T103204001",50,4,NA,NA,NA,NA,35,5,NA,NA,NA,NA,60,7,NA,NA,NA,NA,"Treatment",1,200,NA,NA,175,NA,NA,420,NA,NA,200,175,420,795,795,NA,NA,35,60,50,145,145,NA,NA
2018,"Saptari","T210701004",NA,NA,NA,NA,NA,NA,NA,NA,NA,NA,NA,NA,NA,NA,NA,NA,NA,NA,"Treatment",1,NA,NA,NA,NA,NA,NA,NA,NA,NA,NA,NA,NA,NA,NA,NA,NA,NA,NA,NA,NA,NA,NA,NA
2018,"Saptari","T210701007",NA,NA,NA,NA,NA,NA,7,4,NA,NA,NA,NA,20,4,NA,NA,NA,NA,"Control",NA,NA,NA,NA,28,NA,NA,80,NA,NA,NA,28,80,108,108,NA,NA,7,20,NA,27,27,NA,NA
2018,"Saptari","T109203001",15,4,NA,NA,NA,NA,30,4,NA,NA,NA,NA,35,4,NA,NA,NA,NA,"Treatment",1,60,NA,NA,120,NA,NA,140,NA,NA,60,120,140,320,320,NA,NA,30,35,15,80,80,NA,NA
2018,"Saptari","T210407004",NA,NA,NA,NA,NA,NA,6,3,NA,NA,NA,NA,8,4,NA,NA,NA,NA,"Control",NA,NA,NA,NA,18,NA,NA,32,NA,NA,NA,18,32,50,50,NA,NA,6,8,NA,14,14,NA,NA
2018,"Saptari","C008109001",NA,NA,NA,NA,NA,NA,NA,NA,56,6,NA,NA,NA,NA,NA,NA,NA,NA,"Control",NA,NA,NA,NA,NA,336,NA,NA,NA,NA,NA,336,NA,336,NA,336,NA,56,NA,NA,56,NA,56,NA
2018,"Saptari","T200103002",1,1,1,2,1,1,2,2,4,2,2,2,2,5,3,3,3,2,"Treatment",1,1,2,1,4,8,4,10,9,6,4,16,25,45,15,19,11,8,8,3,19,5,8,6
2018,"Saptari","T107607004",1,1,1,1,NA,NA,4,2,2,1,NA,NA,3,2,3,4,NA,NA,"Control",NA,1,1,NA,8,2,NA,6,12,NA,2,10,18,30,15,15,NA,6,6,2,14,8,6,NA
2018,"Saptari","T108803001",1,2,1,2,NA,NA,5,6,4,3,NA,NA,5,6,4,3,NA,NA,"Control",NA,2,2,NA,30,12,NA,30,12,NA,4,42,42,88,62,26,NA,9,9,2,20,11,9,NA
2018,"Saptari","T108804002",2,1,NA,NA,NA,NA,5,2,NA,NA,NA,NA,6,2,NA,NA,NA,NA,"Control",NA,2,NA,NA,10,NA,NA,12,NA,NA,2,10,12,24,24,NA,NA,5,6,2,13,13,NA,NA
2018,"Saptari","T203309001",1,1,1,1,1,1,2,3,2,3,2,3,5,2,3,1,4,1,"Control",NA,1,1,1,6,6,6,10,3,4,3,18,17,38,17,10,11,6,12,3,21,8,6,7
2018,"Saptari","T203308002",5,7,NA,NA,NA,NA,17,6,NA,NA,NA,NA,8,7,NA,NA,NA,NA,"Control",NA,35,NA,NA,102,NA,NA,56,NA,NA,35,102,56,193,193,NA,NA,17,8,5,30,30,NA,NA
2018,"Saptari","T100503002",2,6,15,10,15,12,10,6,20,12,17,14,5,6,NA,NA,NA,NA,"Treatment",1,12,150,180,60,240,238,30,NA,NA,342,538,30,910,102,390,418,47,5,32,84,17,35,32
2018,"Saptari","T100501007",1,2,NA,NA,NA,NA,5,6,NA,NA,NA,NA,7,8,NA,NA,NA,NA,"Control",NA,2,NA,NA,30,NA,NA,56,NA,NA,2,30,56,88,88,NA,NA,5,7,1,13,13,NA,NA
2018,"Saptari","T100505008",6,8,NA,NA,NA,NA,20,9,NA,NA,NA,NA,15,8,NA,NA,NA,NA,"Control",NA,48,NA,NA,180,NA,NA,120,NA,NA,48,180,120,348,348,NA,NA,20,15,6,41,41,NA,NA
2018,"Saptari","T109901004",6,7,NA,NA,NA,NA,10,9,NA,NA,NA,NA,9,10,NA,NA,NA,NA,"Control",NA,42,NA,NA,90,NA,NA,90,NA,NA,42,90,90,222,222,NA,NA,10,9,6,25,25,NA,NA
2018,"Saptari","T109901005",7,5,NA,NA,NA,NA,18,9,NA,NA,NA,NA,8,7,NA,NA,NA,NA,"Control",NA,35,NA,NA,162,NA,NA,56,NA,NA,35,162,56,253,253,NA,NA,18,8,7,33,33,NA,NA
2018,"Saptari","T205105003",2,6,3,5,NA,NA,5,6,5,7,NA,NA,5,7,5,7,NA,NA,"Treatment",1,12,15,NA,30,35,NA,35,35,NA,27,65,70,162,77,85,NA,10,10,5,25,12,13,NA
2018,"Saptari","T110507002",2,1,NA,NA,NA,NA,3,5,NA,NA,NA,NA,6,7,NA,NA,NA,NA,"Control",NA,2,NA,NA,15,NA,NA,42,NA,NA,2,15,42,59,59,NA,NA,3,6,2,11,11,NA,NA
2018,"Saptari","C004703001",7,6,NA,NA,NA,NA,18,9,NA,NA,NA,NA,15,8,NA,NA,NA,NA,"Control",NA,42,NA,NA,162,NA,NA,120,NA,NA,42,162,120,324,324,NA,NA,18,15,7,40,40,NA,NA
2018,"Saptari","C001705001",5,5,5,6,5,5,7,8,6,5,7,4,5,5,6,5,8,6,"Control",NA,25,30,25,56,30,28,25,30,48,80,114,103,297,106,90,101,20,19,15,54,17,17,20
2018,"Saptari","T200101005",1,1,1,1,NA,NA,3,3,4,3,NA,NA,5,6,4,3,NA,NA,"Control",NA,1,1,NA,9,12,NA,30,12,NA,2,21,42,65,40,25,NA,7,9,2,18,9,9,NA
2018,"Saptari","T200102004",5,6,7,6,NA,NA,7,7,10,6,NA,NA,5,5,6,5,NA,NA,"Control",NA,30,42,NA,49,60,NA,25,30,NA,72,109,55,236,104,132,NA,17,11,12,40,17,23,NA
2018,"Saptari","T200104003",5,6,5,5,NA,NA,7,8,7,7,NA,NA,5,6,5,7,NA,NA,"Control",NA,30,25,NA,56,49,NA,30,35,NA,55,105,65,225,116,109,NA,14,10,10,34,17,17,NA
2018,"Saptari","T201105001",5,7,NA,NA,NA,NA,19,8,NA,NA,NA,NA,6,5,NA,NA,NA,NA,"Control",NA,35,NA,NA,152,NA,NA,30,NA,NA,35,152,30,217,217,NA,NA,19,6,5,30,30,NA,NA
2018,"Saptari","C009406001",4,3,NA,NA,NA,NA,5,3,NA,NA,NA,NA,NA,NA,NA,NA,NA,NA,"Control",NA,12,NA,NA,15,NA,NA,NA,NA,NA,12,15,NA,27,27,NA,NA,5,NA,4,9,9,NA,NA
2018,"Saptari","T109902001",6,5,NA,NA,NA,NA,10,6,NA,NA,NA,NA,3,5,NA,NA,NA,NA,"Treatment",1,30,NA,NA,60,NA,NA,15,NA,NA,30,60,15,105,105,NA,NA,10,3,6,19,19,NA,NA
2018,"Saptari","T200101001",9,6,NA,NA,NA,NA,20,8,NA,NA,NA,NA,7,7,NA,NA,NA,NA,"Control",NA,54,NA,NA,160,NA,NA,49,NA,NA,54,160,49,263,263,NA,NA,20,7,9,36,36,NA,NA
2018,"Saptari","T203309003",9,7,3,5,NA,NA,7,6,3,2,NA,NA,10,8,3,4,NA,NA,"Control",NA,63,15,NA,42,6,NA,80,12,NA,78,48,92,218,185,33,NA,10,13,12,35,26,9,NA
2018,"Saptari","T107607003",5,3,NA,NA,NA,NA,16,3,NA,NA,NA,NA,20,2,NA,NA,NA,NA,"Control",NA,15,NA,NA,48,NA,NA,40,NA,NA,15,48,40,103,103,NA,NA,16,20,5,41,41,NA,NA
2018,"Saptari","T107601002",5,5,3,8,NA,NA,5,6,9,7,NA,NA,2,5,9,7,NA,NA,"Control",NA,25,24,NA,30,63,NA,10,63,NA,49,93,73,215,65,150,NA,14,11,8,33,12,21,NA
2018,"Saptari","T210904001",5,10,5,2,5,2,5,7,5,5,5,5,6,2,6,2,6,2,"Treatment",1,50,10,10,35,25,25,12,12,12,70,85,36,191,97,47,47,15,18,15,48,16,16,16
2018,"Saptari","T200101003",5,3,NA,NA,NA,NA,5,2,NA,NA,NA,NA,5,2,NA,NA,NA,NA,"Control",NA,15,NA,NA,10,NA,NA,10,NA,NA,15,10,10,35,35,NA,NA,5,5,5,15,15,NA,NA
2018,"Saptari","T210904002",2,2,NA,NA,NA,NA,6,2,NA,NA,NA,NA,12,2,NA,NA,NA,NA,"Control",NA,4,NA,NA,12,NA,NA,24,NA,NA,4,12,24,40,40,NA,NA,6,12,2,20,20,NA,NA
2018,"Saptari","T210905004",5,4,5,3,NA,NA,7,4,5,4,NA,NA,5,3,5,4,NA,NA,"Control",NA,20,15,NA,28,20,NA,15,20,NA,35,48,35,118,63,55,NA,12,10,10,32,17,15,NA
2018,"Saptari","T210101002",9,5,15,8,NA,NA,18,6,20,9,NA,NA,5,5,7,4,NA,NA,"Treatment",1,45,120,NA,108,180,NA,25,28,NA,165,288,53,506,178,328,NA,38,12,24,74,32,42,NA
2018,"Saptari","T210102001",10,6,NA,NA,NA,NA,18,8,NA,NA,NA,NA,8,9,NA,NA,NA,NA,"Control",NA,60,NA,NA,144,NA,NA,72,NA,NA,60,144,72,276,276,NA,NA,18,8,10,36,36,NA,NA
2018,"Saptari","T100509003",1,5,1,2,NA,NA,7,3,3,2,NA,NA,5,2,5,2,NA,NA,"Control",NA,5,2,NA,21,6,NA,10,10,NA,7,27,20,54,36,18,NA,10,10,2,22,13,9,NA
2018,"Saptari","T100503001",4,3,NA,NA,NA,NA,5,4,NA,NA,NA,NA,4,3,NA,NA,NA,NA,"Control",NA,12,NA,NA,20,NA,NA,12,NA,NA,12,20,12,44,44,NA,NA,5,4,4,13,13,NA,NA
2018,"Saptari","T100502006",2,2,NA,NA,NA,NA,3,2,NA,NA,NA,NA,6,2,NA,NA,NA,NA,"Control",NA,4,NA,NA,6,NA,NA,12,NA,NA,4,6,12,22,22,NA,NA,3,6,2,11,11,NA,NA
2018,"Saptari","T100103003",3,5,7,7,NA,NA,7,5,10,8,NA,NA,2,6,5,2,NA,NA,"Control",NA,15,49,NA,35,80,NA,12,10,NA,64,115,22,201,62,139,NA,17,7,10,34,12,22,NA
2018,"Saptari","T100505004",2,5,NA,NA,NA,NA,3,9,NA,NA,NA,NA,6,6,NA,NA,NA,NA,"Control",NA,10,NA,NA,27,NA,NA,36,NA,NA,10,27,36,73,73,NA,NA,3,6,2,11,11,NA,NA
2018,"Saptari","T109903002",7,5,NA,NA,NA,NA,NA,NA,NA,NA,NA,NA,5,4,NA,NA,NA,NA,"Control",NA,35,NA,NA,NA,NA,NA,20,NA,NA,35,NA,20,55,55,NA,NA,NA,5,7,12,12,NA,NA
2018,"Saptari","T109908003",2,7,NA,NA,NA,NA,4,5,NA,NA,NA,NA,NA,NA,NA,NA,NA,NA,"Control",NA,14,NA,NA,20,NA,NA,NA,NA,NA,14,20,NA,34,34,NA,NA,4,NA,2,6,6,NA,NA
2018,"Saptari","T100502005",2,2,NA,NA,NA,NA,3,4,NA,NA,NA,NA,5,5,NA,NA,NA,NA,"Control",NA,4,NA,NA,12,NA,NA,25,NA,NA,4,12,25,41,41,NA,NA,3,5,2,10,10,NA,NA
2018,"Saptari","A110402001",10,5,NA,NA,NA,NA,20,5,NA,NA,NA,NA,15,6,NA,NA,NA,NA,"Treatment",1,50,NA,NA,100,NA,NA,90,NA,NA,50,100,90,240,240,NA,NA,20,15,10,45,45,NA,NA
2018,"Saptari","A104507035",45,5,NA,NA,NA,NA,55,4,NA,NA,NA,NA,60,5,NA,NA,NA,NA,"Treatment",1,225,NA,NA,220,NA,NA,300,NA,NA,225,220,300,745,745,NA,NA,55,60,45,160,160,NA,NA
2019,"Saptari","T100503002",8,5,3,7,2,3,4,7,3,8,3,7,5,9,2,6,3,3,"Treatment",1,40,21,6,28,24,21,45,12,9,67,73,66,206,113,57,36,10,10,13,33,17,8,8
2019,"Saptari","T203901004",NA,NA,NA,NA,NA,NA,5,NA,NA,3,NA,NA,26,4,NA,NA,NA,NA,"Control",NA,NA,NA,NA,NA,NA,NA,104,NA,NA,NA,NA,104,104,104,NA,NA,5,26,NA,31,31,NA,NA
2019,"Saptari","T210905004",3,4,NA,NA,NA,NA,5,NA,NA,3,NA,NA,4,3,NA,NA,NA,NA,"Control",NA,12,NA,NA,NA,NA,NA,12,NA,NA,12,NA,12,24,24,NA,NA,5,4,3,12,12,NA,NA
2019,"Saptari","T210703008",4,3,4,4,NA,NA,4,6,5,6,NA,NA,5,5,5,5,NA,NA,"Control",NA,12,16,NA,24,30,NA,25,25,NA,28,54,50,132,61,71,NA,9,10,8,27,13,14,NA
2019,"Saptari","T200101003",3,4,2,2,NA,NA,4,2,3,3,NA,NA,4,2,3,1,NA,NA,"Control",NA,12,4,NA,8,9,NA,8,3,NA,16,17,11,44,28,16,NA,7,7,5,19,11,8,NA
2019,"Saptari","T107607003",7,6,NA,NA,NA,NA,4,NA,NA,6,NA,NA,15,7,NA,NA,NA,NA,"Control",NA,42,NA,NA,NA,NA,NA,105,NA,NA,42,NA,105,147,147,NA,NA,4,15,7,26,26,NA,NA
2019,"Saptari","T210701004",3,5,4,5,3,5,3,5,3,4,4,4,4,5,4,5,3,7,"Treatment",1,15,20,15,15,12,16,20,20,21,50,43,61,154,50,52,52,10,11,10,31,10,11,10
2019,"Saptari","T107609001",8,10,NA,NA,NA,NA,3,NA,NA,4,NA,NA,6,10,NA,NA,NA,NA,"Control",NA,80,NA,NA,NA,NA,NA,60,NA,NA,80,NA,60,140,140,NA,NA,3,6,8,17,17,NA,NA
2019,"Saptari","T104201003",8,2,NA,NA,NA,NA,NA,NA,NA,NA,NA,NA,2,2,NA,NA,NA,NA,"Control",NA,16,NA,NA,NA,NA,NA,4,NA,NA,16,NA,4,20,20,NA,NA,NA,2,8,10,10,NA,NA
2019,"Saptari","T205104005",NA,NA,NA,NA,NA,NA,3,NA,NA,6,NA,NA,30,5,NA,NA,NA,NA,"Control",NA,NA,NA,NA,NA,NA,NA,150,NA,NA,NA,NA,150,150,150,NA,NA,3,30,NA,33,33,NA,NA
2019,"Saptari","C001401004",NA,NA,NA,NA,NA,NA,3,NA,NA,24,NA,NA,15,10,NA,NA,NA,NA,"Control",NA,NA,NA,NA,NA,NA,NA,150,NA,NA,NA,NA,150,150,150,NA,NA,3,15,NA,18,18,NA,NA
2019,"Saptari","T210709001",5,8,5,6,NA,NA,5,3,3,5,NA,NA,4,7,4,5,NA,NA,"Treatment",1,40,30,NA,15,15,NA,28,20,NA,70,30,48,148,83,65,NA,8,8,10,26,14,12,NA
2019,"Saptari","T100103003",4,4,2,2,NA,NA,2,2,1,5,NA,NA,3,4,2,3,NA,NA,"Control",NA,16,4,NA,4,5,NA,12,6,NA,20,9,18,47,32,15,NA,3,5,6,14,9,5,NA
2019,"Saptari","T203903003",NA,NA,NA,NA,NA,NA,6,NA,NA,7,NA,NA,8,8,NA,NA,NA,NA,"Control",NA,NA,NA,NA,NA,NA,NA,64,NA,NA,NA,NA,64,64,64,NA,NA,6,8,NA,14,14,NA,NA
2019,"Saptari","T104201002",NA,NA,NA,NA,NA,NA,NA,NA,NA,NA,NA,NA,NA,NA,NA,NA,NA,NA,"Control",NA,NA,NA,NA,NA,NA,NA,NA,NA,NA,NA,NA,NA,NA,NA,NA,NA,NA,NA,NA,NA,NA,NA,NA
2019,"Saptari","C009406001",NA,NA,NA,NA,NA,NA,4,NA,NA,5,NA,NA,3,7,NA,NA,NA,NA,"Control",NA,NA,NA,NA,NA,NA,NA,21,NA,NA,NA,NA,21,21,21,NA,NA,4,3,NA,7,7,NA,NA
2019,"Saptari","T110502003",NA,NA,NA,NA,NA,NA,NA,NA,NA,NA,NA,NA,3,8,NA,NA,NA,NA,"Control",NA,NA,NA,NA,NA,NA,NA,24,NA,NA,NA,NA,24,24,24,NA,NA,NA,3,NA,3,3,NA,NA
2019,"Saptari","T109901005",NA,NA,NA,NA,NA,NA,7,NA,NA,9,NA,NA,10,11,NA,NA,NA,NA,"Control",NA,NA,NA,NA,NA,NA,NA,110,NA,NA,NA,NA,110,110,110,NA,NA,7,10,NA,17,17,NA,NA
2019,"Saptari","T203908005",70,5,NA,NA,NA,NA,10,NA,NA,-4,NA,NA,4,7,NA,NA,NA,NA,"Control",NA,350,NA,NA,NA,NA,NA,28,NA,NA,350,NA,28,378,378,NA,NA,10,4,70,84,84,NA,NA
2019,"Saptari","T104209001",60,7,NA,NA,NA,NA,45,NA,NA,5,NA,NA,50,4,NA,NA,NA,NA,"Treatment",1,420,NA,NA,NA,NA,NA,200,NA,NA,420,NA,200,620,620,NA,NA,45,50,60,155,155,NA,NA
2019,"Saptari","T102009002",NA,NA,NA,NA,NA,NA,NA,NA,NA,NA,NA,NA,30,4,NA,NA,NA,NA,"Control",NA,NA,NA,NA,NA,NA,NA,120,NA,NA,NA,NA,120,120,120,NA,NA,NA,30,NA,30,30,NA,NA
2019,"Saptari","T107607004",NA,NA,NA,NA,NA,NA,8,5,7,9,NA,NA,10,8,12,9,NA,NA,"Control",NA,NA,NA,NA,40,63,NA,80,108,NA,NA,103,188,291,120,171,NA,15,22,NA,37,18,19,NA
2019,"Saptari","C009006003",NA,NA,NA,NA,NA,NA,8,8,6,4,NA,NA,3,3,5,4,NA,NA,"Control",NA,NA,NA,NA,64,24,NA,9,20,NA,NA,88,29,117,73,44,NA,14,8,NA,22,11,11,NA
2019,"Saptari","T210703006",NA,NA,NA,NA,NA,NA,10,NA,NA,5,NA,NA,15,10,NA,NA,NA,NA,"Control",NA,NA,NA,NA,NA,NA,NA,150,NA,NA,NA,NA,150,150,150,NA,NA,10,15,NA,25,25,NA,NA
2019,"Saptari","T107605005",16,15,NA,NA,NA,NA,14,NA,NA,5,NA,NA,6,6,NA,NA,NA,NA,"Control",NA,240,NA,NA,NA,NA,NA,36,NA,NA,240,NA,36,276,276,NA,NA,14,6,16,36,36,NA,NA
2019,"Saptari","T104305001",18,1,NA,NA,NA,NA,15,NA,NA,8,NA,NA,10,5,NA,NA,NA,NA,"Control",NA,18,NA,NA,NA,NA,NA,50,NA,NA,18,NA,50,68,68,NA,NA,15,10,18,43,43,NA,NA
2019,"Saptari","T210706005",7,7,5,8,NA,NA,25,6,10,5,NA,NA,8,8,7,10,NA,NA,"Control",NA,49,40,NA,150,50,NA,64,70,NA,89,200,134,423,263,160,NA,35,15,12,62,40,22,NA
2019,"Saptari","T106604003",3,3,NA,NA,NA,NA,4,NA,NA,3,NA,NA,5,4,NA,NA,NA,NA,"Control",NA,9,NA,NA,NA,NA,NA,20,NA,NA,9,NA,20,29,29,NA,NA,4,5,3,12,12,NA,NA
2019,"Saptari","T210102001",3,2,3,3,NA,NA,4,4,2,3,NA,NA,3,2,5,6,NA,NA,"Control",NA,6,9,NA,16,6,NA,6,30,NA,15,22,36,73,28,45,NA,6,8,6,20,10,10,NA
2019,"Saptari","T108804002",NA,NA,NA,NA,NA,NA,8,NA,NA,6,NA,NA,10,3,NA,NA,NA,NA,"Control",NA,NA,NA,NA,NA,NA,NA,30,NA,NA,NA,NA,30,30,30,NA,NA,8,10,NA,18,18,NA,NA
2019,"Saptari","T108803001",NA,NA,NA,NA,NA,NA,NA,NA,NA,NA,NA,NA,2,11,NA,NA,NA,NA,"Control",NA,NA,NA,NA,NA,NA,NA,22,NA,NA,NA,NA,22,22,22,NA,NA,NA,2,NA,2,2,NA,NA
2019,"Saptari","T109203005",NA,NA,NA,NA,NA,NA,10,NA,NA,2,NA,NA,5,3,NA,NA,NA,NA,"Control",NA,NA,NA,NA,NA,NA,NA,15,NA,NA,NA,NA,15,15,15,NA,NA,10,5,NA,15,15,NA,NA
2019,"Saptari","T200104003",NA,NA,NA,NA,NA,NA,5,NA,NA,10,NA,NA,NA,NA,NA,NA,NA,NA,"Control",NA,NA,NA,NA,NA,NA,NA,NA,NA,NA,NA,NA,NA,NA,NA,NA,NA,5,NA,NA,5,5,NA,NA
2019,"Saptari","T200101005",3,2,NA,NA,NA,NA,NA,NA,NA,NA,NA,NA,2,4,NA,NA,NA,NA,"Control",NA,6,NA,NA,NA,NA,NA,8,NA,NA,6,NA,8,14,14,NA,NA,NA,2,3,5,5,NA,NA
2019,"Saptari","T203308002",NA,NA,NA,NA,NA,NA,7,NA,NA,9,NA,NA,5,4,NA,NA,NA,NA,"Control",NA,NA,NA,NA,NA,NA,NA,20,NA,NA,NA,NA,20,20,20,NA,NA,7,5,NA,12,12,NA,NA
2019,"Saptari","T201105001",5,8,NA,NA,NA,NA,10,NA,NA,4,NA,NA,2,4,NA,NA,NA,NA,"Control",NA,40,NA,NA,NA,NA,NA,8,NA,NA,40,NA,8,48,48,NA,NA,10,2,5,17,17,NA,NA
2019,"Saptari","T102007003",NA,NA,NA,NA,NA,NA,3,NA,NA,3,NA,NA,3,3,NA,NA,NA,NA,"Control",NA,NA,NA,NA,NA,NA,NA,9,NA,NA,NA,NA,9,9,9,NA,NA,3,3,NA,6,6,NA,NA
2019,"Saptari","T109202002",NA,NA,NA,NA,NA,NA,6,8,5,8,7,4,2,14,2,2,5,3,"Control",NA,NA,NA,NA,48,40,28,28,4,15,NA,116,47,163,76,44,43,18,9,NA,27,8,7,12
2019,"Saptari","T210407004",NA,NA,NA,NA,NA,NA,NA,NA,NA,NA,NA,NA,7,3,NA,NA,NA,NA,"Control",NA,NA,NA,NA,NA,NA,NA,21,NA,NA,NA,NA,21,21,21,NA,NA,NA,7,NA,7,7,NA,NA
2019,"Saptari","T210405002",NA,NA,NA,NA,NA,NA,NA,NA,NA,NA,NA,NA,NA,NA,NA,NA,NA,NA,"Control",NA,NA,NA,NA,NA,NA,NA,NA,NA,NA,NA,NA,NA,NA,NA,NA,NA,NA,NA,NA,NA,NA,NA,NA
2019,"Saptari","C001701002",40,4,NA,NA,NA,NA,NA,NA,NA,NA,NA,NA,25,4,8,4,NA,NA,"Control",NA,160,NA,NA,NA,NA,NA,100,32,NA,160,NA,132,292,260,32,NA,NA,33,40,73,65,8,NA
2019,"Saptari","T107104002",NA,NA,NA,NA,NA,NA,NA,NA,NA,NA,NA,NA,NA,NA,NA,NA,NA,NA,"Control",NA,NA,NA,NA,NA,NA,NA,NA,NA,NA,NA,NA,NA,NA,NA,NA,NA,NA,NA,NA,NA,NA,NA,NA
2019,"Saptari","T107104001",NA,NA,NA,NA,NA,NA,5,NA,NA,4,NA,NA,20,4,NA,NA,NA,NA,"Control",NA,NA,NA,NA,NA,NA,NA,80,NA,NA,NA,NA,80,80,80,NA,NA,5,20,NA,25,25,NA,NA
2019,"Saptari","T203309001",NA,NA,NA,NA,NA,NA,NA,5,10,NA,NA,NA,NA,NA,20,5,NA,NA,"Control",NA,NA,NA,NA,NA,NA,NA,NA,100,NA,NA,NA,100,100,NA,100,NA,10,20,NA,30,NA,30,NA
2019,"Saptari","C008508001",NA,NA,NA,NA,NA,NA,NA,NA,NA,NA,NA,NA,16,4,NA,NA,NA,NA,"Control",NA,NA,NA,NA,NA,NA,NA,64,NA,NA,NA,NA,64,64,64,NA,NA,NA,16,NA,16,16,NA,NA
2019,"Saptari","T204807001",NA,NA,NA,NA,NA,NA,NA,NA,NA,NA,NA,NA,NA,NA,NA,NA,NA,NA,"Control",NA,NA,NA,NA,NA,NA,NA,NA,NA,NA,NA,NA,NA,NA,NA,NA,NA,NA,NA,NA,NA,NA,NA,NA
2019,"Saptari","T210407003",NA,NA,NA,NA,NA,NA,NA,NA,NA,NA,NA,NA,NA,NA,NA,NA,NA,NA,"Control",NA,NA,NA,NA,NA,NA,NA,NA,NA,NA,NA,NA,NA,NA,NA,NA,NA,NA,NA,NA,NA,NA,NA,NA
2019,"Saptari","T109202008",NA,NA,NA,NA,NA,NA,NA,NA,NA,NA,NA,NA,16,4,NA,NA,NA,NA,"Control",NA,NA,NA,NA,NA,NA,NA,64,NA,NA,NA,NA,64,64,64,NA,NA,NA,16,NA,16,16,NA,NA
2019,"Saptari","C008109001",NA,NA,NA,NA,NA,NA,NA,NA,NA,NA,NA,NA,NA,NA,NA,NA,NA,NA,"Control",NA,NA,NA,NA,NA,NA,NA,NA,NA,NA,NA,NA,NA,NA,NA,NA,NA,NA,NA,NA,NA,NA,NA,NA
2019,"Saptari","T109202010",NA,NA,NA,NA,NA,NA,NA,NA,NA,NA,NA,NA,NA,NA,NA,NA,NA,NA,"Control",NA,NA,NA,NA,NA,NA,NA,NA,NA,NA,NA,NA,NA,NA,NA,NA,NA,NA,NA,NA,NA,NA,NA,NA
2019,"Saptari","T109203003",NA,NA,NA,NA,NA,NA,NA,NA,NA,NA,NA,NA,NA,NA,NA,NA,NA,NA,"Control",NA,NA,NA,NA,NA,NA,NA,NA,NA,NA,NA,NA,NA,NA,NA,NA,NA,NA,NA,NA,NA,NA,NA,NA
2019,"Saptari","T109202009",NA,NA,NA,NA,NA,NA,NA,NA,NA,NA,NA,NA,NA,NA,NA,NA,NA,NA,"Control",NA,NA,NA,NA,NA,NA,NA,NA,NA,NA,NA,NA,NA,NA,NA,NA,NA,NA,NA,NA,NA,NA,NA,NA
2019,"Saptari","T203309003",NA,NA,NA,NA,NA,NA,NA,NA,NA,NA,NA,NA,NA,NA,NA,NA,NA,NA,"Control",NA,NA,NA,NA,NA,NA,NA,NA,NA,NA,NA,NA,NA,NA,NA,NA,NA,NA,NA,NA,NA,NA,NA,NA
2019,"Saptari","C001705001",NA,NA,NA,NA,NA,NA,NA,NA,NA,NA,NA,NA,NA,NA,NA,NA,NA,NA,"Control",NA,NA,NA,NA,NA,NA,NA,NA,NA,NA,NA,NA,NA,NA,NA,NA,NA,NA,NA,NA,NA,NA,NA,NA
2019,"Saptari","T103207003",NA,NA,NA,NA,NA,NA,NA,NA,NA,NA,NA,NA,NA,NA,NA,NA,NA,NA,"Control",NA,NA,NA,NA,NA,NA,NA,NA,NA,NA,NA,NA,NA,NA,NA,NA,NA,NA,NA,NA,NA,NA,NA,NA
2019,"Saptari","T103209004",NA,NA,NA,NA,NA,NA,NA,NA,NA,NA,NA,NA,3,8,NA,NA,NA,NA,"Control",NA,NA,NA,NA,NA,NA,NA,24,NA,NA,NA,NA,24,24,24,NA,NA,NA,3,NA,3,3,NA,NA
2019,"Saptari","T103207002",NA,NA,NA,NA,NA,NA,NA,NA,NA,NA,NA,NA,NA,NA,NA,NA,NA,NA,"Control",NA,NA,NA,NA,NA,NA,NA,NA,NA,NA,NA,NA,NA,NA,NA,NA,NA,NA,NA,NA,NA,NA,NA,NA
2019,"Saptari","C001401001",NA,NA,NA,NA,NA,NA,NA,NA,NA,NA,NA,NA,56,14,NA,NA,NA,NA,"Control",NA,NA,NA,NA,NA,NA,NA,784,NA,NA,NA,NA,784,784,784,NA,NA,NA,56,NA,56,56,NA,NA
2019,"Saptari","T100502006",4,7,NA,NA,NA,NA,4,NA,NA,5,NA,NA,3,6,NA,NA,NA,NA,"Control",NA,28,NA,NA,NA,NA,NA,18,NA,NA,28,NA,18,46,46,NA,NA,4,3,4,11,11,NA,NA
2019,"Saptari","T100503001",NA,NA,NA,NA,NA,NA,NA,NA,NA,NA,NA,NA,NA,NA,NA,NA,NA,NA,"Control",NA,NA,NA,NA,NA,NA,NA,NA,NA,NA,NA,NA,NA,NA,NA,NA,NA,NA,NA,NA,NA,NA,NA,NA
2019,"Saptari","C009006001",NA,NA,NA,NA,NA,NA,7,6,7,5,6,8,4,4,2,5,3,8,"Control",NA,NA,NA,NA,42,35,48,16,10,24,NA,125,50,175,58,45,72,20,9,NA,29,11,9,9
2019,"Saptari","T100509003",NA,NA,NA,NA,NA,NA,3,NA,NA,4,NA,NA,NA,NA,NA,NA,NA,NA,"Control",NA,NA,NA,NA,NA,NA,NA,NA,NA,NA,NA,NA,NA,NA,NA,NA,NA,3,NA,NA,3,3,NA,NA
2019,"Saptari","C009006002",15,5,20,6,10,4,10,4,15,5,10,6,5,9,7,8,3,4,"Control",NA,75,120,40,40,75,60,45,56,12,235,175,113,523,160,251,112,35,15,45,95,30,42,23
2019,"Saptari","T210701007",4,3,2,2,NA,NA,4,2,5,2,NA,NA,3,2,4,2,NA,NA,"Control",NA,12,4,NA,8,10,NA,6,8,NA,16,18,14,48,26,22,NA,9,7,6,22,11,11,NA
2019,"Saptari","C004703001",10,4,NA,NA,NA,NA,30,NA,NA,10,NA,NA,25,6,NA,NA,NA,NA,"Control",NA,40,NA,NA,NA,NA,NA,150,NA,NA,40,NA,150,190,190,NA,NA,30,25,10,65,65,NA,NA
2019,"Saptari","T100505004",NA,NA,NA,NA,NA,NA,NA,NA,NA,NA,NA,NA,NA,NA,NA,NA,NA,NA,"Control",NA,NA,NA,NA,NA,NA,NA,NA,NA,NA,NA,NA,NA,NA,NA,NA,NA,NA,NA,NA,NA,NA,NA,NA
2019,"Saptari","T107601002",4,2,3,3,NA,NA,4,3,3,3,NA,NA,5,9,6,9,NA,NA,"Control",NA,8,9,NA,12,9,NA,45,54,NA,17,21,99,137,65,72,NA,7,11,7,25,13,12,NA
2019,"Saptari","T200101001",NA,NA,NA,NA,NA,NA,NA,NA,NA,NA,NA,NA,NA,NA,NA,NA,NA,NA,"Control",NA,NA,NA,NA,NA,NA,NA,NA,NA,NA,NA,NA,NA,NA,NA,NA,NA,NA,NA,NA,NA,NA,NA,NA
2019,"Saptari","T210904002",3,3,NA,NA,NA,NA,5,NA,NA,4,NA,NA,3,5,NA,NA,NA,NA,"Control",NA,9,NA,NA,NA,NA,NA,15,NA,NA,9,NA,15,24,24,NA,NA,5,3,3,11,11,NA,NA
2019,"Saptari","T100505008",4,5,NA,NA,NA,NA,4,NA,NA,4,NA,NA,4,6,NA,NA,NA,NA,"Control",NA,20,NA,NA,NA,NA,NA,24,NA,NA,20,NA,24,44,44,NA,NA,4,4,4,12,12,NA,NA
2019,"Saptari","T106604005",NA,NA,NA,NA,NA,NA,4,NA,NA,3,NA,NA,3,4,NA,NA,NA,NA,"Control",NA,NA,NA,NA,NA,NA,NA,12,NA,NA,NA,NA,12,12,12,NA,NA,4,3,NA,7,7,NA,NA
2019,"Saptari","T100502005",2,3,NA,NA,NA,NA,4,NA,NA,3,NA,NA,3,4,NA,NA,NA,NA,"Control",NA,6,NA,NA,NA,NA,NA,12,NA,NA,6,NA,12,18,18,NA,NA,4,3,2,9,9,NA,NA
2019,"Saptari","T100501007",4,3,NA,NA,NA,NA,3,NA,NA,4,NA,NA,4,5,NA,NA,NA,NA,"Control",NA,12,NA,NA,NA,NA,NA,20,NA,NA,12,NA,20,32,32,NA,NA,3,4,4,11,11,NA,NA
2019,"Saptari","T203901008",NA,NA,NA,NA,NA,NA,NA,NA,NA,NA,NA,NA,NA,NA,NA,NA,NA,NA,"Control",NA,NA,NA,NA,NA,NA,NA,NA,NA,NA,NA,NA,NA,NA,NA,NA,NA,NA,NA,NA,NA,NA,NA,NA
2019,"Saptari","T104203004",NA,NA,NA,NA,NA,NA,NA,NA,NA,NA,NA,NA,20,4,NA,NA,NA,NA,"Control",NA,NA,NA,NA,NA,NA,NA,80,NA,NA,NA,NA,80,80,80,NA,NA,NA,20,NA,20,20,NA,NA
2019,"Saptari","T108803015",2,2,NA,NA,NA,NA,5,8,7,10,NA,NA,8,10,5,8,NA,NA,"Control",NA,4,NA,NA,40,70,NA,80,40,NA,4,110,120,234,124,110,NA,12,13,2,27,15,12,NA
2019,"Saptari","T200102004",NA,NA,NA,NA,NA,NA,10,NA,NA,5,NA,NA,8,2,NA,NA,NA,NA,"Control",NA,NA,NA,NA,NA,NA,NA,16,NA,NA,NA,NA,16,16,16,NA,NA,10,8,NA,18,18,NA,NA
2019,"Saptari","T109201006",NA,NA,NA,NA,NA,NA,1,NA,NA,2,NA,NA,13,1,NA,NA,NA,NA,"Control",NA,NA,NA,NA,NA,NA,NA,13,NA,NA,NA,NA,13,13,13,NA,NA,1,13,NA,14,14,NA,NA
2019,"Saptari","T211002001",20,1,NA,NA,NA,NA,15,NA,NA,8,NA,NA,6,10,NA,NA,NA,NA,"Control",NA,20,NA,NA,NA,NA,NA,60,NA,NA,20,NA,60,80,80,NA,NA,15,6,20,41,41,NA,NA
2019,"Saptari","T102007004",NA,NA,NA,NA,NA,NA,5,6,1,5,NA,NA,5,4,5,3,NA,NA,"Control",NA,NA,NA,NA,30,5,NA,20,15,NA,NA,35,35,70,50,20,NA,6,10,NA,16,10,6,NA
2019,"Saptari","T205104006",4,4,NA,NA,NA,NA,6,NA,NA,4,NA,NA,8,5,NA,NA,NA,NA,"Control",NA,16,NA,NA,NA,NA,NA,40,NA,NA,16,NA,40,56,56,NA,NA,6,8,4,18,18,NA,NA
2019,"Saptari","T110510001",3,3,NA,NA,NA,NA,8,NA,NA,3,NA,NA,4,3,NA,NA,NA,NA,"Control",NA,9,NA,NA,NA,NA,NA,12,NA,NA,9,NA,12,21,21,NA,NA,8,4,3,15,15,NA,NA
2019,"Saptari","T203907006",4,4,NA,NA,NA,NA,8,NA,NA,3,NA,NA,4,2,NA,NA,NA,NA,"Control",NA,16,NA,NA,NA,NA,NA,8,NA,NA,16,NA,8,24,24,NA,NA,8,4,4,16,16,NA,NA
2019,"Saptari","T110502004",4,2,NA,NA,NA,NA,4,NA,NA,3,NA,NA,3,2,NA,NA,NA,NA,"Control",NA,8,NA,NA,NA,NA,NA,6,NA,NA,8,NA,6,14,14,NA,NA,4,3,4,11,11,NA,NA
2019,"Saptari","T203908009",NA,NA,NA,NA,NA,NA,1,NA,NA,3,NA,NA,2,6,NA,NA,NA,NA,"Control",NA,NA,NA,NA,NA,NA,NA,12,NA,NA,NA,NA,12,12,12,NA,NA,1,2,NA,3,3,NA,NA
2019,"Saptari","C001410002",4,3,NA,NA,NA,NA,4,NA,NA,3,NA,NA,4,4,NA,NA,NA,NA,"Control",NA,12,NA,NA,NA,NA,NA,16,NA,NA,12,NA,16,28,28,NA,NA,4,4,4,12,12,NA,NA
2019,"Saptari","T108808014",NA,NA,NA,NA,NA,NA,NA,NA,NA,1,NA,NA,3,4,NA,NA,NA,NA,"Control",NA,NA,NA,NA,NA,NA,NA,12,NA,NA,NA,NA,12,12,12,NA,NA,NA,3,NA,3,3,NA,NA
2019,"Saptari","T109201007",NA,NA,NA,NA,NA,NA,1,NA,NA,2,NA,NA,NA,NA,NA,NA,NA,NA,"Control",NA,NA,NA,NA,NA,NA,NA,NA,NA,NA,NA,NA,NA,NA,NA,NA,NA,1,NA,NA,1,1,NA,NA
2019,"Saptari","T109908003",NA,NA,NA,NA,NA,NA,4,NA,NA,3,NA,NA,NA,NA,NA,NA,NA,NA,"Control",NA,NA,NA,NA,NA,NA,NA,NA,NA,NA,NA,NA,NA,NA,NA,NA,NA,4,NA,NA,4,4,NA,NA
2019,"Saptari","T203900307",NA,NA,NA,NA,NA,NA,2,NA,NA,10,NA,NA,15,12,NA,NA,NA,NA,"Control",NA,NA,NA,NA,NA,NA,NA,180,NA,NA,NA,NA,180,180,180,NA,NA,2,15,NA,17,17,NA,NA
2019,"Saptari","T110503003",4,3,NA,NA,NA,NA,20,NA,NA,5,NA,NA,10,6,NA,NA,NA,NA,"Control",NA,12,NA,NA,NA,NA,NA,60,NA,NA,12,NA,60,72,72,NA,NA,20,10,4,34,34,NA,NA
2019,"Saptari","T206702001",8,3,NA,NA,NA,NA,3,NA,NA,4,NA,NA,15,10,NA,NA,NA,NA,"Control",NA,24,NA,NA,NA,NA,NA,150,NA,NA,24,NA,150,174,174,NA,NA,3,15,8,26,26,NA,NA
2019,"Saptari","T110507002",NA,NA,NA,NA,NA,NA,30,NA,NA,6,NA,NA,30,4,NA,NA,NA,NA,"Control",NA,NA,NA,NA,NA,NA,NA,120,NA,NA,NA,NA,120,120,120,NA,NA,30,30,NA,60,60,NA,NA
2019,"Saptari","T109903002",NA,NA,NA,NA,NA,NA,4,NA,NA,5,NA,NA,3,6,NA,NA,NA,NA,"Control",NA,NA,NA,NA,NA,NA,NA,18,NA,NA,NA,NA,18,18,18,NA,NA,4,3,NA,7,7,NA,NA
2019,"Saptari","T106006002",5,4,NA,NA,NA,NA,4,NA,NA,4,NA,NA,3,4,NA,NA,NA,NA,"Control",NA,20,NA,NA,NA,NA,NA,12,NA,NA,20,NA,12,32,32,NA,NA,4,3,5,12,12,NA,NA
2019,"Saptari","A104507035",70,4,NA,NA,NA,NA,40,NA,NA,3,NA,NA,60,3,NA,NA,NA,NA,"Treatment",1,280,NA,NA,NA,NA,NA,180,NA,NA,280,NA,180,460,460,NA,NA,40,60,70,170,170,NA,NA
2019,"Saptari","E104705010",3,4,NA,NA,NA,NA,8,NA,NA,4,NA,NA,8,4,NA,NA,NA,NA,"Treatment",1,12,NA,NA,NA,NA,NA,32,NA,NA,12,NA,32,44,44,NA,NA,8,8,3,19,19,NA,NA
2019,"Saptari","A110402001",2,2,NA,NA,NA,NA,5,NA,NA,3,NA,NA,15,7,NA,NA,NA,NA,"Treatment",1,4,NA,NA,NA,NA,NA,105,NA,NA,4,NA,105,109,109,NA,NA,5,15,2,22,22,NA,NA
2019,"Saptari","T210709003",60,8,NA,NA,NA,NA,10,1,4,7,4,1,30,9,NA,NA,NA,NA,"Treatment",1,480,NA,NA,10,28,4,270,NA,NA,480,42,270,792,760,28,4,18,30,60,108,100,4,4
2019,"Saptari","T210408001",10,5,NA,NA,NA,NA,25,NA,NA,3,NA,NA,80,4,7,3,NA,NA,"Treatment",1,50,NA,NA,NA,NA,NA,320,21,NA,50,NA,341,391,370,21,NA,25,87,10,122,115,7,NA
2019,"Saptari","T109205004",35,6,NA,NA,NA,NA,NA,NA,NA,NA,NA,NA,45,5,NA,NA,NA,NA,"Treatment",1,210,NA,NA,NA,NA,NA,225,NA,NA,210,NA,225,435,435,NA,NA,NA,45,35,80,80,NA,NA
2019,"Saptari","T102007001",NA,NA,NA,NA,NA,NA,10,NA,NA,6,NA,NA,5,4,NA,NA,NA,NA,"Treatment",1,NA,NA,NA,NA,NA,NA,20,NA,NA,NA,NA,20,20,20,NA,NA,10,5,NA,15,15,NA,NA
2019,"Saptari","T210708002",80,4,35,3,NA,NA,40,NA,NA,3,NA,NA,35,4,NA,NA,NA,NA,"Treatment",1,320,105,NA,NA,NA,NA,140,NA,NA,425,NA,140,565,460,105,NA,40,35,115,190,155,35,NA
2019,"Saptari","T210101002",5,6,10,12,NA,NA,18,15,20,10,NA,NA,12,12,16,8,NA,NA,"Treatment",1,30,120,NA,270,200,NA,144,128,NA,150,470,272,892,444,448,NA,38,28,15,81,35,46,NA
2019,"Saptari","T203908001",4,3,NA,NA,NA,NA,7,NA,NA,7,NA,NA,5,7,NA,NA,NA,NA,"Treatment",1,12,NA,NA,NA,NA,NA,35,NA,NA,12,NA,35,47,47,NA,NA,7,5,4,16,16,NA,NA
2019,"Saptari","T203901002",NA,NA,NA,NA,NA,NA,6,1,1,8,NA,NA,6,8,1,1,NA,NA,"Treatment",1,NA,NA,NA,6,8,NA,48,1,NA,NA,14,49,63,54,9,NA,7,7,NA,14,12,2,NA
2019,"Saptari","T103204001",15,8,NA,NA,NA,NA,30,NA,NA,6,NA,NA,30,5,NA,NA,NA,NA,"Treatment",1,120,NA,NA,NA,NA,NA,150,NA,NA,120,NA,150,270,270,NA,NA,30,30,15,75,75,NA,NA
2019,"Saptari","T109902001",NA,NA,NA,NA,NA,NA,6,NA,NA,9,NA,NA,4,2,NA,NA,NA,NA,"Treatment",1,NA,NA,NA,NA,NA,NA,8,NA,NA,NA,NA,8,8,8,NA,NA,6,4,NA,10,10,NA,NA
2019,"Saptari","T200103002",NA,NA,NA,NA,2,2,25,4,2,6,1,2,20,5,5,3,5,4,"Treatment",1,NA,NA,4,100,12,2,100,15,20,4,114,135,253,200,27,26,28,30,2,60,45,7,8
2019,"Saptari","T210904001",8,3,3,4,2,1,10,2,6,4,6,2,15,5,10,3,9,4,"Treatment",1,24,12,2,20,24,12,75,30,36,38,56,141,235,119,66,50,22,34,13,69,33,19,17
2019,"Saptari","T110505001",NA,NA,NA,NA,NA,NA,4,NA,NA,5,NA,NA,4,6,NA,NA,NA,NA,"Treatment",1,NA,NA,NA,NA,NA,NA,24,NA,NA,NA,NA,24,24,24,NA,NA,4,4,NA,8,8,NA,NA
2019,"Saptari","T109203001",6,5,5,5,NA,NA,10,5,6,5,NA,NA,12,8,2,8,NA,NA,"Treatment",1,30,25,NA,50,30,NA,96,16,NA,55,80,112,247,176,71,NA,16,14,11,41,28,13,NA
2019,"Saptari","T205105003",5,5,NA,NA,NA,NA,NA,NA,NA,NA,NA,NA,25,5,NA,NA,NA,NA,"Treatment",1,25,NA,NA,NA,NA,NA,125,NA,NA,25,NA,125,150,150,NA,NA,NA,25,5,30,30,NA,NA
2019,"Saptari","T106605002",5,4,4,2,NA,NA,6,4,2,8,NA,NA,8,4,2,3,NA,NA,"Treatment",1,20,8,NA,24,16,NA,32,6,NA,28,40,38,106,76,30,NA,8,10,9,27,19,8,NA
2019,"Saptari","T106604004",5,3,NA,NA,NA,NA,4,NA,NA,2,NA,NA,4,2,NA,NA,NA,NA,"Control",NA,15,NA,NA,NA,NA,NA,8,NA,NA,15,NA,8,23,23,NA,NA,4,4,5,13,13,NA,NA
2018,"RSB","T302607029",NA,NA,NA,NA,NA,NA,NA,NA,NA,NA,NA,NA,NA,NA,NA,NA,NA,NA,"Control",NA,NA,NA,NA,NA,NA,NA,NA,NA,NA,NA,NA,NA,NA,NA,NA,NA,NA,NA,NA,NA,NA,NA,NA
2018,"RSB","T309308027",5,8,NA,NA,NA,NA,4,4,NA,NA,NA,NA,3,12,NA,NA,NA,NA,"Control",NA,40,NA,NA,16,NA,NA,36,NA,NA,40,16,36,92,92,NA,NA,4,3,5,12,12,NA,NA
2018,"RSB","T302608026",6,8,NA,NA,NA,NA,2,6,NA,NA,NA,NA,NA,NA,NA,NA,NA,NA,"Control",NA,48,NA,NA,12,NA,NA,NA,NA,NA,48,12,NA,60,60,NA,NA,2,NA,6,8,8,NA,NA
2018,"RSB","T302608031",NA,NA,NA,NA,NA,NA,NA,NA,NA,NA,NA,NA,NA,NA,NA,NA,NA,NA,"Control",NA,NA,NA,NA,NA,NA,NA,NA,NA,NA,NA,NA,NA,NA,NA,NA,NA,NA,NA,NA,NA,NA,NA,NA
2018,"RSB","T302608030",NA,NA,NA,NA,NA,NA,NA,NA,NA,NA,NA,NA,NA,NA,NA,NA,NA,NA,"Control",NA,NA,NA,NA,NA,NA,NA,NA,NA,NA,NA,NA,NA,NA,NA,NA,NA,NA,NA,NA,NA,NA,NA,NA
2018,"RSB","T302608029",NA,NA,NA,NA,NA,NA,NA,NA,NA,NA,NA,NA,NA,NA,NA,NA,NA,NA,"Control",NA,NA,NA,NA,NA,NA,NA,NA,NA,NA,NA,NA,NA,NA,NA,NA,NA,NA,NA,NA,NA,NA,NA,NA
2018,"RSB","T302606024",NA,NA,NA,NA,NA,NA,NA,NA,NA,NA,NA,NA,NA,NA,NA,NA,NA,NA,"Control",NA,NA,NA,NA,NA,NA,NA,NA,NA,NA,NA,NA,NA,NA,NA,NA,NA,NA,NA,NA,NA,NA,NA,NA
2018,"RSB","T301502075",5,7,NA,NA,NA,NA,4,6,NA,NA,NA,NA,NA,NA,NA,NA,NA,NA,"Control",NA,35,NA,NA,24,NA,NA,NA,NA,NA,35,24,NA,59,59,NA,NA,4,NA,5,9,9,NA,NA
2018,"RSB","T303807077",4,6,NA,NA,NA,NA,1,6,NA,NA,NA,NA,NA,NA,NA,NA,NA,NA,"Control",NA,24,NA,NA,6,NA,NA,NA,NA,NA,24,6,NA,30,30,NA,NA,1,NA,4,5,5,NA,NA
2018,"RSB","T301502070",4,80,3,60,NA,NA,2,20,1,8,NA,NA,NA,NA,NA,NA,NA,NA,"Control",NA,320,180,NA,40,8,NA,NA,NA,NA,500,48,NA,548,360,188,NA,3,NA,7,10,6,4,NA
2018,"RSB","T301503071",4,5,NA,NA,NA,NA,1,20,NA,NA,NA,NA,NA,NA,NA,NA,NA,NA,"Control",NA,20,NA,NA,20,NA,NA,NA,NA,NA,20,20,NA,40,40,NA,NA,1,NA,4,5,5,NA,NA
2018,"RSB","T301502072",3,6,NA,NA,NA,NA,1,6,NA,NA,NA,NA,NA,NA,NA,NA,NA,NA,"Control",NA,18,NA,NA,6,NA,NA,NA,NA,NA,18,6,NA,24,24,NA,NA,1,NA,3,4,4,NA,NA
2018,"RSB","T303806076",4,8,NA,NA,NA,NA,1,8,NA,NA,NA,NA,NA,NA,NA,NA,NA,NA,"Control",NA,32,NA,NA,8,NA,NA,NA,NA,NA,32,8,NA,40,40,NA,NA,1,NA,4,5,5,NA,NA
2018,"RSB","T303806078",NA,NA,NA,NA,NA,NA,NA,NA,NA,NA,NA,NA,NA,NA,NA,NA,NA,NA,"Control",NA,NA,NA,NA,NA,NA,NA,NA,NA,NA,NA,NA,NA,NA,NA,NA,NA,NA,NA,NA,NA,NA,NA,NA
2018,"RSB","T301502069",6,10,NA,NA,NA,NA,2,5,NA,NA,NA,NA,NA,NA,NA,NA,NA,NA,"Control",NA,60,NA,NA,10,NA,NA,NA,NA,NA,60,10,NA,70,70,NA,NA,2,NA,6,8,8,NA,NA
2018,"RSB","T301502074",20,5,NA,NA,NA,NA,7,4,NA,NA,NA,NA,NA,NA,NA,NA,NA,NA,"Control",NA,100,NA,NA,28,NA,NA,NA,NA,NA,100,28,NA,128,128,NA,NA,7,NA,20,27,27,NA,NA
2018,"RSB","T301503073",5,9,NA,NA,NA,NA,4,6,NA,NA,NA,NA,NA,NA,NA,NA,NA,NA,"Control",NA,45,NA,NA,24,NA,NA,NA,NA,NA,45,24,NA,69,69,NA,NA,4,NA,5,9,9,NA,NA
2018,"RSB","T307006094",NA,NA,NA,NA,NA,NA,NA,NA,NA,NA,NA,NA,NA,NA,NA,NA,NA,NA,"Control",NA,NA,NA,NA,NA,NA,NA,NA,NA,NA,NA,NA,NA,NA,NA,NA,NA,NA,NA,NA,NA,NA,NA,NA
2018,"RSB","T307707110",NA,NA,NA,NA,NA,NA,NA,NA,NA,NA,NA,NA,NA,NA,NA,NA,NA,NA,"Control",NA,NA,NA,NA,NA,NA,NA,NA,NA,NA,NA,NA,NA,NA,NA,NA,NA,NA,NA,NA,NA,NA,NA,NA
2018,"RSB","T307103092",25,6,NA,NA,NA,NA,13,4,NA,NA,NA,NA,30,8,NA,NA,NA,NA,"Control",NA,150,NA,NA,52,NA,NA,240,NA,NA,150,52,240,442,442,NA,NA,13,30,25,68,68,NA,NA
2018,"RSB","T304905099",60,7,NA,NA,NA,NA,15,5,NA,NA,NA,NA,NA,NA,NA,NA,NA,NA,"Control",NA,420,NA,NA,75,NA,NA,NA,NA,NA,420,75,NA,495,495,NA,NA,15,NA,60,75,75,NA,NA
2018,"RSB","T308603106",25,8,NA,NA,NA,NA,5,7,NA,NA,NA,NA,10,4,NA,NA,NA,NA,"Control",NA,200,NA,NA,35,NA,NA,40,NA,NA,200,35,40,275,275,NA,NA,5,10,25,40,40,NA,NA
2018,"RSB","T300902111",60,11,NA,NA,NA,NA,60,9,NA,NA,NA,NA,10,8,NA,NA,NA,NA,"Control",NA,660,NA,NA,540,NA,NA,80,NA,NA,660,540,80,1280,1280,NA,NA,60,10,60,130,130,NA,NA
2018,"RSB","T300509098",NA,NA,NA,NA,NA,NA,NA,NA,NA,NA,NA,NA,NA,NA,NA,NA,NA,NA,"Control",NA,NA,NA,NA,NA,NA,NA,NA,NA,NA,NA,NA,NA,NA,NA,NA,NA,NA,NA,NA,NA,NA,NA,NA
2018,"RSB","T307001096",15,5,NA,NA,NA,NA,20,5,NA,NA,NA,NA,5,5,NA,NA,NA,NA,"Control",NA,75,NA,NA,100,NA,NA,25,NA,NA,75,100,25,200,200,NA,NA,20,5,15,40,40,NA,NA
2018,"RSB","T308601105",NA,NA,NA,NA,NA,NA,NA,NA,NA,NA,NA,NA,NA,NA,NA,NA,NA,NA,"Control",NA,NA,NA,NA,NA,NA,NA,NA,NA,NA,NA,NA,NA,NA,NA,NA,NA,NA,NA,NA,NA,NA,NA,NA
2018,"RSB","T307005097",NA,NA,NA,NA,NA,NA,NA,NA,NA,NA,NA,NA,NA,NA,NA,NA,NA,NA,"Control",NA,NA,NA,NA,NA,NA,NA,NA,NA,NA,NA,NA,NA,NA,NA,NA,NA,NA,NA,NA,NA,NA,NA,NA
2018,"RSB","T301602107",NA,NA,NA,NA,NA,NA,NA,NA,NA,NA,NA,NA,NA,NA,NA,NA,NA,NA,"Control",NA,NA,NA,NA,NA,NA,NA,NA,NA,NA,NA,NA,NA,NA,NA,NA,NA,NA,NA,NA,NA,NA,NA,NA
2018,"RSB","T301907112",NA,NA,NA,NA,NA,NA,NA,NA,NA,NA,NA,NA,NA,NA,NA,NA,NA,NA,"Control",NA,NA,NA,NA,NA,NA,NA,NA,NA,NA,NA,NA,NA,NA,NA,NA,NA,NA,NA,NA,NA,NA,NA,NA
2018,"RSB","T304901100",NA,NA,NA,NA,NA,NA,NA,NA,NA,NA,NA,NA,NA,NA,NA,NA,NA,NA,"Control",NA,NA,NA,NA,NA,NA,NA,NA,NA,NA,NA,NA,NA,NA,NA,NA,NA,NA,NA,NA,NA,NA,NA,NA
2018,"RSB","T304905101",NA,NA,NA,NA,NA,NA,NA,NA,NA,NA,NA,NA,NA,NA,NA,NA,NA,NA,"Control",NA,NA,NA,NA,NA,NA,NA,NA,NA,NA,NA,NA,NA,NA,NA,NA,NA,NA,NA,NA,NA,NA,NA,NA
2018,"RSB","T304906102",NA,NA,NA,NA,NA,NA,NA,NA,NA,NA,NA,NA,NA,NA,NA,NA,NA,NA,"Control",NA,NA,NA,NA,NA,NA,NA,NA,NA,NA,NA,NA,NA,NA,NA,NA,NA,NA,NA,NA,NA,NA,NA,NA
2018,"RSB","T302409104",NA,NA,NA,NA,NA,NA,NA,NA,NA,NA,NA,NA,NA,NA,NA,NA,NA,NA,"Control",NA,NA,NA,NA,NA,NA,NA,NA,NA,NA,NA,NA,NA,NA,NA,NA,NA,NA,NA,NA,NA,NA,NA,NA
2018,"RSB","T307103093",NA,NA,NA,NA,NA,NA,NA,NA,NA,NA,NA,NA,NA,NA,NA,NA,NA,NA,"Control",NA,NA,NA,NA,NA,NA,NA,NA,NA,NA,NA,NA,NA,NA,NA,NA,NA,NA,NA,NA,NA,NA,NA,NA
2018,"RSB","T307705126",10,16,NA,NA,NA,NA,2,5,NA,NA,NA,NA,NA,NA,NA,NA,NA,NA,"Control",NA,160,NA,NA,10,NA,NA,NA,NA,NA,160,10,NA,170,170,NA,NA,2,NA,10,12,12,NA,NA
2018,"RSB","T307003117",12,7,NA,NA,NA,NA,10,5,NA,NA,NA,NA,15,10,NA,NA,NA,NA,"Control",NA,84,NA,NA,50,NA,NA,150,NA,NA,84,50,150,284,284,NA,NA,10,15,12,37,37,NA,NA
2018,"RSB","T305007121",10,8,NA,NA,NA,NA,4,6,NA,NA,NA,NA,NA,NA,NA,NA,NA,NA,"Control",NA,80,NA,NA,24,NA,NA,NA,NA,NA,80,24,NA,104,104,NA,NA,4,NA,10,14,14,NA,NA
2018,"RSB","T305004118",15,5,10,6,NA,NA,5,5,NA,NA,NA,NA,NA,NA,NA,NA,NA,NA,"Control",NA,75,60,NA,25,NA,NA,NA,NA,NA,135,25,NA,160,100,60,NA,5,NA,25,30,20,10,NA
2018,"RSB","T305006119",8,6,NA,NA,NA,NA,3,5,NA,NA,NA,NA,NA,NA,NA,NA,NA,NA,"Control",NA,48,NA,NA,15,NA,NA,NA,NA,NA,48,15,NA,63,63,NA,NA,3,NA,8,11,11,NA,NA
2018,"RSB","T304707129",NA,NA,NA,NA,NA,NA,NA,NA,NA,NA,NA,NA,NA,NA,NA,NA,NA,NA,"Control",NA,NA,NA,NA,NA,NA,NA,NA,NA,NA,NA,NA,NA,NA,NA,NA,NA,NA,NA,NA,NA,NA,NA,NA
2018,"RSB","T307006116",3,5,20,10,NA,NA,15,15,10,7,NA,NA,15,12,10,7,NA,NA,"Control",NA,15,200,NA,225,70,NA,180,70,NA,215,295,250,760,420,340,NA,25,25,23,73,33,40,NA
2018,"RSB","T304802122",8,8,NA,NA,NA,NA,20,3,NA,NA,NA,NA,30,3,NA,NA,NA,NA,"Treatment",1,64,NA,NA,60,NA,NA,90,NA,NA,64,60,90,214,214,NA,NA,20,30,8,58,58,NA,NA
2018,"RSB","T302004124",20,9,NA,NA,NA,NA,7,6,NA,NA,NA,NA,5,5,NA,NA,NA,NA,"Control",NA,180,NA,NA,42,NA,NA,25,NA,NA,180,42,25,247,247,NA,NA,7,5,20,32,32,NA,NA
2018,"RSB","T307003115",10,10,NA,NA,NA,NA,3,10,NA,NA,NA,NA,NA,NA,NA,NA,NA,NA,"Control",NA,100,NA,NA,30,NA,NA,NA,NA,NA,100,30,NA,130,130,NA,NA,3,NA,10,13,13,NA,NA
2018,"RSB","T306708132",16,12,NA,NA,NA,NA,5,5,NA,NA,NA,NA,NA,NA,NA,NA,NA,NA,"Control",NA,192,NA,NA,25,NA,NA,NA,NA,NA,192,25,NA,217,217,NA,NA,5,NA,16,21,21,NA,NA
2018,"RSB","T304705128",15,8,NA,NA,NA,NA,20,5,NA,NA,NA,NA,10,6,NA,NA,NA,NA,"Control",NA,120,NA,NA,100,NA,NA,60,NA,NA,120,100,60,280,280,NA,NA,20,10,15,45,45,NA,NA
2018,"RSB","T307705125",20,8,NA,NA,NA,NA,8,8,NA,NA,NA,NA,5,5,NA,NA,NA,NA,"Control",NA,160,NA,NA,64,NA,NA,25,NA,NA,160,64,25,249,249,NA,NA,8,5,20,33,33,NA,NA
2018,"RSB","T302608007",6,6,NA,NA,NA,NA,4,7,NA,NA,NA,NA,NA,NA,NA,NA,NA,NA,"Control",NA,36,NA,NA,28,NA,NA,NA,NA,NA,36,28,NA,64,64,NA,NA,4,NA,6,10,10,NA,NA
2018,"RSB","T302606012",NA,NA,NA,NA,NA,NA,NA,NA,NA,NA,NA,NA,NA,NA,NA,NA,NA,NA,"Control",NA,NA,NA,NA,NA,NA,NA,NA,NA,NA,NA,NA,NA,NA,NA,NA,NA,NA,NA,NA,NA,NA,NA,NA
2018,"RSB","T309009013",NA,NA,NA,NA,NA,NA,NA,NA,NA,NA,NA,NA,NA,NA,NA,NA,NA,NA,"Control",NA,NA,NA,NA,NA,NA,NA,NA,NA,NA,NA,NA,NA,NA,NA,NA,NA,NA,NA,NA,NA,NA,NA,NA
2018,"RSB","T302608003",NA,NA,NA,NA,NA,NA,NA,NA,NA,NA,NA,NA,NA,NA,NA,NA,NA,NA,"Control",NA,NA,NA,NA,NA,NA,NA,NA,NA,NA,NA,NA,NA,NA,NA,NA,NA,NA,NA,NA,NA,NA,NA,NA
2018,"RSB","T300409001",NA,NA,NA,NA,NA,NA,NA,NA,NA,NA,NA,NA,NA,NA,NA,NA,NA,NA,"Control",NA,NA,NA,NA,NA,NA,NA,NA,NA,NA,NA,NA,NA,NA,NA,NA,NA,NA,NA,NA,NA,NA,NA,NA
2018,"RSB","T300404011",NA,NA,NA,NA,NA,NA,NA,NA,NA,NA,NA,NA,NA,NA,NA,NA,NA,NA,"Control",NA,NA,NA,NA,NA,NA,NA,NA,NA,NA,NA,NA,NA,NA,NA,NA,NA,NA,NA,NA,NA,NA,NA,NA
2018,"RSB","T300601005",NA,NA,NA,NA,NA,NA,NA,NA,NA,NA,NA,NA,NA,NA,NA,NA,NA,NA,"Control",NA,NA,NA,NA,NA,NA,NA,NA,NA,NA,NA,NA,NA,NA,NA,NA,NA,NA,NA,NA,NA,NA,NA,NA
2018,"RSB","T302607006",NA,NA,NA,NA,NA,NA,NA,NA,NA,NA,NA,NA,NA,NA,NA,NA,NA,NA,"Control",NA,NA,NA,NA,NA,NA,NA,NA,NA,NA,NA,NA,NA,NA,NA,NA,NA,NA,NA,NA,NA,NA,NA,NA
2018,"RSB","T302609002",4,25,NA,NA,NA,NA,2,25,NA,NA,NA,NA,NA,NA,NA,NA,NA,NA,"Control",NA,100,NA,NA,50,NA,NA,NA,NA,NA,100,50,NA,150,150,NA,NA,2,NA,4,6,6,NA,NA
2018,"RSB","T309303010",8,2,20,4,NA,NA,7,1,14,4,NA,NA,NA,NA,NA,NA,NA,NA,"Control",NA,16,80,NA,7,56,NA,NA,NA,NA,96,63,NA,159,23,136,NA,21,NA,28,49,15,34,NA
2018,"RSB","T303603009",NA,NA,NA,NA,NA,NA,NA,NA,NA,NA,NA,NA,NA,NA,NA,NA,NA,NA,"Control",NA,NA,NA,NA,NA,NA,NA,NA,NA,NA,NA,NA,NA,NA,NA,NA,NA,NA,NA,NA,NA,NA,NA,NA
2018,"RSB","T302602008",NA,NA,NA,NA,NA,NA,NA,NA,NA,NA,NA,NA,NA,NA,NA,NA,NA,NA,"Control",NA,NA,NA,NA,NA,NA,NA,NA,NA,NA,NA,NA,NA,NA,NA,NA,NA,NA,NA,NA,NA,NA,NA,NA
2018,"RSB","T309304113",3,5,NA,NA,NA,NA,20,5,NA,NA,NA,NA,10,7,NA,NA,NA,NA,"Control",NA,15,NA,NA,100,NA,NA,70,NA,NA,15,100,70,185,185,NA,NA,20,10,3,33,33,NA,NA
2018,"RSB","T307001095",NA,NA,NA,NA,NA,NA,NA,NA,NA,NA,NA,NA,NA,NA,NA,NA,NA,NA,"Control",NA,NA,NA,NA,NA,NA,NA,NA,NA,NA,NA,NA,NA,NA,NA,NA,NA,NA,NA,NA,NA,NA,NA,NA
2018,"RSB","T300901091",NA,NA,NA,NA,NA,NA,NA,NA,NA,NA,NA,NA,NA,NA,NA,NA,NA,NA,"Treatment",1,NA,NA,NA,NA,NA,NA,NA,NA,NA,NA,NA,NA,NA,NA,NA,NA,NA,NA,NA,NA,NA,NA,NA
2018,"RSB","T307808108",NA,NA,NA,NA,NA,NA,NA,NA,NA,NA,NA,NA,NA,NA,NA,NA,NA,NA,"Control",NA,NA,NA,NA,NA,NA,NA,NA,NA,NA,NA,NA,NA,NA,NA,NA,NA,NA,NA,NA,NA,NA,NA,NA
2018,"RSB","T304707109",NA,NA,NA,NA,NA,NA,NA,NA,NA,NA,NA,NA,NA,NA,NA,NA,NA,NA,"Control",NA,NA,NA,NA,NA,NA,NA,NA,NA,NA,NA,NA,NA,NA,NA,NA,NA,NA,NA,NA,NA,NA,NA,NA
2018,"RSB","T301906103",45,5,40,5,NA,NA,30,5,20,5,NA,NA,40,5,20,6,NA,NA,"Control",NA,225,200,NA,150,100,NA,200,120,NA,425,250,320,995,575,420,NA,50,60,85,195,115,80,NA
2018,"RSB","T301808002",5,8,NA,NA,NA,NA,15,10,NA,NA,NA,NA,15,12,NA,NA,NA,NA,"Control",NA,40,NA,NA,150,NA,NA,180,NA,NA,40,150,180,370,370,NA,NA,15,15,5,35,35,NA,NA
2018,"RSB","T301106005",6,20,6,18,NA,NA,4,21,5,19,NA,NA,9,22,5,18,NA,NA,"Control",NA,120,108,NA,84,95,NA,198,90,NA,228,179,288,695,402,293,NA,9,14,12,35,19,16,NA
2018,"RSB","T307408001",5,10,6,13,NA,NA,10,16,12,15,NA,NA,10,18,18,17,NA,NA,"Control",NA,50,78,NA,160,180,NA,180,306,NA,128,340,486,954,390,564,NA,22,28,11,61,25,36,NA
2018,"RSB","T303505004",6,19,7,18,6,18,8,18,6,20,7,22,8,20,9,19,7,21,"Control",NA,114,126,108,144,120,154,160,171,147,348,418,478,1244,418,417,409,21,24,19,64,22,22,20
2018,"RSB","T302501007",6,18,NA,NA,NA,NA,4,15,NA,NA,NA,NA,NA,NA,NA,NA,NA,NA,"Control",NA,108,NA,NA,60,NA,NA,NA,NA,NA,108,60,NA,168,168,NA,NA,4,NA,6,10,10,NA,NA
2018,"RSB","T303906006",NA,NA,NA,NA,NA,NA,NA,NA,NA,NA,NA,NA,NA,NA,NA,NA,NA,NA,"Control",NA,NA,NA,NA,NA,NA,NA,NA,NA,NA,NA,NA,NA,NA,NA,NA,NA,NA,NA,NA,NA,NA,NA,NA
2018,"RSB","T304308003",5,13,6,12,5,14,2,12,2,13,2,11,NA,NA,NA,NA,NA,NA,"Control",NA,65,72,70,24,26,22,NA,NA,NA,207,72,NA,279,89,98,92,6,NA,16,22,7,8,7
2018,"RSB","T305001120",20,10,NA,NA,NA,NA,5,7,NA,NA,NA,NA,30,12,NA,NA,NA,NA,"Treatment",1,200,NA,NA,35,NA,NA,360,NA,NA,200,35,360,595,595,NA,NA,5,30,20,55,55,NA,NA
2018,"RSB","T304802123",5,7,NA,NA,NA,NA,15,4,NA,NA,NA,NA,20,5,NA,NA,NA,NA,"Treatment",1,35,NA,NA,60,NA,NA,100,NA,NA,35,60,100,195,195,NA,NA,15,20,5,40,40,NA,NA
2018,"RSB","T305001121",5,12,NA,NA,NA,NA,20,10,NA,NA,NA,NA,45,10,NA,NA,NA,NA,"Control",NA,60,NA,NA,200,NA,NA,450,NA,NA,60,200,450,710,710,NA,NA,20,45,5,70,70,NA,NA
2018,"RSB","T304706130",20,5,20,3,NA,NA,25,5,20,3,NA,NA,30,6,30,2,NA,NA,"Control",NA,100,60,NA,125,60,NA,180,60,NA,160,185,240,585,405,180,NA,45,60,40,145,75,70,NA
2018,"RSB","T304706131",15,8,NA,NA,NA,NA,20,6,NA,NA,NA,NA,NA,NA,NA,NA,NA,NA,"Control",NA,120,NA,NA,120,NA,NA,NA,NA,NA,120,120,NA,240,240,NA,NA,20,NA,15,35,35,NA,NA
2018,"RSB","T304702127",5,8,NA,NA,NA,NA,2,8,NA,NA,NA,NA,NA,NA,NA,NA,NA,NA,"Control",NA,40,NA,NA,16,NA,NA,NA,NA,NA,40,16,NA,56,56,NA,NA,2,NA,5,7,7,NA,NA
2018,"RSB","T300406135",4,4,10,5,NA,NA,15,5,10,5,NA,NA,20,5,10,5,NA,NA,"Treatment",1,16,50,NA,75,50,NA,100,50,NA,66,125,150,341,191,150,NA,25,30,14,69,39,30,NA
2018,"RSB","T300406089",10,5,NA,NA,NA,NA,15,6,NA,NA,NA,NA,20,5,NA,NA,NA,NA,"Treatment",1,50,NA,NA,90,NA,NA,100,NA,NA,50,90,100,240,240,NA,NA,15,20,10,45,45,NA,NA
2018,"RSB","T301503134",10,5,NA,NA,NA,NA,20,5,NA,NA,NA,NA,30,5,NA,NA,NA,NA,"Control",NA,50,NA,NA,100,NA,NA,150,NA,NA,50,100,150,300,300,NA,NA,20,30,10,60,60,NA,NA
2018,"RSB","T304705090",2,5,NA,NA,NA,NA,2,5,NA,NA,NA,NA,NA,NA,NA,NA,NA,NA,"Control",NA,10,NA,NA,10,NA,NA,NA,NA,NA,10,10,NA,20,20,NA,NA,2,NA,2,4,4,NA,NA
2018,"RSB","T305004088",10,10,NA,NA,NA,NA,10,10,NA,NA,NA,NA,30,24,NA,NA,NA,NA,"Control",NA,100,NA,NA,100,NA,NA,720,NA,NA,100,100,720,920,920,NA,NA,10,30,10,50,50,NA,NA
2018,"RSB","T301503081",25,8,10,4,NA,NA,10,5,7,4,NA,NA,8,5,8,5,NA,NA,"Control",NA,200,40,NA,50,28,NA,40,40,NA,240,78,80,398,290,108,NA,17,16,35,68,43,25,NA
2018,"RSB","T303907079",4,8,NA,NA,NA,NA,7,6,NA,NA,NA,NA,7,8,NA,NA,NA,NA,"Control",NA,32,NA,NA,42,NA,NA,56,NA,NA,32,42,56,130,130,NA,NA,7,7,4,18,18,NA,NA
2018,"RSB","T301502085",5,5,NA,NA,NA,NA,2,6,NA,NA,NA,NA,NA,NA,NA,NA,NA,NA,"Control",NA,25,NA,NA,12,NA,NA,NA,NA,NA,25,12,NA,37,37,NA,NA,2,NA,5,7,7,NA,NA
2018,"RSB","T301001084",7,5,NA,NA,NA,NA,3,3,NA,NA,NA,NA,NA,NA,NA,NA,NA,NA,"Control",NA,35,NA,NA,9,NA,NA,NA,NA,NA,35,9,NA,44,44,NA,NA,3,NA,7,10,10,NA,NA
2018,"RSB","T304807087",3,5,1,5,NA,NA,1,6,1,6,NA,NA,NA,NA,NA,NA,NA,NA,"Control",NA,15,5,NA,6,6,NA,NA,NA,NA,20,12,NA,32,21,11,NA,2,NA,4,6,4,2,NA
2018,"RSB","T304804086",3,7,NA,NA,NA,NA,1,10,NA,NA,NA,NA,NA,NA,NA,NA,NA,NA,"Control",NA,21,NA,NA,10,NA,NA,NA,NA,NA,21,10,NA,31,31,NA,NA,1,NA,3,4,4,NA,NA
2018,"RSB","T304808083",7,8,NA,NA,NA,NA,6,5,NA,NA,NA,NA,NA,NA,NA,NA,NA,NA,"Control",NA,56,NA,NA,30,NA,NA,NA,NA,NA,56,30,NA,86,86,NA,NA,6,NA,7,13,13,NA,NA
2018,"RSB","T304808082",8,5,8,5,NA,NA,2,5,2,5,NA,NA,NA,NA,NA,NA,NA,NA,"Control",NA,40,40,NA,10,10,NA,NA,NA,NA,80,20,NA,100,50,50,NA,4,NA,16,20,10,10,NA
2018,"RSB","T301503080",5,5,NA,NA,NA,NA,4,4,NA,NA,NA,NA,NA,NA,NA,NA,NA,NA,"Control",NA,25,NA,NA,16,NA,NA,NA,NA,NA,25,16,NA,41,41,NA,NA,4,NA,5,9,9,NA,NA
2018,"RSB","T305105014",NA,NA,NA,NA,NA,NA,NA,NA,NA,NA,NA,NA,NA,NA,NA,NA,NA,NA,"Control",NA,NA,NA,NA,NA,NA,NA,NA,NA,NA,NA,NA,NA,NA,NA,NA,NA,NA,NA,NA,NA,NA,NA,NA
2018,"RSB","T309006004",7,25,NA,NA,NA,NA,2,5,NA,NA,NA,NA,NA,NA,NA,NA,NA,NA,"Control",NA,175,NA,NA,10,NA,NA,NA,NA,NA,175,10,NA,185,185,NA,NA,2,NA,7,9,9,NA,NA
2018,"RSB","T305102015",NA,NA,NA,NA,NA,NA,NA,NA,NA,NA,NA,NA,NA,NA,NA,NA,NA,NA,"Control",NA,NA,NA,NA,NA,NA,NA,NA,NA,NA,NA,NA,NA,NA,NA,NA,NA,NA,NA,NA,NA,NA,NA,NA
2018,"RSB","T309504024",10,20,6,40,NA,NA,16,15,4,40,NA,NA,NA,NA,NA,NA,NA,NA,"Control",NA,200,240,NA,240,160,NA,NA,NA,NA,440,400,NA,840,440,400,NA,20,NA,16,36,26,10,NA
2018,"RSB","T302608050",6,12,NA,NA,NA,NA,5,13,NA,NA,NA,NA,NA,NA,NA,NA,NA,NA,"Control",NA,72,NA,NA,65,NA,NA,NA,NA,NA,72,65,NA,137,137,NA,NA,5,NA,6,11,11,NA,NA
2018,"RSB","T300401028",NA,NA,NA,NA,NA,NA,NA,NA,NA,NA,NA,NA,NA,NA,NA,NA,NA,NA,"Control",NA,NA,NA,NA,NA,NA,NA,NA,NA,NA,NA,NA,NA,NA,NA,NA,NA,NA,NA,NA,NA,NA,NA,NA
2018,"RSB","T305104033",3,10,NA,NA,NA,NA,1,7,NA,NA,NA,NA,NA,NA,NA,NA,NA,NA,"Control",NA,30,NA,NA,7,NA,NA,NA,NA,NA,30,7,NA,37,37,NA,NA,1,NA,3,4,4,NA,NA
2018,"RSB","T300607023",NA,NA,NA,NA,NA,NA,NA,NA,NA,NA,NA,NA,NA,NA,NA,NA,NA,NA,"Control",NA,NA,NA,NA,NA,NA,NA,NA,NA,NA,NA,NA,NA,NA,NA,NA,NA,NA,NA,NA,NA,NA,NA,NA
2018,"RSB","T305404025",6,13,NA,NA,NA,NA,5,10,NA,NA,NA,NA,NA,NA,NA,NA,NA,NA,"Control",NA,78,NA,NA,50,NA,NA,NA,NA,NA,78,50,NA,128,128,NA,NA,5,NA,6,11,11,NA,NA
2018,"RSB","T309904032",10,6,NA,NA,NA,NA,2,10,NA,NA,NA,NA,NA,NA,NA,NA,NA,NA,"Control",NA,60,NA,NA,20,NA,NA,NA,NA,NA,60,20,NA,80,80,NA,NA,2,NA,10,12,12,NA,NA
2018,"RSB","T300603032",25,5,NA,NA,NA,NA,18,10,NA,NA,NA,NA,NA,NA,NA,NA,NA,NA,"Control",NA,125,NA,NA,180,NA,NA,NA,NA,NA,125,180,NA,305,305,NA,NA,18,NA,25,43,43,NA,NA
2018,"RSB","T301911010",80,5,80,6,80,5,60,3,80,6,80,6,65,3,75,5,80,7,"Treatment",1,400,480,400,180,480,480,195,375,560,1280,1140,1130,3550,775,1335,1440,220,220,240,680,205,235,240
2018,"RSB","T306004001",5,5,NA,NA,NA,NA,15,6,NA,NA,NA,NA,15,5,NA,NA,NA,NA,"Treatment",1,25,NA,NA,90,NA,NA,75,NA,NA,25,90,75,190,190,NA,NA,15,15,5,35,35,NA,NA
2018,"RSB","T305607002",20,8,NA,NA,NA,NA,40,8,NA,NA,NA,NA,10,8,NA,NA,NA,NA,"Treatment",1,160,NA,NA,320,NA,NA,80,NA,NA,160,320,80,560,560,NA,NA,40,10,20,70,70,NA,NA
2018,"RSB","T300307001",20,10,NA,NA,NA,NA,NA,NA,NA,NA,NA,NA,15,12,NA,NA,NA,NA,"Treatment",1,200,NA,NA,NA,NA,NA,180,NA,NA,200,NA,180,380,380,NA,NA,NA,15,20,35,35,NA,NA
2018,"RSB","T304802030",NA,NA,NA,NA,NA,NA,5,8,NA,NA,NA,NA,5,5,NA,NA,NA,NA,"Treatment",1,NA,NA,NA,40,NA,NA,25,NA,NA,NA,40,25,65,65,NA,NA,5,5,NA,10,10,NA,NA
2018,"RSB","T306102001",40,5,NA,NA,NA,NA,5,5,NA,NA,NA,NA,30,5,NA,NA,NA,NA,"Treatment",1,200,NA,NA,25,NA,NA,150,NA,NA,200,25,150,375,375,NA,NA,5,30,40,75,75,NA,NA
2018,"RSB","T305519001",NA,NA,NA,NA,NA,NA,NA,NA,NA,NA,NA,NA,NA,NA,NA,NA,NA,NA,"Treatment",1,NA,NA,NA,NA,NA,NA,NA,NA,NA,NA,NA,NA,NA,NA,NA,NA,NA,NA,NA,NA,NA,NA,NA
2018,"RSB","T305607004",15,6,NA,NA,NA,NA,20,6,NA,NA,NA,NA,6,5,NA,NA,NA,NA,"Treatment",1,90,NA,NA,120,NA,NA,30,NA,NA,90,120,30,240,240,NA,NA,20,6,15,41,41,NA,NA
2018,"RSB","T302806050",5,5,NA,NA,NA,NA,15,8,NA,NA,NA,NA,15,8,NA,NA,NA,NA,"Treatment",1,25,NA,NA,120,NA,NA,120,NA,NA,25,120,120,265,265,NA,NA,15,15,5,35,35,NA,NA
2018,"RSB","T306102002",30,8,10,8,NA,NA,NA,NA,4,8,NA,NA,15,6,10,5,NA,NA,"Treatment",1,240,80,NA,NA,32,NA,90,50,NA,320,32,140,492,330,162,NA,4,25,40,69,45,24,NA
2018,"RSB","T309708020",30,8,40,5,NA,NA,15,2,10,5,NA,NA,15,8,25,5,NA,NA,"Treatment",1,240,200,NA,30,50,NA,120,125,NA,440,80,245,765,390,375,NA,25,40,70,135,60,75,NA
2018,"RSB","T305607005",NA,NA,NA,NA,NA,NA,NA,NA,NA,NA,NA,NA,NA,NA,NA,NA,NA,NA,"Treatment",1,NA,NA,NA,NA,NA,NA,NA,NA,NA,NA,NA,NA,NA,NA,NA,NA,NA,NA,NA,NA,NA,NA,NA
2018,"RSB","T308705001",NA,NA,5,5,NA,NA,NA,NA,NA,NA,NA,NA,NA,NA,5,5,NA,NA,"Treatment",1,NA,25,NA,NA,NA,NA,NA,25,NA,25,NA,25,50,NA,50,NA,NA,5,5,10,NA,10,NA
2018,"RSB","T305602003",NA,NA,NA,NA,NA,NA,NA,NA,NA,NA,NA,NA,NA,NA,NA,NA,NA,NA,"Treatment",1,NA,NA,NA,NA,NA,NA,NA,NA,NA,NA,NA,NA,NA,NA,NA,NA,NA,NA,NA,NA,NA,NA,NA
2018,"RSB","T308707002",90,12,90,12,NA,NA,50,12,50,12,NA,NA,80,9,80,15,NA,NA,"Treatment",1,1080,1080,NA,600,600,NA,720,1200,NA,2160,1200,1920,5280,2400,2880,NA,100,160,180,440,220,220,NA
2018,"RSB","T305602001",20,5,30,5,NA,NA,15,6,10,8,NA,NA,50,5,22,8,NA,NA,"Control",NA,100,150,NA,90,80,NA,250,176,NA,250,170,426,846,440,406,NA,25,72,50,147,85,62,NA
2018,"RSB","T303007001",20,5,NA,NA,NA,NA,NA,NA,NA,NA,NA,NA,NA,NA,NA,NA,NA,NA,"Treatment",1,100,NA,NA,NA,NA,NA,NA,NA,NA,100,NA,NA,100,100,NA,NA,NA,NA,20,20,20,NA,NA
2018,"RSB","T300508099",10,5,NA,NA,NA,NA,30,5,NA,NA,NA,NA,90,5,NA,NA,NA,NA,"Treatment",1,50,NA,NA,150,NA,NA,450,NA,NA,50,150,450,650,650,NA,NA,30,90,10,130,130,NA,NA
2018,"RSB","T308703001",20,5,NA,NA,NA,NA,20,5,NA,NA,NA,NA,NA,NA,NA,NA,NA,NA,"Treatment",1,100,NA,NA,100,NA,NA,NA,NA,NA,100,100,NA,200,200,NA,NA,20,NA,20,40,40,NA,NA
2018,"RSB","T302608032",35,4,NA,NA,NA,NA,40,4,NA,NA,NA,NA,NA,NA,NA,NA,NA,NA,"Control",NA,140,NA,NA,160,NA,NA,NA,NA,NA,140,160,NA,300,300,NA,NA,40,NA,35,75,75,NA,NA
2018,"RSB","T302608033",40,4,NA,NA,NA,NA,50,4,NA,NA,NA,NA,NA,NA,NA,NA,NA,NA,"Control",NA,160,NA,NA,200,NA,NA,NA,NA,NA,160,200,NA,360,360,NA,NA,50,NA,40,90,90,NA,NA
2018,"RSB","T302609007",20,5,NA,NA,NA,NA,20,3,NA,NA,NA,NA,NA,NA,NA,NA,NA,NA,"Control",NA,100,NA,NA,60,NA,NA,NA,NA,NA,100,60,NA,160,160,NA,NA,20,NA,20,40,40,NA,NA
2018,"RSB","T302603034",20,5,NA,NA,NA,NA,30,5,NA,NA,NA,NA,NA,NA,NA,NA,NA,NA,"Treatment",1,100,NA,NA,150,NA,NA,NA,NA,NA,100,150,NA,250,250,NA,NA,30,NA,20,50,50,NA,NA
2018,"RSB","T302602009",20,5,NA,NA,NA,NA,30,8,NA,NA,NA,NA,NA,NA,NA,NA,NA,NA,"Treatment",1,100,NA,NA,240,NA,NA,NA,NA,NA,100,240,NA,340,340,NA,NA,30,NA,20,50,50,NA,NA
2018,"RSB","T300608006",10,5,10,5,NA,NA,40,5,20,5,NA,NA,30,8,NA,NA,NA,NA,"Treatment",1,50,50,NA,200,100,NA,240,NA,NA,100,300,240,640,490,150,NA,60,30,20,110,80,30,NA
2018,"RSB","T301808003",5,5,NA,NA,NA,NA,5,5,NA,NA,NA,NA,NA,NA,NA,NA,NA,NA,"Control",NA,25,NA,NA,25,NA,NA,NA,NA,NA,25,25,NA,50,50,NA,NA,5,NA,5,10,10,NA,NA
2018,"RSB","T301805004",15,5,NA,NA,NA,NA,15,5,NA,NA,NA,NA,NA,NA,NA,NA,NA,NA,"Control",NA,75,NA,NA,75,NA,NA,NA,NA,NA,75,75,NA,150,150,NA,NA,15,NA,15,30,30,NA,NA
2018,"RSB","T309306011",40,5,NA,NA,NA,NA,50,8,NA,NA,NA,NA,NA,NA,NA,NA,NA,NA,"Control",NA,200,NA,NA,400,NA,NA,NA,NA,NA,200,400,NA,600,600,NA,NA,50,NA,40,90,90,NA,NA
2018,"RSB","T309306012",20,8,NA,NA,NA,NA,40,5,NA,NA,NA,NA,NA,NA,NA,NA,NA,NA,"Treatment",1,160,NA,NA,200,NA,NA,NA,NA,NA,160,200,NA,360,360,NA,NA,40,NA,20,60,60,NA,NA
2018,"RSB","T300608033",NA,NA,5,5,NA,NA,80,5,5,5,NA,NA,80,8,NA,NA,NA,NA,"Treatment",1,NA,25,NA,400,25,NA,640,NA,NA,25,425,640,1090,1040,50,NA,85,80,5,170,160,10,NA
2018,"RSB","T303608010",20,5,NA,NA,NA,NA,50,5,NA,NA,NA,NA,65,8,NA,NA,NA,NA,"Control",NA,100,NA,NA,250,NA,NA,520,NA,NA,100,250,520,870,870,NA,NA,50,65,20,135,135,NA,NA
2018,"RSB","T305404026",20,5,20,8,NA,NA,30,5,40,8,NA,NA,20,5,20,8,NA,NA,"Control",NA,100,160,NA,150,320,NA,100,160,NA,260,470,260,990,350,640,NA,70,40,40,150,70,80,NA
2018,"RSB","T300901112",25,8,20,8,NA,NA,20,5,20,5,NA,NA,NA,NA,NA,NA,NA,NA,"Control",NA,200,160,NA,100,100,NA,NA,NA,NA,360,200,NA,560,300,260,NA,40,NA,45,85,45,40,NA
2018,"RSB","T300901113",25,8,NA,NA,NA,NA,20,5,NA,NA,NA,NA,5,5,NA,NA,NA,NA,"Treatment",1,200,NA,NA,100,NA,NA,25,NA,NA,200,100,25,325,325,NA,NA,20,5,25,50,50,NA,NA
2019,"RSB","T306004001",NA,NA,30,8,NA,NA,NA,5,4,NA,NA,NA,NA,NA,10,7,NA,NA,"Treatment",1,NA,240,NA,NA,NA,NA,NA,70,NA,240,NA,70,310,NA,310,NA,4,10,30,44,NA,44,NA
2019,"RSB","T309708020",20,8,15,10,30,8,4,6,5,8,8,9,4,8,2,9,8,9,"Treatment",1,160,150,240,24,40,72,32,18,72,550,136,122,808,216,208,384,17,14,65,96,28,22,46
2019,"RSB","T300608033",10,7,40,12,NA,NA,70,6,22,7,NA,NA,62,15,22,5,NA,NA,"Treatment",1,70,480,NA,420,154,NA,930,110,NA,550,574,1040,2164,1420,744,NA,92,84,50,226,142,84,NA
2019,"RSB","T302806050",10,10,30,9,NA,NA,5,8,7,9,NA,NA,2,9,2,8,NA,NA,"Treatment",1,100,270,NA,40,63,NA,18,16,NA,370,103,34,507,158,349,NA,12,4,40,56,17,39,NA
2019,"RSB","T309306012",15,6,NA,NA,NA,NA,NA,10,5,NA,NA,NA,1,8,1,7,NA,NA,"Treatment",1,90,NA,NA,NA,NA,NA,8,7,NA,90,NA,15,105,98,7,NA,5,2,15,22,16,6,NA
2019,"RSB","T300508099",26,8,NA,NA,NA,NA,5,10,3,5,NA,NA,18,8,4,10,NA,NA,"Treatment",1,208,NA,NA,50,15,NA,144,40,NA,208,65,184,457,402,55,NA,8,22,26,56,49,7,NA
2019,"RSB","T305602003",10,12,NA,NA,NA,NA,6,NA,NA,12,NA,NA,8,12,NA,NA,NA,NA,"Treatment",1,120,NA,NA,NA,NA,NA,96,NA,NA,120,NA,96,216,216,NA,NA,6,8,10,24,24,NA,NA
2019,"RSB","T300406135",25,12,7,7,10,12,10,9,2,12,4,10,15,8,7,2,2,6,"Treatment",1,300,49,120,90,24,40,120,14,12,469,154,146,769,510,87,172,16,24,42,82,50,16,16
2019,"RSB","T306102002",15,5,NA,NA,NA,NA,20,NA,NA,5,NA,NA,40,3,NA,NA,NA,NA,"Treatment",1,75,NA,NA,NA,NA,NA,120,NA,NA,75,NA,120,195,195,NA,NA,20,40,15,75,75,NA,NA
2019,"RSB","T305607002",20,12,12,12,NA,NA,15,10,10,12,NA,NA,10,12,10,10,NA,NA,"Treatment",1,240,144,NA,150,120,NA,120,100,NA,384,270,220,874,510,364,NA,25,20,32,77,45,32,NA
2019,"RSB","T308707002",20,12,12,12,NA,NA,20,12,12,12,NA,NA,20,12,10,10,NA,NA,"Treatment",1,240,144,NA,240,144,NA,240,100,NA,384,384,340,1108,720,388,NA,32,30,32,94,60,34,NA
2019,"RSB","T306102001",20,12,NA,NA,NA,NA,15,NA,NA,12,NA,NA,15,12,NA,NA,NA,NA,"Treatment",1,240,NA,NA,NA,NA,NA,180,NA,NA,240,NA,180,420,420,NA,NA,15,15,20,50,50,NA,NA
2019,"RSB","T304802030",NA,NA,NA,NA,NA,NA,5,NA,NA,10,NA,NA,3,9,NA,NA,NA,NA,"Treatment",1,NA,NA,NA,NA,NA,NA,27,NA,NA,NA,NA,27,27,27,NA,NA,5,3,NA,8,8,NA,NA
2019,"RSB","T305519001",12,10,NA,NA,NA,NA,6,NA,NA,10,NA,NA,8,10,NA,NA,NA,NA,"Treatment",1,120,NA,NA,NA,NA,NA,80,NA,NA,120,NA,80,200,200,NA,NA,6,8,12,26,26,NA,NA
2019,"RSB","T301911010",12,12,60,3,80,6,NA,5,90,NA,90,7,10,12,60,3,80,6,"Treatment",1,144,180,480,NA,NA,630,120,180,480,804,630,780,2214,264,360,1590,180,150,152,482,22,210,250
2019,"RSB","T300307001",20,12,NA,NA,NA,NA,20,10,4,12,4,10,20,12,4,10,4,10,"Treatment",1,240,NA,NA,200,48,40,240,40,40,240,288,320,848,680,88,80,28,28,20,76,60,8,8
2019,"RSB","T302602009",9,7,NA,NA,NA,NA,7,NA,NA,6,NA,NA,15,7,NA,NA,NA,NA,"Treatment",1,63,NA,NA,NA,NA,NA,105,NA,NA,63,NA,105,168,168,NA,NA,7,15,9,31,31,NA,NA
2019,"RSB","T304802122",40,2,NA,NA,NA,NA,12,NA,NA,3,NA,NA,14,4,NA,NA,NA,NA,"Treatment",1,80,NA,NA,NA,NA,NA,56,NA,NA,80,NA,56,136,136,NA,NA,12,14,40,66,66,NA,NA
2019,"RSB","T308705001",10,7,20,10,20,10,15,10,5,4,5,10,45,6,15,10,15,10,"Treatment",1,70,200,200,150,20,50,270,150,150,470,220,570,1260,490,370,400,25,75,50,150,70,40,40
2019,"RSB","T305001120",10,6,25,12,15,10,20,10,5,5,3,5,40,5,15,15,10,10,"Treatment",1,60,300,150,200,25,15,200,225,100,510,240,525,1275,460,550,265,28,65,50,143,70,45,28
2019,"RSB","T303007001",NA,NA,NA,NA,NA,NA,NA,NA,NA,NA,NA,NA,NA,NA,NA,NA,NA,NA,"Treatment",1,NA,NA,NA,NA,NA,NA,NA,NA,NA,NA,NA,NA,NA,NA,NA,NA,NA,NA,NA,NA,NA,NA,NA
2019,"RSB","T305607005",20,12,20,12,5,10,20,8,10,12,8,12,15,10,10,10,5,12,"Treatment",1,240,240,50,160,120,96,150,100,60,530,376,310,1216,550,460,206,38,30,45,113,55,40,18
2019,"RSB","T300608006",12,12,NA,NA,NA,NA,8,NA,NA,12,NA,NA,9,12,NA,NA,NA,NA,"Treatment",1,144,NA,NA,NA,NA,NA,108,NA,NA,144,NA,108,252,252,NA,NA,8,9,12,29,29,NA,NA
2019,"RSB","T308703001",NA,NA,NA,NA,NA,NA,10,NA,NA,10,NA,NA,12,12,NA,NA,NA,NA,"Treatment",1,NA,NA,NA,NA,NA,NA,144,NA,NA,NA,NA,144,144,144,NA,NA,10,12,NA,22,22,NA,NA
2019,"RSB","T300901113",NA,NA,NA,NA,NA,NA,12,NA,NA,6,NA,NA,12,5,NA,NA,NA,NA,"Treatment",1,NA,NA,NA,NA,NA,NA,60,NA,NA,NA,NA,60,60,60,NA,NA,12,12,NA,24,24,NA,NA
2019,"RSB","T302603034",NA,NA,20,5,NA,NA,NA,NA,NA,NA,NA,NA,NA,NA,7,6,NA,NA,"Treatment",1,NA,100,NA,NA,NA,NA,NA,42,NA,100,NA,42,142,NA,142,NA,NA,7,20,27,NA,27,NA
2019,"RSB","T305607004",20,7,25,7,NA,NA,8,5,9,5,NA,NA,5,5,6,4,NA,NA,"Treatment",1,140,175,NA,40,45,NA,25,24,NA,315,85,49,449,205,244,NA,17,11,45,73,33,40,NA
2019,"RSB","T304802123",NA,NA,NA,NA,NA,NA,15,8,6,12,7,12,12,12,10,10,8,10,"Treatment",1,NA,NA,NA,120,72,84,144,100,80,NA,276,324,600,264,172,164,28,30,NA,58,27,16,15
2019,"RSB","T304905099",NA,NA,NA,NA,NA,NA,NA,NA,NA,NA,NA,NA,5,8,NA,NA,NA,NA,"Control",NA,NA,NA,NA,NA,NA,NA,40,NA,NA,NA,NA,40,40,40,NA,NA,NA,5,NA,5,5,NA,NA
2019,"RSB","T302608031",NA,NA,NA,NA,NA,NA,NA,NA,NA,NA,NA,NA,NA,NA,NA,NA,NA,NA,"Control",NA,NA,NA,NA,NA,NA,NA,NA,NA,NA,NA,NA,NA,NA,NA,NA,NA,NA,NA,NA,NA,NA,NA,NA
2019,"RSB","T304901100",NA,NA,NA,NA,NA,NA,NA,NA,NA,NA,NA,NA,NA,NA,NA,NA,NA,NA,"Control",NA,NA,NA,NA,NA,NA,NA,NA,NA,NA,NA,NA,NA,NA,NA,NA,NA,NA,NA,NA,NA,NA,NA,NA
2019,"RSB","T307408001",NA,NA,NA,NA,NA,NA,1,NA,NA,2,NA,NA,2,7,NA,NA,NA,NA,"Control",NA,NA,NA,NA,NA,NA,NA,14,NA,NA,NA,NA,14,14,14,NA,NA,1,2,NA,3,3,NA,NA
2019,"RSB","T301503134",NA,NA,NA,NA,NA,NA,2,NA,NA,5,NA,NA,4,5,NA,NA,NA,NA,"Control",NA,NA,NA,NA,NA,NA,NA,20,NA,NA,NA,NA,20,20,20,NA,NA,2,4,NA,6,6,NA,NA
2019,"RSB","T309504024",NA,NA,NA,NA,NA,NA,1,NA,NA,10,NA,NA,3,5,NA,NA,NA,NA,"Control",NA,NA,NA,NA,NA,NA,NA,15,NA,NA,NA,NA,15,15,15,NA,NA,1,3,NA,4,4,NA,NA
2019,"RSB","T304308003",NA,NA,NA,NA,NA,NA,5,NA,NA,3,NA,NA,15,6,NA,NA,NA,NA,"Control",NA,NA,NA,NA,NA,NA,NA,90,NA,NA,NA,NA,90,90,90,NA,NA,5,15,NA,20,20,NA,NA
2019,"RSB","T301503081",10,5,NA,NA,NA,NA,3,NA,NA,5,NA,NA,5,5,NA,NA,NA,NA,"Control",NA,50,NA,NA,NA,NA,NA,25,NA,NA,50,NA,25,75,75,NA,NA,3,5,10,18,18,NA,NA
2019,"RSB","T302608029",NA,NA,NA,NA,NA,NA,NA,NA,NA,NA,NA,NA,NA,NA,NA,NA,NA,NA,"Control",NA,NA,NA,NA,NA,NA,NA,NA,NA,NA,NA,NA,NA,NA,NA,NA,NA,NA,NA,NA,NA,NA,NA,NA
2019,"RSB","T309009013",NA,NA,NA,NA,NA,NA,NA,NA,NA,NA,NA,NA,NA,NA,NA,NA,NA,NA,"Control",NA,NA,NA,NA,NA,NA,NA,NA,NA,NA,NA,NA,NA,NA,NA,NA,NA,NA,NA,NA,NA,NA,NA,NA
2019,"RSB","T302608003",NA,NA,NA,NA,NA,NA,NA,NA,NA,NA,NA,NA,NA,NA,NA,NA,NA,NA,"Control",NA,NA,NA,NA,NA,NA,NA,NA,NA,NA,NA,NA,NA,NA,NA,NA,NA,NA,NA,NA,NA,NA,NA,NA
2019,"RSB","T302607029",5,5,NA,NA,NA,NA,1,NA,NA,5,NA,NA,2,5,NA,NA,NA,NA,"Control",NA,25,NA,NA,NA,NA,NA,10,NA,NA,25,NA,10,35,35,NA,NA,1,2,5,8,8,NA,NA
2019,"RSB","T306708132",NA,NA,NA,NA,NA,NA,2,NA,NA,5,NA,NA,5,5,NA,NA,NA,NA,"Control",NA,NA,NA,NA,NA,NA,NA,25,NA,NA,NA,NA,25,25,25,NA,NA,2,5,NA,7,7,NA,NA
2019,"RSB","T309303010",NA,NA,NA,NA,NA,NA,NA,NA,NA,NA,NA,NA,NA,NA,NA,NA,NA,NA,"Control",NA,NA,NA,NA,NA,NA,NA,NA,NA,NA,NA,NA,NA,NA,NA,NA,NA,NA,NA,NA,NA,NA,NA,NA
2019,"RSB","T303806078",NA,NA,NA,NA,NA,NA,NA,NA,NA,NA,NA,NA,NA,NA,NA,NA,NA,NA,"Control",NA,NA,NA,NA,NA,NA,NA,NA,NA,NA,NA,NA,NA,NA,NA,NA,NA,NA,NA,NA,NA,NA,NA,NA
2019,"RSB","T303807077",NA,NA,NA,NA,NA,NA,NA,NA,NA,NA,NA,NA,NA,NA,NA,NA,NA,NA,"Control",NA,NA,NA,NA,NA,NA,NA,NA,NA,NA,NA,NA,NA,NA,NA,NA,NA,NA,NA,NA,NA,NA,NA,NA
2019,"RSB","T302607006",NA,NA,NA,NA,NA,NA,NA,NA,NA,NA,NA,NA,NA,NA,NA,NA,NA,NA,"Control",NA,NA,NA,NA,NA,NA,NA,NA,NA,NA,NA,NA,NA,NA,NA,NA,NA,NA,NA,NA,NA,NA,NA,NA
2019,"RSB","T305104033",NA,NA,NA,NA,NA,NA,2,NA,NA,5,NA,NA,5,5,NA,NA,NA,NA,"Control",NA,NA,NA,NA,NA,NA,NA,25,NA,NA,NA,NA,25,25,25,NA,NA,2,5,NA,7,7,NA,NA
2019,"RSB","T302608032",1,2,NA,NA,NA,NA,1,NA,NA,3,NA,NA,8,10,2,10,NA,NA,"Control",NA,2,NA,NA,NA,NA,NA,80,20,NA,2,NA,100,102,82,20,NA,1,10,1,12,10,2,NA
2019,"RSB","T305102015",NA,NA,NA,NA,NA,NA,NA,NA,NA,NA,NA,NA,NA,NA,NA,NA,NA,NA,"Control",NA,NA,NA,NA,NA,NA,NA,NA,NA,NA,NA,NA,NA,NA,NA,NA,NA,NA,NA,NA,NA,NA,NA,NA
2019,"RSB","T300603032",NA,NA,NA,NA,NA,NA,NA,NA,NA,NA,NA,NA,NA,NA,NA,NA,NA,NA,"Control",NA,NA,NA,NA,NA,NA,NA,NA,NA,NA,NA,NA,NA,NA,NA,NA,NA,NA,NA,NA,NA,NA,NA,NA
2019,"RSB","T302608026",NA,NA,NA,NA,NA,NA,NA,NA,NA,NA,NA,NA,NA,NA,NA,NA,NA,NA,"Control",NA,NA,NA,NA,NA,NA,NA,NA,NA,NA,NA,NA,NA,NA,NA,NA,NA,NA,NA,NA,NA,NA,NA,NA
2019,"RSB","T305007121",NA,NA,NA,NA,NA,NA,NA,NA,NA,NA,NA,NA,NA,NA,NA,NA,NA,NA,"Control",NA,NA,NA,NA,NA,NA,NA,NA,NA,NA,NA,NA,NA,NA,NA,NA,NA,NA,NA,NA,NA,NA,NA,NA
2019,"RSB","T303505004",NA,NA,NA,NA,NA,NA,NA,NA,NA,NA,NA,NA,8,5,NA,NA,NA,NA,"Control",NA,NA,NA,NA,NA,NA,NA,40,NA,NA,NA,NA,40,40,40,NA,NA,NA,8,NA,8,8,NA,NA
2019,"RSB","T304804086",NA,NA,NA,NA,NA,NA,NA,NA,NA,NA,NA,NA,NA,NA,NA,NA,NA,NA,"Control",NA,NA,NA,NA,NA,NA,NA,NA,NA,NA,NA,NA,NA,NA,NA,NA,NA,NA,NA,NA,NA,NA,NA,NA
2019,"RSB","T301503071",12,10,NA,NA,NA,NA,5,NA,NA,12,NA,NA,12,12,NA,NA,NA,NA,"Control",NA,120,NA,NA,NA,NA,NA,144,NA,NA,120,NA,144,264,264,NA,NA,5,12,12,29,29,NA,NA
2019,"RSB","T304808083",NA,NA,NA,NA,NA,NA,6,NA,NA,8,NA,NA,8,12,NA,NA,NA,NA,"Control",NA,NA,NA,NA,NA,NA,NA,96,NA,NA,NA,NA,96,96,96,NA,NA,6,8,NA,14,14,NA,NA
2019,"RSB","T300409001",NA,NA,NA,NA,NA,NA,NA,NA,NA,NA,NA,NA,NA,NA,NA,NA,NA,NA,"Control",NA,NA,NA,NA,NA,NA,NA,NA,NA,NA,NA,NA,NA,NA,NA,NA,NA,NA,NA,NA,NA,NA,NA,NA
2019,"RSB","T304705090",NA,NA,8,8,NA,NA,15,3,4,5,NA,NA,16,10,10,8,NA,NA,"Control",NA,NA,64,NA,45,20,NA,160,80,NA,64,65,240,369,205,164,NA,19,26,8,53,31,22,NA
2019,"RSB","T300607023",NA,NA,NA,NA,NA,NA,NA,NA,NA,NA,NA,NA,NA,NA,NA,NA,NA,NA,"Control",NA,NA,NA,NA,NA,NA,NA,NA,NA,NA,NA,NA,NA,NA,NA,NA,NA,NA,NA,NA,NA,NA,NA,NA
2019,"RSB","T300601005",2,5,NA,NA,NA,NA,NA,NA,NA,NA,NA,NA,6,7,NA,NA,NA,NA,"Control",NA,10,NA,NA,NA,NA,NA,42,NA,NA,10,NA,42,52,52,NA,NA,NA,6,2,8,8,NA,NA
2019,"RSB","T307001095",NA,NA,NA,NA,NA,NA,NA,NA,NA,NA,NA,NA,2,2,NA,NA,NA,NA,"Control",NA,NA,NA,NA,NA,NA,NA,4,NA,NA,NA,NA,4,4,4,NA,NA,NA,2,NA,2,2,NA,NA
2019,"RSB","T300401028",NA,NA,NA,NA,NA,NA,NA,NA,NA,NA,NA,NA,NA,NA,NA,NA,NA,NA,"Control",NA,NA,NA,NA,NA,NA,NA,NA,NA,NA,NA,NA,NA,NA,NA,NA,NA,NA,NA,NA,NA,NA,NA,NA
2019,"RSB","T305602001",NA,NA,NA,NA,NA,NA,8,NA,NA,10,NA,NA,7,12,NA,NA,NA,NA,"Control",NA,NA,NA,NA,NA,NA,NA,84,NA,NA,NA,NA,84,84,84,NA,NA,8,7,NA,15,15,NA,NA
2019,"RSB","T303603009",NA,NA,NA,NA,NA,NA,NA,NA,NA,NA,NA,NA,NA,NA,NA,NA,NA,NA,"Control",NA,NA,NA,NA,NA,NA,NA,NA,NA,NA,NA,NA,NA,NA,NA,NA,NA,NA,NA,NA,NA,NA,NA,NA
2019,"RSB","T302606024",NA,NA,NA,NA,NA,NA,NA,NA,NA,NA,NA,NA,NA,NA,NA,NA,NA,NA,"Control",NA,NA,NA,NA,NA,NA,NA,NA,NA,NA,NA,NA,NA,NA,NA,NA,NA,NA,NA,NA,NA,NA,NA,NA
2019,"RSB","T301502070",26,10,26,8,26,4,1,10,2,10,3,10,2,8,2,4,2,1,"Control",NA,260,208,104,10,20,30,16,8,2,572,60,26,658,286,236,136,6,6,78,90,29,30,31
2019,"RSB","T302609007",7,6,7,6,7,6,NA,NA,NA,NA,NA,NA,NA,NA,NA,NA,NA,NA,"Control",NA,42,42,42,NA,NA,NA,NA,NA,NA,126,NA,NA,126,42,42,42,NA,NA,21,21,7,7,7
2019,"RSB","T305404026",6,15,6,15,NA,NA,NA,NA,NA,NA,NA,NA,NA,NA,NA,NA,NA,NA,"Control",NA,90,90,NA,NA,NA,NA,NA,NA,NA,180,NA,NA,180,90,90,NA,NA,NA,12,12,6,6,NA
2019,"RSB","T302608033",NA,NA,NA,NA,NA,NA,2,NA,NA,NA,NA,NA,NA,NA,NA,NA,NA,NA,"Control",NA,NA,NA,NA,NA,NA,NA,NA,NA,NA,NA,NA,NA,NA,NA,NA,NA,2,NA,NA,2,2,NA,NA
2019,"RSB","T304706131",NA,NA,NA,NA,NA,NA,15,NA,NA,5,NA,NA,NA,NA,NA,NA,NA,NA,"Control",NA,NA,NA,NA,NA,NA,NA,NA,NA,NA,NA,NA,NA,NA,NA,NA,NA,15,NA,NA,15,15,NA,NA
2019,"RSB","T302606012",NA,NA,NA,NA,NA,NA,NA,NA,NA,NA,NA,NA,NA,NA,NA,NA,NA,NA,"Control",NA,NA,NA,NA,NA,NA,NA,NA,NA,NA,NA,NA,NA,NA,NA,NA,NA,NA,NA,NA,NA,NA,NA,NA
2019,"RSB","T304707109",NA,NA,NA,NA,NA,NA,NA,NA,NA,NA,NA,NA,NA,NA,NA,NA,NA,NA,"Control",NA,NA,NA,NA,NA,NA,NA,NA,NA,NA,NA,NA,NA,NA,NA,NA,NA,NA,NA,NA,NA,NA,NA,NA
2019,"RSB","T304705128",NA,NA,NA,NA,NA,NA,NA,NA,NA,NA,NA,NA,NA,NA,NA,NA,NA,NA,"Control",NA,NA,NA,NA,NA,NA,NA,NA,NA,NA,NA,NA,NA,NA,NA,NA,NA,NA,NA,NA,NA,NA,NA,NA
2019,"RSB","T301808003",NA,NA,NA,NA,NA,NA,10,NA,NA,12,NA,NA,10,10,NA,NA,NA,NA,"Control",NA,NA,NA,NA,NA,NA,NA,100,NA,NA,NA,NA,100,100,100,NA,NA,10,10,NA,20,20,NA,NA
2019,"RSB","T305105014",6,8,NA,NA,NA,NA,5,NA,NA,8,NA,NA,14,8,NA,NA,NA,NA,"Control",NA,48,NA,NA,NA,NA,NA,112,NA,NA,48,NA,112,160,160,NA,NA,5,14,6,25,25,NA,NA
2019,"RSB","T302501007",8,8,NA,NA,NA,NA,3,NA,NA,2,NA,NA,8,8,NA,NA,NA,NA,"Control",NA,64,NA,NA,NA,NA,NA,64,NA,NA,64,NA,64,128,128,NA,NA,3,8,8,19,19,NA,NA
2019,"RSB","T302608007",NA,NA,NA,NA,NA,NA,NA,NA,NA,NA,NA,NA,NA,NA,NA,NA,NA,NA,"Control",NA,NA,NA,NA,NA,NA,NA,NA,NA,NA,NA,NA,NA,NA,NA,NA,NA,NA,NA,NA,NA,NA,NA,NA
2019,"RSB","T302602008",NA,NA,NA,NA,NA,NA,NA,NA,NA,NA,NA,NA,NA,NA,NA,NA,NA,NA,"Control",NA,NA,NA,NA,NA,NA,NA,NA,NA,NA,NA,NA,NA,NA,NA,NA,NA,NA,NA,NA,NA,NA,NA,NA
2019,"RSB","T305006119",NA,NA,NA,NA,NA,NA,NA,NA,NA,NA,NA,NA,NA,NA,NA,NA,NA,NA,"Control",NA,NA,NA,NA,NA,NA,NA,NA,NA,NA,NA,NA,NA,NA,NA,NA,NA,NA,NA,NA,NA,NA,NA,NA
2019,"RSB","T307103093",NA,NA,NA,NA,NA,NA,NA,NA,NA,NA,NA,NA,NA,NA,NA,NA,NA,NA,"Control",NA,NA,NA,NA,NA,NA,NA,NA,NA,NA,NA,NA,NA,NA,NA,NA,NA,NA,NA,NA,NA,NA,NA,NA
2019,"RSB","T303906006",NA,NA,NA,NA,NA,NA,NA,NA,NA,NA,NA,NA,NA,NA,NA,NA,NA,NA,"Control",NA,NA,NA,NA,NA,NA,NA,NA,NA,NA,NA,NA,NA,NA,NA,NA,NA,NA,NA,NA,NA,NA,NA,NA
2019,"RSB","T304702127",NA,NA,NA,NA,NA,NA,NA,NA,NA,NA,NA,NA,NA,NA,NA,NA,NA,NA,"Control",NA,NA,NA,NA,NA,NA,NA,NA,NA,NA,NA,NA,NA,NA,NA,NA,NA,NA,NA,NA,NA,NA,NA,NA
2019,"RSB","T304706130",NA,NA,NA,NA,NA,NA,10,NA,NA,7,NA,NA,20,5,NA,NA,NA,NA,"Control",NA,NA,NA,NA,NA,NA,NA,100,NA,NA,NA,NA,100,100,100,NA,NA,10,20,NA,30,30,NA,NA
2019,"RSB","T302409104",NA,NA,NA,NA,NA,NA,NA,NA,NA,NA,NA,NA,NA,NA,NA,NA,NA,NA,"Control",NA,NA,NA,NA,NA,NA,NA,NA,NA,NA,NA,NA,NA,NA,NA,NA,NA,NA,NA,NA,NA,NA,NA,NA
2019,"RSB","T300509098",NA,NA,NA,NA,NA,NA,NA,NA,NA,NA,NA,NA,NA,NA,NA,NA,NA,NA,"Control",NA,NA,NA,NA,NA,NA,NA,NA,NA,NA,NA,NA,NA,NA,NA,NA,NA,NA,NA,NA,NA,NA,NA,NA
2019,"RSB","T300901112",NA,NA,NA,NA,NA,NA,NA,NA,NA,NA,NA,NA,NA,NA,NA,NA,NA,NA,"Control",NA,NA,NA,NA,NA,NA,NA,NA,NA,NA,NA,NA,NA,NA,NA,NA,NA,NA,NA,NA,NA,NA,NA,NA
2019,"RSB","T300902111",NA,NA,NA,NA,NA,NA,10,NA,NA,12,NA,NA,12,12,NA,NA,NA,NA,"Control",NA,NA,NA,NA,NA,NA,NA,144,NA,NA,NA,NA,144,144,144,NA,NA,10,12,NA,22,22,NA,NA
2019,"RSB","T301001084",NA,NA,NA,NA,NA,NA,1,NA,NA,3,NA,NA,4,10,NA,NA,NA,NA,"Control",NA,NA,NA,NA,NA,NA,NA,40,NA,NA,NA,NA,40,40,40,NA,NA,1,4,NA,5,5,NA,NA
2019,"RSB","T301805004",5,6,NA,NA,NA,NA,10,10,2,5,NA,NA,5,10,NA,NA,NA,NA,"Control",NA,30,NA,NA,100,10,NA,50,NA,NA,30,110,50,190,180,10,NA,12,5,5,22,20,2,NA
2019,"RSB","T301503073",NA,NA,NA,NA,NA,NA,NA,NA,NA,NA,NA,NA,NA,NA,NA,NA,NA,NA,"Control",NA,NA,NA,NA,NA,NA,NA,NA,NA,NA,NA,NA,NA,NA,NA,NA,NA,NA,NA,NA,NA,NA,NA,NA
2019,"RSB","T305004118",2,4,1,5,NA,NA,3,12,4,7,NA,NA,2,10,2,11,NA,NA,"Control",NA,8,5,NA,36,28,NA,20,22,NA,13,64,42,119,64,55,NA,7,4,3,14,7,7,NA
2019,"RSB","T304707129",10,5,NA,NA,NA,NA,5,NA,NA,20,NA,NA,18,5,NA,NA,NA,NA,"Control",NA,50,NA,NA,NA,NA,NA,90,NA,NA,50,NA,90,140,140,NA,NA,5,18,10,33,33,NA,NA
2019,"RSB","T304807087",8,8,NA,NA,NA,NA,10,NA,NA,8,NA,NA,15,8,NA,NA,NA,NA,"Control",NA,64,NA,NA,NA,NA,NA,120,NA,NA,64,NA,120,184,184,NA,NA,10,15,8,33,33,NA,NA
2019,"RSB","T302609002",NA,NA,NA,NA,NA,NA,2,NA,NA,10,NA,NA,10,10,NA,NA,NA,NA,"Control",NA,NA,NA,NA,NA,NA,NA,100,NA,NA,NA,NA,100,100,100,NA,NA,2,10,NA,12,12,NA,NA
2019,"RSB","T307006094",4,8,NA,NA,NA,NA,3,NA,NA,8,NA,NA,15,8,NA,NA,NA,NA,"Control",NA,32,NA,NA,NA,NA,NA,120,NA,NA,32,NA,120,152,152,NA,NA,3,15,4,22,22,NA,NA
2019,"RSB","T304905101",NA,NA,NA,NA,NA,NA,NA,NA,NA,NA,NA,NA,NA,NA,NA,NA,NA,NA,"Control",NA,NA,NA,NA,NA,NA,NA,NA,NA,NA,NA,NA,NA,NA,NA,NA,NA,NA,NA,NA,NA,NA,NA,NA
2019,"RSB","T307705125",NA,NA,NA,NA,NA,NA,NA,NA,NA,NA,NA,NA,NA,NA,NA,NA,NA,NA,"Control",NA,NA,NA,NA,NA,NA,NA,NA,NA,NA,NA,NA,NA,NA,NA,NA,NA,NA,NA,NA,NA,NA,NA,NA
2019,"RSB","T303806076",1,1,NA,NA,NA,NA,4,NA,NA,5,NA,NA,2,5,NA,NA,NA,NA,"Control",NA,1,NA,NA,NA,NA,NA,10,NA,NA,1,NA,10,11,11,NA,NA,4,2,1,7,7,NA,NA
2019,"RSB","T301502069",12,15,NA,NA,NA,NA,NA,NA,NA,NA,NA,NA,8,1.5,NA,NA,NA,NA,"Control",NA,180,NA,NA,NA,NA,NA,12,NA,NA,180,NA,12,192,192,NA,NA,NA,8,12,20,20,NA,NA
2019,"RSB","T301907112",NA,NA,NA,NA,NA,NA,NA,NA,NA,NA,NA,NA,NA,NA,NA,NA,NA,NA,"Control",NA,NA,NA,NA,NA,NA,NA,NA,NA,NA,NA,NA,NA,NA,NA,NA,NA,NA,NA,NA,NA,NA,NA,NA
2019,"RSB","T307707110",NA,NA,NA,NA,NA,NA,NA,NA,NA,NA,NA,NA,NA,NA,NA,NA,NA,NA,"Control",NA,NA,NA,NA,NA,NA,NA,NA,NA,NA,NA,NA,NA,NA,NA,NA,NA,NA,NA,NA,NA,NA,NA,NA
2019,"RSB","T307001096",NA,NA,NA,NA,NA,NA,NA,NA,NA,NA,NA,NA,NA,NA,NA,NA,NA,NA,"Control",NA,NA,NA,NA,NA,NA,NA,NA,NA,NA,NA,NA,NA,NA,NA,NA,NA,NA,NA,NA,NA,NA,NA,NA
2019,"RSB","T307808108",NA,NA,NA,NA,NA,NA,NA,NA,NA,NA,NA,NA,NA,NA,NA,NA,NA,NA,"Control",NA,NA,NA,NA,NA,NA,NA,NA,NA,NA,NA,NA,NA,NA,NA,NA,NA,NA,NA,NA,NA,NA,NA,NA
2019,"RSB","T307003117",NA,NA,NA,NA,NA,NA,12,NA,NA,12,NA,NA,12,12,NA,NA,NA,NA,"Control",NA,NA,NA,NA,NA,NA,NA,144,NA,NA,NA,NA,144,144,144,NA,NA,12,12,NA,24,24,NA,NA
2019,"RSB","T303907079",12,12,NA,NA,NA,NA,7,NA,NA,12,NA,NA,9,12,NA,NA,NA,NA,"Control",NA,144,NA,NA,NA,NA,NA,108,NA,NA,144,NA,108,252,252,NA,NA,7,9,12,28,28,NA,NA
2019,"RSB","T308603106",NA,NA,NA,NA,NA,NA,NA,NA,NA,NA,NA,NA,NA,NA,NA,NA,NA,NA,"Control",NA,NA,NA,NA,NA,NA,NA,NA,NA,NA,NA,NA,NA,NA,NA,NA,NA,NA,NA,NA,NA,NA,NA,NA
2019,"RSB","T308601105",10,12,NA,NA,NA,NA,8,NA,NA,12,NA,NA,10,12,NA,NA,NA,NA,"Control",NA,120,NA,NA,NA,NA,NA,120,NA,NA,120,NA,120,240,240,NA,NA,8,10,10,28,28,NA,NA
2019,"RSB","T301808002",NA,NA,NA,NA,NA,NA,3,NA,NA,9,NA,NA,5,9,NA,NA,NA,NA,"Control",NA,NA,NA,NA,NA,NA,NA,45,NA,NA,NA,NA,45,45,45,NA,NA,3,5,NA,8,8,NA,NA
2019,"RSB","T309904032",NA,NA,NA,NA,NA,NA,6,NA,NA,10,NA,NA,8,10,NA,NA,NA,NA,"Control",NA,NA,NA,NA,NA,NA,NA,80,NA,NA,NA,NA,80,80,80,NA,NA,6,8,NA,14,14,NA,NA
2019,"RSB","T307103092",NA,NA,NA,NA,NA,NA,8,NA,NA,12,NA,NA,10,12,NA,NA,NA,NA,"Control",NA,NA,NA,NA,NA,NA,NA,120,NA,NA,NA,NA,120,120,120,NA,NA,8,10,NA,18,18,NA,NA
2019,"RSB","T309304113",12,NA,NA,NA,NA,NA,4,NA,NA,8,NA,NA,6,10,NA,NA,NA,NA,"Control",NA,NA,NA,NA,NA,NA,NA,60,NA,NA,NA,NA,60,60,60,NA,NA,4,6,12,22,22,NA,NA
2019,"RSB","T303608010",NA,NA,NA,NA,NA,NA,7,NA,NA,5,NA,NA,12,6,NA,NA,NA,NA,"Control",NA,NA,NA,NA,NA,NA,NA,72,NA,NA,NA,NA,72,72,72,NA,NA,7,12,NA,19,19,NA,NA
2019,"RSB","T301502075",12,1,NA,NA,NA,NA,NA,NA,NA,NA,NA,NA,8,1,NA,NA,NA,NA,"Control",NA,12,NA,NA,NA,NA,NA,8,NA,NA,12,NA,8,20,20,NA,NA,NA,8,12,20,20,NA,NA
2019,"RSB","T305001121",NA,NA,NA,NA,NA,NA,10,NA,NA,10,NA,NA,15,7,NA,NA,NA,NA,"Control",NA,NA,NA,NA,NA,NA,NA,105,NA,NA,NA,NA,105,105,105,NA,NA,10,15,NA,25,25,NA,NA
2019,"RSB","T301502085",12,12,NA,NA,NA,NA,4,NA,NA,12,NA,NA,2,8,NA,NA,NA,NA,"Control",NA,144,NA,NA,NA,NA,NA,16,NA,NA,144,NA,16,160,160,NA,NA,4,2,12,18,18,NA,NA
2019,"RSB","T301602107",NA,NA,NA,NA,NA,NA,NA,NA,NA,NA,NA,NA,NA,NA,NA,NA,NA,NA,"Control",NA,NA,NA,NA,NA,NA,NA,NA,NA,NA,NA,NA,NA,NA,NA,NA,NA,NA,NA,NA,NA,NA,NA,NA
2019,"RSB","T305004088",12,12,12,12,10,12,5,12,6,10,7,10,2,8,2,7,3,7,"Control",NA,144,144,120,60,60,70,16,14,21,408,190,51,649,220,218,211,18,7,34,59,19,20,20
2019,"RSB","T301503080",3,6,NA,NA,NA,NA,2,NA,NA,4,NA,NA,1,5,NA,NA,NA,NA,"Control",NA,18,NA,NA,NA,NA,NA,5,NA,NA,18,NA,5,23,23,NA,NA,2,1,3,6,6,NA,NA
2019,"RSB","T304808082",NA,NA,NA,NA,NA,NA,2,NA,NA,5,NA,NA,4,8,5,8,NA,NA,"Control",NA,NA,NA,NA,NA,NA,NA,32,40,NA,NA,NA,72,72,32,40,NA,2,9,NA,11,6,5,NA
2019,"RSB","T301906103",NA,NA,NA,NA,NA,NA,8,10,8,10,NA,NA,15,10,10,10,NA,NA,"Control",NA,NA,NA,NA,80,80,NA,150,100,NA,NA,160,250,410,230,180,NA,16,25,NA,41,23,18,NA
2019,"RSB","t301106005",3,4,NA,NA,NA,NA,2,NA,NA,4,NA,NA,4,4,NA,NA,NA,NA,NA,NA,12,NA,NA,NA,NA,NA,16,NA,NA,12,NA,16,28,28,NA,NA,2,4,3,9,9,NA,NA
2019,"RSB","T302608050",5,8,NA,NA,NA,NA,3,NA,NA,5,NA,NA,6,5,NA,NA,NA,NA,"Control",NA,40,NA,NA,NA,NA,NA,30,NA,NA,40,NA,30,70,70,NA,NA,3,6,5,14,14,NA,NA
2019,"RSB","T309306011",NA,NA,NA,NA,NA,NA,10,NA,NA,8,NA,NA,12,12,NA,NA,NA,NA,"Control",NA,NA,NA,NA,NA,NA,NA,144,NA,NA,NA,NA,144,144,144,NA,NA,10,12,NA,22,22,NA,NA
2019,"RSB","T307705126",NA,NA,NA,NA,NA,NA,NA,NA,NA,NA,NA,NA,NA,NA,NA,NA,NA,NA,"Control",NA,NA,NA,NA,NA,NA,NA,NA,NA,NA,NA,NA,NA,NA,NA,NA,NA,NA,NA,NA,NA,NA,NA,NA
2019,"RSB","T304906102",NA,NA,NA,NA,NA,NA,NA,NA,NA,NA,NA,NA,NA,NA,NA,NA,NA,NA,"Control",NA,NA,NA,NA,NA,NA,NA,NA,NA,NA,NA,NA,NA,NA,NA,NA,NA,NA,NA,NA,NA,NA,NA,NA
2019,"RSB","T307005097",NA,NA,NA,NA,NA,NA,NA,NA,NA,NA,NA,NA,NA,NA,NA,NA,NA,NA,"Control",NA,NA,NA,NA,NA,NA,NA,NA,NA,NA,NA,NA,NA,NA,NA,NA,NA,NA,NA,NA,NA,NA,NA,NA
2019,"RSB","T302608030",NA,NA,NA,NA,NA,NA,NA,NA,NA,NA,NA,NA,NA,NA,NA,NA,NA,NA,"Control",NA,NA,NA,NA,NA,NA,NA,NA,NA,NA,NA,NA,NA,NA,NA,NA,NA,NA,NA,NA,NA,NA,NA,NA
2019,"RSB","T305404025",NA,NA,NA,NA,NA,NA,NA,NA,NA,NA,NA,NA,NA,NA,NA,NA,NA,NA,"Control",NA,NA,NA,NA,NA,NA,NA,NA,NA,NA,NA,NA,NA,NA,NA,NA,NA,NA,NA,NA,NA,NA,NA,NA
2019,"RSB","T302004124",NA,NA,NA,NA,NA,NA,NA,NA,NA,NA,NA,NA,NA,NA,NA,NA,NA,NA,"Control",NA,NA,NA,NA,NA,NA,NA,NA,NA,NA,NA,NA,NA,NA,NA,NA,NA,NA,NA,NA,NA,NA,NA,NA
2019,"RSB","T307006116",NA,NA,NA,NA,NA,NA,NA,NA,NA,NA,NA,NA,NA,NA,NA,NA,NA,NA,"Control",NA,NA,NA,NA,NA,NA,NA,NA,NA,NA,NA,NA,NA,NA,NA,NA,NA,NA,NA,NA,NA,NA,NA,NA
2019,"RSB","T300901091",10,5,15,10,NA,NA,50,10,40,5,NA,NA,30,5,25,10,NA,NA,"Treatment",1,50,150,NA,500,200,NA,150,250,NA,200,700,400,1300,700,600,NA,90,55,25,170,90,80,NA
2019,"RSB","T300406089",60,6,5,10,NA,NA,50,5,20,5,NA,NA,40,4,10,5,NA,NA,"Treatment",1,360,50,NA,250,100,NA,160,50,NA,410,350,210,970,770,200,NA,70,50,65,185,150,35,NA
