"household_questionnaire_id","type_of_crop","name_of_crop","season_of_crop","when_is_crop_sowed","when_is_crop_harvested","cult_area_under_crop","most_imp_source","hrs_irr_1katha","no_of_irrigation_for_1_katha","what_was_your_total_harvest","unit_harvest","percent_for_selling","price_per_kg","district","year","TreatmentControl","TC","irri_for_season","name_of_crop_detail"
"T302607029",1,"Paddy","Monsoon",3,8,80,4,0.5,6,4,1,50,22,2,2018,"Control",0,240,"PADDY"
"T302607029",2,"Wheat","Winter",8,12,10,4,0.5,2,2,1,80,25,2,2018,"Control",0,10,"WHEAT"
"T302607029",33,"Pulses","Winter",8,12,10,NA,NA,NA,20,1,75,120,2,2018,"Control",0,NA,"RED LENTIL"
"T302607029",3,"Maize","Winter",8,1,60,4,0.5,6,8,1,100,18,2,2018,"Control",0,180,"MAIZE"
"T309308027",1,"Paddy","Monsoon",3,8,40,4,0.5,5,5,1,50,25,2,2018,"Control",0,100,"PADDY"
"T309308027",2,"Wheat","Winter",8,12,10,4,0.5,2,2,1,80,26,2,2018,"Control",0,10,"WHEAT"
"T309308027",33,"Others","Winter",8,12,10,0,0,0,30,3,40,120,2,2018,"Control",0,0,"OTHER"
"T309308027",3,"Maize","Winter",8,1,15,4,0.5,4,8,1,100,18,2,2018,"Control",0,30,"MAIZE"
"T309308027",47,"Vegetables","Summer",1,3,3,2,2,3,15,1,30,12,2,2018,"Control",0,18,"POTATO"
"T309308027",1,"Paddy","Summer",1,3,3,2,1.5,6,4,1,100,15,2,2018,"Control",0,27,"PADDY"
"T302608026",1,"Paddy","Monsoon",8,3,40,2,1,6,4,1,50,24,2,2018,"Control",0,240,"PADDY"
"T302608026",2,"Wheat","Winter",9,12,40,2,1,2,2,1,80,25,2,2018,"Control",0,80,"WHEAT"
"T302608031",1,"Paddy","Monsoon",3,8,22,2,1,6,4,1,50,22,2,2018,"Control",0,132,"PADDY"
"T302608031",2,"Wheat","Winter",8,12,22,2,1,2,2,1,80,25,2,2018,"Control",0,44,"WHEAT"
"T302608030",1,"Paddy","Monsoon",3,8,35,4,0.5,6,4,1,50,22,2,2018,"Control",0,105,"PADDY"
"T302608030",2,"Wheat","Winter",8,12,35,4,0.5,2,2,1,80,26,2,2018,"Control",0,35,"WHEAT"
"T302608029",1,"Paddy","Monsoon",3,8,15,2,1,4,4,1,50,22,2,2018,"Control",0,60,"PADDY"
"T302608029",2,"Wheat","Winter",8,12,5,2,1,2,2,1,50,25,2,2018,"Control",0,10,"WHEAT"
"T302608029",3,"Maize","Winter",8,1,10,2,1,5,7,1,100,19,2,2018,"Control",0,50,"MAIZE"
"T302606024",1,"Paddy","Monsoon",3,8,200,2,1,8,3,1,80,22,2,2018,"Control",0,1600,"PADDY"
"T302606024",2,"Wheat","Winter",8,2,100,2,1,3,1.5,1,90,25,2,2018,"Control",0,300,"WHEAT"
"T302606024",1,"Paddy","Monsoon",12,3,40,2,1,6,2,1,100,15,2,2018,"Control",0,240,"PADDY"
"T301502075",1,"Paddy","Monsoon",3,8,15,2,1,3,3,1,0,0,1,2018,"Control",0,45,"PADDY"
"T301502075",2,"Wheat","Winter",8,12,0,2,1,1,1,1,0,0,1,2018,"Control",0,0,"WHEAT"
"T301502075",33,"Pulses","Winter",8,11,5,2,1,0,20,3,0,0,1,2018,"Control",0,0,"RED LENTIL"
"T303807077",1,"Paddy","Monsoon",3,7,12,2,1,4,2,1,0,0,1,2018,"Control",0,48,"paddy"
"T303807077",2,"Wheat","Winter",8,12,6,2,1,1,1,1,0,0,1,2018,"Control",0,6,"WHEAT"
"T303807077",33,"Pulses","Winter",8,11,6,2,1,0,0.5,3,0,0,1,2018,"Control",0,0,"RED LENTIL"
"T301502070",1,"Paddy","Monsoon",3,8,8,2,2,3,3,1,10,17,1,2018,"Control",0,48,"PADDY"
"T301502070",2,"Wheat","Winter",8,12,5,2,2,1,2,1,15,18,1,2018,"Control",0,10,"WHEAT"
"T301502070",33,"Pulses","Winter",8,11,3,0,0,0,1,1,10,0,1,2018,"Control",0,0,"RED LENTIL"
"T301503071",1,"Paddy","Monsoon",3,8,65,2,1,4,3,1,30,18,1,2018,"Control",0,260,"PADDY"
"T301503071",2,"Wheat","Winter",8,12,20,1,1,1,2,1,15,18,1,2018,"Control",0,20,"WHEAT"
"T301503071",33,"Pulses","Winter",8,12,45,0,0,0,1,1,45,28,1,2018,"Control",0,0,"RED LENTIL"
"T301502072",1,"Paddy","Monsoon",3,8,6,1,1,3,3,1,0,0,1,2018,"Control",0,18,"PADDY"
"T301502072",2,"Wheat","Winter",8,12,6,2,1,1,2,1,0,0,1,2018,"Control",0,6,"WHEAT"
"T303806076",1,"Paddy","Monsoon",3,7,20,2,1,4,2,1,0,0,1,2018,"Control",0,80,"PADDY"
"T303806076",2,"Wheat","Winter",8,12,10,2,1,2,1.5,1,0,0,1,2018,"Control",0,20,"WHEAT"
"T303806076",33,"Pulses","Winter",8,11,10,0,0,0,15,3,0,0,1,2018,"Control",0,0,"RED LENTIL"
"T303806078",1,"Paddy","Monsoon",3,8,12,2,1,4,2,1,0,0,1,2018,"Control",0,48,"PADDY"
"T303806078",2,"Wheat","Winter",8,12,6,2,1,1,1.5,3,0,0,1,2018,"Control",0,6,"WHEAT"
"T303806078",33,"Pulses","Winter",8,11,6,0,0,0,30,3,0,0,1,2018,"Control",0,0,"RED LENTIL"
"T301502069",1,"Paddy","Monsoon",3,8,21,2,2,3,3,1,5,18,1,2018,"Control",0,126,"PADDY"
"T301502069",2,"Wheat","Winter",8,12,10,2,2,1,2,1,10,18,1,2018,"Control",0,20,"WHEAT"
"T301502069",33,"Pulses","Winter",8,11,11,0,0,0,1,1,0,0,1,2018,"Control",0,0,"RED LENTIL"
"T301502074",1,"Paddy","Monsoon",3,8,60,2,1,3,3,1,0,0,1,2018,"Control",0,180,"PADDY"
"T301502074",2,"Wheat","Winter",8,12,60,2,1,1,1,1,0,0,1,2018,"Control",0,60,"WHEAT"
"T301503073",1,"Paddy","Monsoon",3,8,20,2,1,4,3,1,0,0,1,2018,"Control",0,80,"PADDY"
"T301503073",2,"Wheat","Winter",8,12,10,2,1,1,2,1,0,0,1,2018,"Control",0,10,"WHEAT"
"T301503073",33,"Pulses","Winter",8,12,10,0,0,0,20,3,0,0,1,2018,"Control",0,0,"RED LENTIL"
"T307006094",1,"Paddy","Monsoon",3,8,90,2,1,2,4,1,50,22,1,2018,"Control",0,180,"PADDY"
"T307006094",2,"Wheat","Winter",8,12,20,2,1,2,1,1,40,25,1,2018,"Control",0,40,"WHEAT"
"T307006094",33,"Pulses","Winter",9,11,20,0,0,0,20,3,20,80,1,2018,"Control",0,0,"RED LENTIL"
"T307006094",8,"Vegetables","Winter",9,11,10,0,0,0,30,3,30,20,1,2018,"Control",0,0,"BRINJAL"
"T307006094",20,"Pulses","Winter",9,11,10,2,1,1,20,3,80,50,1,2018,"Control",0,10,"PEA"
"T307006094",47,"Vegetables","Winter",8,11,20,2,1,2,15,1,70,15,1,2018,"Control",0,40,"POTATO"
"T307006094",31,"Pulses","Winter",8,12,10,2,1,1,20,3,80,20,1,2018,"Control",0,10,"KIDNEY"
"T307006094",3,"Maize","Summer",11,1,10,2,1,3,2,1,80,25,1,2018,"Control",0,30,"MAIZE"
"T307006094",61,"Sugarcane","Annual",11,2,10,2,1,1,20,4,100,5,1,2018,"Control",0,10,"SUGARCANE"
"T307707110",1,"Paddy","Winter",3,8,15,3,1,1,2,1,0,20,1,2018,"Control",0,15,"PADDY"
"T307707110",2,"Wheat","Winter",8,12,7,3,1,2,1,1,0,25,1,2018,"Control",0,14,"WHEAT"
"T307707110",33,"Pulses","Winter",8,11,8,0,0,0,1,1,0,90,1,2018,"Control",0,0,"RED LENTIL"
"T307103092",1,"Paddy","Monsoon",3,8,20,2,1.5,3,4,1,90,20,1,2018,"Control",0,90,"PADDY"
"T307103092",2,"Wheat","Winter",8,12,10,2,1,2,2,1,20,20,1,2018,"Control",0,20,"WHEAT"
"T307103092",33,"Pulses","Winter",8,11,10,1,0,0,1,1,10,90,1,2018,"Control",0,0,"RED LENTIL"
"T307103092",61,"Sugarcane","Annual",11,2,5,2,2,3,22,4,100,5,1,2018,"Control",0,30,"SUGARCANE"
"T304905099",1,"Paddy","Monsoon",3,8,54,2,1,4,3,1,20,20,1,2018,"Control",0,216,"PADDY"
"T304905099",2,"Wheat","Winter",9,12,10,2,1,2,3,1,0,0,1,2018,"Control",0,20,"WHEAT"
"T304905099",33,"Pulses","Winter",9,11,44,0,0,0,20,3,20,90,1,2018,"Control",0,0,"RED LENTIL"
"T304905099",1,"Paddy","Annual",11,2,6,2,1,4,20,4,100,500,1,2018,"Control",0,24,"PADDY"
"T308603106",1,"Paddy","Monsoon",3,8,70,2,1,3,3,1,50,20,1,2018,"Control",0,210,"PADDY"
"T308603106",2,"Wheat","Winter",8,12,15,2,1,2,2,1,50,25,1,2018,"Control",0,30,"WHEAT"
"T308603106",33,"Pulses","Winter",8,11,30,0,0,0,20,3,50,80,1,2018,"Control",0,0,"RED LENTIL"
"T308603106",43,"Oilseeds","Winter",8,11,25,2,1,1,8,3,70,80,1,2018,"Control",0,25,"MUSTARD"
"T308603106",3,"Maize","Summer",10,2,5,2,1,4,5,1,100,32,1,2018,"Control",0,20,"MAIZE"
"T300902111",1,"Paddy","Monsoon",3,8,28,2,1,4,4,1,25,20,1,2018,"Control",0,112,"PADDY"
"T300902111",2,"Wheat","Winter",8,12,16,2,1,2,1,1,0,25,1,2018,"Control",0,32,"WHEAT"
"T300902111",33,"Pulses","Winter",8,11,12,0,0,0,10,3,0,90,1,2018,"Control",0,0,"RED LENTIL"
"T300902111",27,"Pulses","Summer",12,3,25,2,1,1,10,3,0,100,1,2018,"Control",0,25,"GREEN GRAM"
"T300902111",61,"Sugarcane","Annual",10,2,12,2,1,2,25,4,100,500,1,2018,"Control",0,24,"SUGARCANE"
"T300509098",1,"Paddy","Monsoon",3,8,24,2,1,2,4,1,20,20,1,2018,"Control",0,48,"PADDY"
"T300509098",2,"Wheat","Winter",8,12,9,2,1,2,2,1,0,25,1,2018,"Control",0,18,"WHEAT"
"T300509098",33,"Pulses","Winter",8,11,15,0,0,0,1,1,50,80,1,2018,"Control",0,0,"RED LENTIL"
"T300509098",15,"Vegetables","Summer",7,2,1,2,1,2,20,3,0,0,1,2018,"Control",0,2,"BELL"
"T300509098",8,"Vegetables","Summer",7,2,1,2,1,2,30,3,0,0,1,2018,"Control",0,2,"BRINJAL"
"T300509098",55,"Vegetables","Summer",7,2,1,2,1,2,40,3,0,0,1,2018,"Control",0,2,"GARLIC"
"T307001096",1,"Paddy","Monsoon",3,8,38,2,1,3,3,1,0,0,1,2018,"Control",0,114,"PADDY"
"T307001096",2,"Wheat","Winter",8,12,20,2,1,2,1,1,0,0,1,2018,"Control",0,40,"WHEAT"
"T307001096",33,"Pulses","Winter",9,11,18,0,0,0,20,3,0,0,1,2018,"Control",0,0,"RED LENTIL"
"T307001096",61,"Sugarcane","Annual",10,2,22,2,1,2,20,4,100,5,1,2018,"Control",0,44,"SUGARCANE"
"T308601105",1,"Paddy","Monsoon",3,8,95,2,1,4,4,1,80,20,1,2018,"Control",0,380,"PADDY"
"T308601105",2,"Wheat","Winter",8,12,20,2,1,2,2,1,75,25,1,2018,"Control",0,40,"WHEAT"
"T308601105",33,"Pulses","Winter",8,11,50,0,0,0,1,1,75,90,1,2018,"Control",0,0,"RED LENTIL"
"T308601105",43,"Oilseeds","Winter",8,11,25,0,0,0,20,3,70,80,1,2018,"Control",0,0,"MUSTARD"
"T308601105",27,"Pulses","Summer",12,3,20,2,1,2,20,3,80,120,1,2018,"Control",0,40,"GREEN GRAM"
"T308601105",61,"Sugarcane","Annual",11,2,25,2,1,1,30,4,100,50,1,2018,"Control",0,25,"SUGARCANE"
"T307005097",1,"Paddy","Monsoon",3,8,25,2,1,3,4,1,0,0,1,2018,"Control",0,75,"PADDY"
"T307005097",2,"Wheat","Winter",8,12,10,2,2,2,3,1,0,0,1,2018,"Control",0,40,"WHEAT"
"T307005097",33,"Pulses","Winter",8,11,15,0,0,0,20,3,0,0,1,2018,"Control",0,0,"RED LENTIL"
"T301602107",1,"Paddy","Monsoon",3,8,40,2,1,3,3,1,30,20,1,2018,"Control",0,120,"PADDY"
"T301602107",2,"Wheat","Winter",8,12,20,2,1,2,1.5,1,20,25,1,2018,"Control",0,40,"WHEAT"
"T301602107",33,"Pulses","Winter",8,11,10,0,0,0,1,NA,50,90,1,2018,"Control",0,0,"RED LENTIL"
"T301602107",22,"Pulses","Winter",8,11,10,0,0,0,1,NA,50,40,1,2018,"Control",0,0,"GRASS PEA"
"T301907112",1,"Paddy","Monsoon",3,8,6,2,1,3,3,1,0,20,1,2018,"Control",0,18,"PADDY"
"T301907112",3,"Maize","Winter",8,12,6,2,1,3,2,1,50,20,1,2018,"Control",0,18,"MAIZE"
"T304901100",1,"Paddy","Monsoon",3,8,7,2,1,3,3,1,0,0,1,2018,"Control",0,21,"PADDY"
"T304901100",2,"Wheat","Winter",8,12,7,1,1,2,2,1,0,0,1,2018,"Control",0,14,"WHEAT"
"T304905101",1,"Paddy","Monsoon",3,8,30,2,1,2,4,1,0,20,1,2018,"Control",0,60,"PADDY"
"T304905101",2,"Wheat","Winter",8,12,15,2,1,1,1,1,0,25,1,2018,"Control",0,15,"WHEAT"
"T304905101",33,"Pulses","Winter",9,11,15,0,0,0,20,3,0,0,1,2018,"Control",0,0,"RED LENTIL"
"T304906102",1,"Paddy","Monsoon",3,8,8,2,1,3,4,1,0,20,1,2018,"Control",0,24,"PADDY"
"T304906102",1,"Paddy","Winter",8,12,8,2,1,2,2,1,0,25,1,2018,"Control",0,16,"PADDY"
"T302409104",1,"Paddy","Monsoon",3,8,7,2,1,4,2,1,0,20,1,2018,"Control",0,28,"PADDY"
"T302409104",8,"Vegetables","Winter",8,12,2,2,2,8,1,1,80,20,1,2018,"Control",0,32,"BRINJAL"
"T302409104",44,"Vegetables","Winter",8,10,3,2,1,6,2,1,80,20,1,2018,"Control",0,18,"CAULI"
"T302409104",15,"Vegetables","Winter",8,11,1,2,1,5,20,3,80,120,1,2018,"Control",0,5,"BELL"
"T302409104",53,"Vegetables","Winter",8,11,1,2,1,3,50,3,5,20,1,2018,"Control",0,3,"ONIONS"
"T302409104",14,"Vegetables","Summer",9,2,4,2,1,2,100,5,80,10,1,2018,"Control",0,8,"BOTTLE"
"T302409104",16,"Vegetables","Summer",9,11,3,2,1,3,40,1,80,5,1,2018,"Control",0,9,"SPONGE"
"T307103093",1,"Paddy","Monsoon",3,8,50,2,1,3,4,1,50,22,1,2018,"Control",0,150,"PADDY"
"T307103093",2,"Wheat","Winter",8,12,15,2,1,2,2,1,NA,25,1,2018,"Control",0,30,"WHEAT"
"T307103093",33,"Pulses","Winter",8,11,35,1,0,0,20,3,90,80,1,2018,"Control",0,0,"RED LENTIL"
"T307103093",61,"Sugarcane","Annual",11,2,10,2,1,3,30,4,100,5,1,2018,"Control",0,30,"SUGARCANE"
"T307705126",1,"Paddy","Monsoon",3,8,40,2,1.5,3,5,1,40,22,1,2018,"Control",0,180,"PADDY"
"T307705126",2,"Wheat","Winter",8,12,5,2,1,2,4,1,0,0,1,2018,"Control",0,10,"WHEAT"
"T307705126",33,"Pulses","Winter",8,11,35,1,0,0,30,3,20,85,1,2018,"Control",0,0,"RED LENTIL"
"T307003117",1,"Paddy","Monsoon",3,8,70,2,1,3,4,1,20,22,1,2018,"Control",0,210,"PADDY"
"T307003117",2,"Wheat","Winter",8,12,15,2,1,1,2,1,0,0,1,2018,"Control",0,15,"WHEAT"
"T307003117",33,"Pulses","Winter",8,12,55,0,0,0,30,3,0,0,1,2018,"Control",0,0,"RED LENTIL"
"T307003117",61,"Sugarcane","Annual",11,10,30,2,1,4,20,4,100,5,1,2018,"Control",0,120,"SUGARCANE"
"T305007121",1,"Paddy","Monsoon",3,8,60,2,1.5,3,4,1,30,21,1,2018,"Control",0,270,"PADDY"
"T305007121",2,"Wheat","Winter",8,12,20,2,1.5,2,2,1,20,25,1,2018,"Control",0,60,"WHEAT"
"T305007121",33,"Pulses","Winter",8,11,40,0,0,0,20,3,20,82,1,2018,"Control",0,0,"RED LENTIL"
"T305004118",1,"Paddy","Monsoon",3,8,90,2,1,3,3,1,25,22,1,2018,"Control",0,270,"PADDY"
"T305004118",2,"Wheat","Winter",8,12,35,2,1,2,2,1,30,25,1,2018,"Control",0,70,"WHEAT"
"T305004118",33,"Pulses","Winter",8,12,55,0,0,0,15,3,0,0,1,2018,"Control",0,0,"RED LENTIL"
"T305006119",1,"Paddy","Monsoon",3,8,30,4,1.5,4,4,1,50,21,1,2018,"Control",0,180,"PADDY"
"T305006119",2,"Wheat","Winter",8,12,10,2,1,2,2,1,0,0,1,2018,"Control",0,20,"WHEAT"
"T305006119",33,"Pulses","Winter",8,12,20,0,0,0,10,3,0,0,1,2018,"Control",0,0,"RED LENTIL"
"T304707129",1,"Paddy","Monsoon",3,8,100,2,1,3,4,1,10,20,1,2018,"Control",0,300,"PADDY"
"T304707129",2,"Wheat","Winter",8,12,40,2,1,2,2,1,0,0,1,2018,"Control",0,80,"WHEAT"
"T304707129",33,"Pulses","Winter",8,11,60,1,0,0,10,3,0,0,1,2018,"Control",0,0,"RED LENTIL"
"T304707129",3,"Maize","Summer",12,3,8,2,1,5,5,1,100,19,1,2018,"Control",0,40,"MAIZE"
"T307006116",1,"Paddy","Monsoon",3,8,70,2,1,4,4,1,0,0,1,2018,"Control",0,280,"PADDY"
"T307006116",61,"Sugarcane","Monsoon",8,7,30,2,1,0,16,4,100,4,1,2018,"Control",0,0,"SUAGRCANE"
"T307006116",33,"Pulses","Winter",7,11,70,1,0,0,30,3,50,85,1,2018,"Control",0,0,"RED LENTIL"
"T307006116",61,"Sugarcane","Winter",8,11,30,2,1,3,19,4,100,5,1,2018,"Control",0,90,"SUGARCANE"
"T307006116",61,"Sugarcane","Summer",8,11,30,2,1,6,20,4,100,5,1,2018,"Control",0,180,"SUGARCANE"
"T304802122",1,"Paddy","Monsoon",3,8,35,2,1,5,4,1,30,20,1,2018,"Treatment",1,175,"PADDY"
"T304802122",2,"Wheat","Winter",8,12,3,2,1,2,2,1,0,0,1,2018,"Treatment",1,6,"WHEAT"
"T304802122",44,"Vegetables","Winter",7,11,9,2,1,2,6,4,100,12,1,2018,"Treatment",1,18,"CAULI"
"T304802122",3,"Maize","Winter",8,1,5,2,1,3,3,4,100,21,1,2018,"Treatment",1,15,"MAIZE"
"T304802122",33,"Pulses","Winter",8,11,2,0,0,0,1,1,0,0,1,2018,"Treatment",1,0,"RED LENTIL"
"T304802122",11,"Vegetables","Winter",7,1,2,2,1,4,1,4,80,150,1,2018,"Treatment",1,8,"CHILLIES"
"T304802122",55,"Vegetables","Winter",7,2,5,2,1,2,1,5,100,100,1,2018,"Treatment",1,10,"GARLIC"
"T304802122",14,"Vegetables","Winter",7,2,5,2,1,6,250,5,100,25,1,2018,"Treatment",1,30,"BOTTLE"
"T304802122",8,"Vegetables","Winter",7,3,4,2,1,6,3,4,100,20,1,2018,"Treatment",1,24,"BRINJAL"
"T304802122",51,"Vegetables","Winter",8,11,2,2,1,2,4,4,100,10,1,2018,"Treatment",1,4,"RADISH"
"T304802122",53,"Vegetables","Winter",10,2,1,2,1,3,3,4,0,0,1,2018,"Treatment",1,3,"ONIONS"
"T304802122",47,"Vegetables","Winter",7,12,1,2,1,2,4,4,0,0,1,2018,"Treatment",1,2,"POTATO"
"T302004124",1,"Paddy","Monsoon",3,8,104,2,1,3,1.5,1,60,22,1,2018,"Control",0,312,"PADDY"
"T302004124",2,"Wheat","Winter",8,12,20,2,1,2,2,1,0,0,1,2018,"Control",0,40,"WHEAT"
"T302004124",33,"Pulses","Winter",8,11,84,1,0,0,10,3,0,0,1,2018,"Control",0,0,"RED LENTIL"
"T302004124",25,"Pulses","Summer",11,3,14,2,1,2,10,3,0,0,1,2018,"Control",0,28,"BLACK GRAM"
"T307003115",1,"Paddy","Monsoon",3,8,50,3,1,3,3,1,0,0,1,2018,"Control",0,150,"PADDY"
"T307003115",2,"Wheat","Winter",8,12,10,1,1,2,2,1,50,25,1,2018,"Control",0,20,"WHEAT"
"T307003115",33,"Pulses","Winter",8,12,40,0,0,0,1,1,75,85,1,2018,"Control",0,0,"RED LENTIL"
"T306708132",1,"Paddy","Monsoon",3,8,65,2,1,3,2.5,1,20,19,1,2018,"Control",0,195,"PADDY"
"T306708132",2,"Wheat","Winter",8,12,13,2,1,2,2,1,0,0,1,2018,"Control",0,26,"WHEAT"
"T306708132",33,"Pulses","Winter",8,12,52,1,0,0,20,3,20,0,1,2018,"Control",0,0,"RED LENTIL"
"T304705128",1,"Paddy","Monsoon",3,8,45,2,1,4,4,1,40,20,1,2018,"Control",0,180,"PADDY"
"T304705128",2,"Wheat","Winter",8,12,15,2,1,2,2,1,0,0,1,2018,"Control",0,30,"WHEAT"
"T304705128",3,"Maize","Winter",8,12,20,2,1,3,5,1,100,22,1,2018,"Control",0,60,"MAIZE"
"T304705128",33,"Pulses","Winter",8,11,10,0,0,0,30,3,20,80,1,2018,"Control",0,0,"RED LENTIL"
"T304705128",3,"Maize","Summer",12,3,20,2,1,4,6,1,100,22,1,2018,"Control",0,80,"MAIZE"
"T304705128",27,"Pulses","Summer",12,3,15,2,1,4,15,3,0,0,1,2018,"Control",0,60,"GREEN GRAM"
"T307705125",1,"Paddy","Monsoon",3,8,100,2,1,3,3,1,50,21,1,2018,"Control",0,300,"PADDY"
"T307705125",2,"Wheat","Winter",8,12,40,2,1,2,2,1,50,25,1,2018,"Control",0,80,"WHEAT"
"T307705125",33,"Pulses","Winter",8,11,60,0,0,0,20,3,50,85,1,2018,"Control",0,0,"RED LENTIL"
"T307705125",1,"Paddy","Summer",12,3,5,2,1,3,3,1,0,0,1,2018,"Control",0,15,"PADDY"
"T302608007",1,"Paddy","Monsoon",3,7,100,2,1.5,6,4,1,25,75,2,2018,"Control",0,900,"PADDY"
"T302608007",2,"Wheat","Winter",8,12,90,2,1.5,3,1,1,0,25,2,2018,"Control",0,405,"WHEAT"
"T302608007",3,"Maize","Winter",8,12,10,2,2.5,4,7,1,100,18,2,2018,"Control",0,100,"MAIZE"
"T302606012",1,"Paddy","Monsoon",3,8,20,4,1,1,3,1,0,0,2,2018,"Control",0,20,"PADDY"
"T302606012",2,"Wheat","Winter",8,1,15,4,1,1,1.5,1,0,0,2,2018,"Control",0,15,"WHEAT"
"T302606012",33,"Pulses","Winter",8,12,5,4,1,1,25,3,0,0,2,2018,"Control",0,5,"RED LENTIL"
"T309009013",1,"Paddy","Monsoon",3,8,50,4,0.5,6,4,1,75,21,2,2018,"Control",0,150,"PADDY"
"T309009013",2,"Wheat","Winter",8,12,20,4,0.5,2,2,1,90,24,2,2018,"Control",0,20,"WHEAT"
"T309009013",33,"Pulses","Winter",8,12,20,4,NA,NA,25,3,70,115,2,2018,"Control",0,NA,"RED LENTIL"
"T309009013",43,"Oilseeds","Winter",7,1,10,4,0.5,1,1,1,0,0,2,2018,"Control",0,5,"MUSTARD"
"T309009013",1,"Paddy","Summer",1,3,15,4,0.5,7,5,1,100,28,2,2018,"Control",0,52.5,"PADDY"
"T302608003",1,"Paddy","Monsoon",3,8,60,2,1,4,5,1,60,22,2,2018,"Control",0,240,"PADDY"
"T302608003",2,"Wheat","Winter",8,12,60,2,1,2,2,1,80,25,2,2018,"Control",0,120,"WHEAT"
"T300409001",1,"Paddy","Monsoon",3,8,90,4,0.5,6,5,1,75,23,2,2018,"Control",0,270,"PADDY"
"T300409001",2,"Wheat","Winter",8,12,75,4,0.5,3,1.70000004768372,1,90,24,2,2018,"Control",0,112.5,"WHEAT"
"T300409001",33,"Pulses","Winter",8,12,15,4,NA,NA,0.5,1,90,120,2,2018,"Control",0,NA,"RED LENTIL"
"T300409001",1,"Paddy","Summer",1,4,20,4,0.5,NA,5,1,100,19,2,2018,"Control",0,NA,"PADDY"
"T300404011",1,"Paddy","Monsoon",3,8,10,4,0.25,6,5,1,20,22,2,2018,"Control",0,15,"PADDY"
"T300404011",2,"Wheat","Winter",8,12,10,4,0.25,2,2,1,0,0,2,2018,"Control",0,5,"WHEAT"
"T300404011",1,"Paddy","Summer",12,1,10,4,0.5,7,5,1,0,0,2,2018,"Control",0,35,"PADDY"
"T300601005",1,"Paddy","Monsoon",3,8,40,4,1,4,5,1,75,22,2,2018,"Control",0,160,"PADDY"
"T300601005",2,"Wheat","Winter",8,12,30,4,0.5,2,2,1,80,24,2,2018,"Control",0,30,"WHEAT"
"T300601005",3,"Maize","Winter",8,1,7,4,0.5,5,6,1,100,18,2,2018,"Control",0,17.5,"MAIZE"
"T300601005",33,"Others","Winter",8,1,3,0,0,0,1,1,0,0,2,2018,"Control",0,0,"OTHER"
"T302607006",1,"Paddy","Monsoon",3,8,30,2,1,4,4,1,60,23,2,2018,"Control",0,120,"PADDY"
"T302607006",2,"Wheat","Winter",8,12,10,2,1,2,1,1,70,25,2,2018,"Control",0,20,"WHEAT"
"T302607006",2,"Wheat","Winter",8,12,10,2,1,5,7,1,100,20,2,2018,"Control",0,50,"WHEAT"
"T302607006",33,"Others","Winter",8,12,10,4,0,0,20,3,0,0,2,2018,"Control",0,0,"OTHER"
"T302609002",1,"Paddy","Monsoon",3,7,90,2,1,5,4,1,60,24,2,2018,"Control",0,450,"PADDY"
"T302609002",3,"Maize","Winter",8,12,90,2,1,4,6,1,100,17,2,2018,"Control",0,360,"MAIZE"
"T309303010",1,"Paddy","Monsoon",3,8,120,2,1,4,3,1,80,22,2,2018,"Control",0,480,"PADDY"
"T309303010",2,"Wheat","Winter",8,12,59,2,0.5,2,1.5,1,90,25,2,2018,"Control",0,59,"WHEAT"
"T309303010",3,"Maize","Winter",8,1,40,2,1,4,9,1,100,18,2,2018,"Control",0,160,"MAIZE"
"T309303010",47,"Vegetables","Winter",7,1,6,2,1,2,15,1,20,12,2,2018,"Control",0,12,"POTATO"
"T309303010",33,"Others","Winter",8,12,15,0,0,0,40,3,25,120,2,2018,"Control",0,0,"OTHER"
"T309303010",1,"Paddy","Summer",12,3,16,4,5,6,4,1,100,16,2,2018,"Control",0,480,"PADDY"
"T303603009",1,"Paddy","Monsoon",3,8,40,2,1,1,3,1,60,22,2,2018,"Control",0,40,"PADDY"
"T303603009",2,"Wheat","Winter",8,1,30,2,1,1,1.5,1,80,25,2,2018,"Control",0,30,"WHEAT"
"T303603009",33,"Others","Winter",8,12,10,4,1,1,5,1,100,18,2,2018,"Control",0,10,"OTHER"
"T302602008",1,"Paddy","Monsoon",3,8,45,2,1,5,4,1,60,23,2,2018,"Control",0,225,"PADDY"
"T302602008",2,"Wheat","Winter",8,12,30,2,1,2,1,1,40,26,2,2018,"Control",0,60,"WHEAT"
"T302602008",33,"Pulses","Winter",8,12,15,NA,NA,NA,20,3,0,0,2,2018,"Control",0,NA,"RED LENTIL"
"T309304113",1,"Paddy","Monsoon",3,8,40,2,1,4,4,1,15,20,1,2018,"Control",0,160,"PADDY"
"T309304113",2,"Wheat","Winter",8,12,20,2,1,2,3,1,15,25,1,2018,"Control",0,40,"WHEAT"
"T309304113",33,"Pulses","Winter",8,11,20,1,0,0,1,1,10,90,1,2018,"Control",0,0,"RED LENTIL"
"T309304113",27,"Pulses","Summer",11,3,2,1,0,0,20,5,0,120,1,2018,"Control",0,0,"GREEN GRAM"
"T307001095",1,"Paddy","Monsoon",3,8,80,2,1,4,4,1,20,25,1,2018,"Control",0,320,"PADDY"
"T307001095",2,"Wheat","Winter",8,11,35,2,1,2,2,1,20,25,1,2018,"Control",0,70,"WHEAT"
"T307001095",22,"Pulses","Winter",8,11,25,0,0,0,20,3,NA,25,1,2018,"Control",0,0,"GRASS PEA"
"T307001095",33,"Pulses","Winter",8,11,10,NA,0,0,30,3,0,80,1,2018,"Control",0,0,"RED LENTLE"
"T307001095",43,"Oilseeds","Winter",8,11,10,NA,0,0,30,3,0,80,1,2018,"Control",0,0,"MUSTARD"
"T307001095",27,"Pulses","Summer",11,3,10,2,1,1,25,3,40,70,1,2018,"Control",0,10,"GREEN GRAM"
"T307001095",61,"Sugarcane","Annual",11,3,9,2,1,2,25,4,100,5,1,2018,"Control",0,18,"SUGARCANE"
"T300901091",1,"Paddy","Monsoon",3,8,90,2,1,4,3,1,98,20,1,2018,"Treatment",1,360,"PADDY"
"T300901091",2,"Wheat","Winter",8,12,20,2,1,2,2,1,90,25,1,2018,"Treatment",1,40,"WHEAT"
"T300901091",33,"Pulses","Winter",8,11,40,0,0,0,20,3,95,90,1,2018,"Treatment",1,0,"RED LENTIL"
"T300901091",8,"Vegetables","Winter",8,11,10,0,0,0,1,1,80,20,1,2018,"Treatment",1,0,"BRINJAL"
"T300901091",43,"Oilseeds","Winter",8,10,10,0,0,0,30,3,90,80,1,2018,"Treatment",1,0,"MUSTARD"
"T300901091",61,"Sugarcane","Annual",11,3,20,2,1,2,25,4,100,500,1,2018,"Treatment",1,40,"SUGARCANE"
"T300901091",47,"Vegetables","Winter",8,11,10,2,1,2,20,1,80,25,1,2018,"Treatment",1,20,"POTATO"
"T300901091",27,"Pulses","Summer",11,3,40,2,1,1,30,3,80,120,1,2018,"Treatment",1,40,"GREEN GRAM"
"T307808108",1,"Paddy","Monsoon",3,8,140,2,1,3,4,1,80,20,1,2018,"Control",0,420,"PADDY"
"T307808108",2,"Wheat","Winter",8,12,60,2,1,2,2,1,80,25,1,2018,"Control",0,120,"WHEAT"
"T307808108",33,"Pulses","Winter",8,11,40,0,0,0,20,3,70,90,1,2018,"Control",0,0,"RED LENTIL"
"T307808108",3,"Maize","Winter",9,11,10,2,1,4,6,1,100,20,1,2018,"Control",0,40,"MAIZE"
"T307808108",8,"Vegetables","Winter",8,12,5,2,1,4,20,3,80,15,1,2018,"Control",0,20,"BRINJAL"
"T307808108",44,"Vegetables","Winter",8,10,5,2,1,3,50,1,90,10,1,2018,"Control",0,15,"CAULI"
"T307808108",15,"Vegetables","Winter",10,3,5,2,1,4,10,3,80,120,1,2018,"Control",0,20,"BELL"
"T307808108",14,"Vegetables","Winter",10,3,5,2,1,3,100,5,90,20,1,2018,"Control",0,15,"BOTTLE"
"T307808108",61,"Sugarcane","Annual",11,2,20,2,1,2,25,4,100,50,1,2018,"Control",0,40,"SUGARCANE"
"T307808108",7,"Vegetables","Winter",7,11,3,2,1,3,40,3,80,20,1,2018,"Control",0,9,"TOMATO"
"T307808108",16,"Vegetables","Winter",7,10,3,2,1,2,42,3,80,10,1,2018,"Control",0,6,"SPONGE"
"T307808108",53,"Vegetables","Winter",10,2,4,2,1,4,10,1,80,30,1,2018,"Control",0,16,"ONOINS"
"T307808108",10,"Vegetables","Summer",11,3,10,2,1,5,30,3,90,25,1,2018,"Control",0,50,"OKRA"
"T307808108",9,"Vegetables","Summer",11,3,10,2,1,3,20,3,95,30,1,2018,"Control",0,30,"BITTER"
"T304707109",1,"Paddy","Monsoon",3,8,80,2,1,3,3,1,60,20,1,2018,"Control",0,240,"PADDY"
"T304707109",2,"Wheat","Winter",8,12,10,2,1,2,2,1,70,25,1,2018,"Control",0,20,"WHEAT"
"T304707109",3,"Maize","Winter",9,11,70,2,1,3,25,1,90,25,1,2018,"Control",0,210,"MAIZE"
"T304707109",27,"Pulses","Summer",11,3,50,2,1,1,25,3,10,120,1,2018,"Control",0,50,"GREEN GRAM"
"T304707109",14,"Vegetables","Summer",11,3,10,2,1,3,50,5,70,10,1,2018,"Control",0,30,"BOTTLE"
"T301906103",1,"Paddy","Monsoon",3,8,40,2,5,3,5,1,50,20,1,2018,"Control",0,600,"PADDY"
"T301906103",2,"Wheat","Winter",8,12,7,2,5,2,2,1,0,25,1,2018,"Control",0,70,"WHEAT"
"T301906103",33,"Pulses","Winter",8,11,15,0,0,0,1,1,10,90,1,2018,"Control",0,0,"RED LENTIL"
"T301906103",5,"Others","Winter",8,11,18,2,5,4,7,1,100,19,1,2018,"Control",0,360,"BARLEY"
"T301906103",3,"Maize","Summer",12,3,40,2,5,4,7,1,100,19,1,2018,"Control",0,800,"MAIZE"
"T301808002",1,"Paddy","Monsoon",3,8,20,2,1,6,3,1,0,0,3,2018,"Control",0,120,"PADDY"
"T301808002",44,"Vegetables","Winter",6,8,5,2,1,6,5,1,100,40,3,2018,"Control",0,30,"CAULI"
"T301808002",45,"Vegetables","Winter",6,8,5,2,1,6,6,1,100,40,3,2018,"Control",0,30,"CABBAGE"
"T301808002",47,"Vegetables","Winter",6,10,7,2,1,6,7,1,0,0,3,2018,"Control",0,42,"POTATO"
"T301808002",11,"Vegetables","Winter",6,8,3,2,1,6,5,1,100,35,3,2018,"Control",0,18,"CHILLIES"
"T301808002",9,"Vegetables","Summer",9,12,3,2,1,15,8,1,100,60,3,2018,"Control",0,45,"BITTER"
"T301106005",1,"Paddy","Monsoon",3,8,30,2,1,4,5,1,0,0,3,2018,"Control",0,120,"PADDY"
"T301106005",61,"Sugarcane","Annual",10,11,50,2,1,14,45,1,100,5,3,2018,"Control",0,700,"SUAGRCANE"
"T301106005",2,"Wheat","Winter",2,12,30,2,1,2,2,1,50,25,3,2018,"Control",0,60,"WHEAT"
"T307408001",1,"Paddy","Monsoon",3,8,10,2,1,5,4,1,0,0,3,2018,"Control",0,50,"PADDY"
"T307408001",2,"Wheat","Winter",8,12,5,2,1,2,2,1,0,0,3,2018,"Control",0,10,"WHEAT"
"T307408001",7,"Vegetables","Winter",8,11,1,2,2,13,12,1,100,20,3,2018,"Control",0,26,"TOMATO"
"T307408001",8,"Vegetables","Winter",8,11,1,2,2,13,15,1,100,20,3,2018,"Control",0,26,"BRINJAL"
"T307408001",9,"Vegetables","Winter",8,11,1,2,2,13,8,1,100,50,3,2018,"Control",0,26,"BITTER"
"T307408001",10,"Vegetables","Winter",8,11,1,2,2,13,14,1,100,35,3,2018,"Control",0,26,"OKRA"
"T307408001",11,"Vegetables","Winter",8,11,1,2,2,13,2,1,100,40,3,2018,"Control",0,26,"CHILLIES"
"T303505004",1,"Paddy","Monsoon",3,8,35,2,2,5,3,1,0,0,3,2018,"Control",0,350,"PADDY"
"T303505004",61,"Sugarcane","Annual",9,10,15,2,2,15,40,1,100,5,3,2018,"Control",0,450,"SUGARCANE"
"T303505004",2,"Wheat","Winter",8,12,20,2,2,2,2,1,50,25,3,2018,"Control",0,80,"WHEAT"
"T303505004",44,"Vegetables","Winter",8,10,5,2,2,5,6,1,100,40,3,2018,"Control",0,50,"CAULI"
"T303505004",45,"Vegetables","Winter",8,11,5,2,2,5,5,1,100,40,3,2018,"Control",0,50,"CABBAGE"
"T303505004",47,"Vegetables","Winter",8,11,2,2,2,4,5,1,50,20,3,2018,"Control",0,16,"POTATO"
"T303505004",11,"Vegetables","Winter",8,10,3,2,2,6,3,1,100,35,3,2018,"Control",0,36,"CHILLIES"
"T303505004",9,"Vegetables","Summer",11,1,20,2,2,15,6,1,100,50,3,2018,"Control",0,600,"BITTER"
"T303505004",10,"Vegetables","Summer",11,12,10,2,2,13,3,1,100,45,3,2018,"Control",0,260,"OKRA"
"T303505004",12,"Vegetables","Summer",11,1,5,2,2,17,6,1,100,15,3,2018,"Control",0,170,"CUCUMBER"
"T302501007",1,"Paddy","Monsoon",3,8,30,2,1,6,4,1,0,0,3,2018,"Control",0,180,"PADDY"
"T302501007",2,"Wheat","Winter",8,12,15,2,1,2,2,1,50,25,3,2018,"Control",0,30,"WHEAT"
"T302501007",3,"Maize","Winter",8,5,2,1,7,9,1,1,100,18,3,2018,"Control",0,126,"MAIZE"
"T302501007",33,"Others","Winter",8,12,10,0,0,0,6,5,50,60,3,2018,"Control",0,0,"OTHER"
"T303906006",1,"Paddy","Monsoon",3,8,10,4,2,5,5,1,25,20,3,2018,"Control",0,100,"PADDY"
"T303906006",2,"Wheat","Winter",8,12,8,4,2,2,2,1,25,25,3,2018,"Control",0,32,"WHEAT"
"T303906006",33,"Others","Winter",8,12,2,NA,0,0,20,3,0,0,3,2018,"Control",0,0,"OTHER"
"T304308003",1,"Paddy","Monsoon",3,7,50,2,1,6,4,1,75,22,3,2018,"Control",0,300,"PADDY"
"T304308003",61,"Sugarcane","Annual",7,8,30,2,1,4,30,1,100,5,3,2018,"Control",0,120,"SUGARCANE"
"T304308003",2,"Wheat","Winter",7,12,50,2,1,2,2,1,75,30,3,2018,"Control",0,100,"WHEAT"
"T305001120",1,"Paddy","Monsoon",3,8,100,2,1.5,3,2,1,0,0,1,2018,"Treatment",1,450,"PADDY"
"T305001120",2,"Wheat","Winter",8,12,10,2,1.5,3,1.5,1,0,0,1,2018,"Treatment",1,45,"WHEAT"
"T305001120",33,"Pulses","Winter",8,12,30,2,1,1,15,3,0,0,1,2018,"Treatment",1,30,"RED LENTIL"
"T305001120",61,"Sugarcane","Annual",8,9,60,2,1.5,5,20,4,100,5,1,2018,"Treatment",1,450,"SUGARCANE"
"T304802123",1,"Paddy","Monsoon",3,8,14,2,1,5,4,1,0,0,1,2018,"Treatment",1,70,"PADDY"
"T304802123",2,"Wheat","Winter",8,12,4,2,1,2,2.5,1,0,0,1,2018,"Treatment",1,8,"WHEAT"
"T304802123",8,"Vegetables","Winter",7,3,2,2,1,20,3,4,100,20,1,2018,"Treatment",1,40,"BRINJAL"
"T304802123",55,"Vegetables","Winter",8,1,1,2,1,3,1,4,100,100,1,2018,"Treatment",1,3,"GARLIC"
"T304802123",53,"Vegetables","Winter",10,2,1,2,1,5,5,4,100,20,1,2018,"Treatment",1,5,"ONIONS"
"T304802123",51,"Vegetables","Winter",10,12,1,2,1,5,8,4,100,10,1,2018,"Treatment",1,5,"RADISH"
"T304802123",14,"Vegetables","Winter",7,3,2,2,1,10,1,1,100,15,1,2018,"Treatment",1,20,"BOTTLE"
"T304802123",11,"Vegetables","Winter",8,11,2,2,1,5,5,4,100,150,1,2018,"Treatment",1,10,"CHILIES"
"T304802123",44,"Vegetables","Winter",8,11,2,2,1,5,5,4,100,15,1,2018,"Treatment",1,10,"CAULI"
"T304802123",3,"Maize","Summer",10,3,4,2,1,10,2,4,100,21,1,2018,"Treatment",1,40,"MAIZE"
"T304802123",30,"Pulses","Summer",10,3,0.5,2,1,5,1,4,100,20,1,2018,"Treatment",1,2.5,"YARD LONG"
"T304802123",8,"Vegetables","Summer",7,3,2,2,1,20,3,4,80,25,1,2018,"Treatment",1,40,"BRINJAL"
"T304802123",27,"Pulses","Summer",7,3,5.5,2,1,2,20,3,0,0,1,2018,"Treatment",1,11,"GREEN GRAM"
"T304802123",14,"Vegetables","Summer",7,3,2,2,1,5,150,5,100,25,1,2018,"Treatment",1,10,"BOTTLE"
"T305001121",61,"Sugarcane","Annual",8,11,140,2,1.5,6,20,4,100,5,1,2018,"Control",0,1260,"SUGARCANE"
"T304706130",1,"Paddy","Monsoon",3,8,46,2,1,3,4,1,40,20,1,2018,"Control",0,138,"PADDY"
"T304706130",8,"Vegetables","Monsoon",4,12,2,2,1,12,25,1,100,30,1,2018,"Control",0,24,"BRINJAL"
"T304706130",11,"Vegetables","Monsoon",2,7,2,2,1,11,40,3,100,150,1,2018,"Control",0,22,"CHILIES"
"T304706130",2,"Wheat","Winter",8,12,11,2,1,2,2.5,1,0,0,1,2018,"Control",0,22,"WHEAT"
"T304706130",33,"Pulses","Winter",8,11,10,1,0,0,30,3,0,0,1,2018,"Control",0,0,"RED LENTIL"
"T304706130",3,"Maize","Winter",8,12,14,2,1,4,6,1,100,20,1,2018,"Control",0,56,"MAIZE"
"T304706130",44,"Vegetables","Winter",7,11,4,2,1,4,6,4,100,30,1,2018,"Control",0,16,"CAULI"
"T304706130",45,"Vegetables","Winter",7,11,4,2,1,4,8,1,100,30,1,2018,"Control",0,16,"CABBAGE"
"T304706130",8,"Vegetables","Winter",4,12,2,2,1,4,25,1,100,30,1,2018,"Control",0,8,"BRINJAL"
"T304706130",51,"Vegetables","Winter",8,11,2,2,1,3,2,4,100,25,1,2018,"Control",0,6,"RADISH"
"T304706130",7,"Vegetables","Winter",8,11,2,2,1,3,2,4,100,40,1,2018,"Control",0,6,"TOMATO"
"T304706130",11,"Vegetables","Winter",8,11,1,2,1,4,40,3,100,160,1,2018,"Control",0,4,"CHILLIES"
"T304706130",3,"Maize","Summer",11,3,30,2,1,5,6,1,100,20,1,2018,"Control",0,150,"MAIZE"
"T304706130",12,"Vegetables","Summer",11,5,5,2,1,7,3,1,100,30,1,2018,"Control",0,35,"CUCUMBER"
"T304706130",10,"Vegetables","Summer",10,3,5,2,1,7,4,1,100,40,1,2018,"Control",0,35,"OKRA"
"T304706131",1,"Paddy","Monsoon",3,8,90,1,0,0,3,1,30,20,1,2018,"Control",0,0,"PADDY"
"T304706131",2,"Wheat","Winter",8,12,75,2,1.5,2,2,1,30,25,1,2018,"Control",0,225,"WHEAT"
"T304706131",33,"Pulses","Winter",8,12,15,1,0,0,15,3,0,0,1,2018,"Control",0,0,"RED LENTIL"
"T304702127",1,"Paddy","Monsoon",3,8,20,2,1,3,4,1,20,20,1,2018,"Control",0,60,"PADDY"
"T304702127",2,"Wheat","Winter",8,12,20,2,1,1,2.5,1,50,25,1,2018,"Control",0,20,"WHEAT"
"T304702127",1,"Paddy","Summer",12,3,5,2,1,4,3.5,1,0,0,1,2018,"Control",0,20,"PADDY"
"T300406135",1,"Paddy","Monsoon",3,8,100,2,1,3,4,1,50,20,1,2018,"Treatment",1,300,"PADDY"
"T300406135",2,"Wheat","Winter",8,12,40,2,1,2,2.5,1,30,25,1,2018,"Treatment",1,80,"WHEAT"
"T300406135",33,"Pulses","Winter",8,12,60,1,0,0,20,3,0,0,1,2018,"Treatment",1,0,"RED LENTIL"
"T300406135",3,"Maize","Summer",12,3,40,2,1,4,5,1,100,22,1,2018,"Treatment",1,160,"MAIZE"
"T300406089",1,"Paddy","Monsoon",3,7,60,2,1,3,3.5,1,20,20,1,2018,"Treatment",1,180,"PADDY"
"T300406089",2,"Wheat","Winter",8,11,20,2,1,2,2,1,20,25,1,2018,"Treatment",1,40,"WHEAT"
"T300406089",3,"Maize","Winter",8,12,20,2,1,3,5,1,100,19,1,2018,"Treatment",1,60,"MAIZE"
"T300406089",44,"Vegetables","Winter",7,11,10,2,1,3,10,4,100,20,1,2018,"Treatment",1,30,"CAULI"
"T300406089",47,"Vegetables","Winter",7,10,5,2,1,3,20,1,100,15,1,2018,"Treatment",1,15,"POTATO"
"T300406089",20,"Pulses","Winter",7,10,5,2,1,3,2,4,100,20,1,2018,"Treatment",1,15,"PEA"
"T300406089",3,"Maize","Summer",12,3,40,2,1,5,5,1,100,20,1,2018,"Treatment",1,200,"MAIZE"
"T300406089",10,"Vegetables","Summer",11,3,5,2,1,7,7,4,100,30,1,2018,"Treatment",1,35,"OKRA"
"T300406089",16,"Vegetables","Summer",11,5,5,2,1,5,5,4,100,25,1,2018,"Treatment",1,25,"SPONGE"
"T300406089",9,"Vegetables","Summer",11,3,5,2,1,14,3,4,100,30,1,2018,"Treatment",1,70,"BITTER"
"T300406089",11,"Vegetables","Summer",11,3,5,2,1,5,5,1,100,100,1,2018,"Treatment",1,25,"CHILLIES"
"T301503134",1,"Paddy","Monsoon",3,8,5,2,1,3,4,2,0,0,1,2018,"Control",0,15,"PADDY"
"T301503134",2,"Wheat","Winter",8,12,5,2,1,1,2,1,0,0,1,2018,"Control",0,5,"WHEAT"
"T301503134",33,"Pulses","Summer",12,3,5,2,1,1,10,2,0,0,1,2018,"Control",0,5,"RED LENTIL"
"T304705090",1,"Paddy","Monsoon",3,8,8,2,1,3,4,1,0,0,1,2018,"Control",0,24,"PADDY"
"T304705090",2,"Wheat","Winter",8,12,8,2,1,2,2,1,0,0,1,2018,"Control",0,16,"WHEAT"
"T305004088",1,"Paddy","Monsoon",3,8,200,2,1,4,4,1,50,20,1,2018,"Control",0,800,"PADDY"
"T305004088",61,"Sugarcane","Monsoon",11,11,100,2,1,1,10,4,100,5,1,2018,"Control",0,100,"SUGARCANE"
"T305004088",2,"Wheat","Winter",8,12,40,2,1,2,2,1,50,25,1,2018,"Control",0,80,"WHEAT"
"T305004088",33,"Pulses","Winter",8,12,160,2,1,NA,20,3,20,80,1,2018,"Control",0,NA,"RED LENTIL"
"T305004088",61,"Sugarcane","Winter",11,11,100,2,1,3,10,4,100,5,1,2018,"Control",0,300,"SUGARCANE"
"T305004088",61,"Sugarcane","Summer",11,12,100,2,1,4,10,4,100,5,1,2018,"Control",0,400,"SUGARCANE"
"T301503081",1,"Paddy","Monsoon",3,7,60,2,1,3,2,1,30,17,1,2018,"Control",0,180,"PADDY"
"T301503081",2,"Wheat","Winter",8,12,30,2,1,2,1.20000004768372,1,10,22,1,2018,"Control",0,60,"WHEAT"
"T301503081",33,"Pulses","Winter",8,11,20,0,1,0,15,3,0,0,1,2018,"Control",0,0,"RED LENTIL"
"T301503081",61,"Sugarcane","Winter",10,11,10,2,1,3,15,4,100,5,1,2018,"Control",0,30,"SUGARCANE"
"T303907079",1,"Paddy","Monsoon",3,7,20,1,2,4,4,1,5,17,1,2018,"Control",0,160,"PADDY"
"T303907079",2,"Wheat","Winter",8,12,10,2,2,2,2,1,5,24,1,2018,"Control",0,40,"WHEAT"
"T303907079",3,"Maize","Winter",8,11,10,2,2,5,4,1,70,18,1,2018,"Control",0,100,"MAIZE"
"T303907079",27,"Pulses","Summer",11,3,10,2,2,1,20,3,0,0,1,2018,"Control",0,20,"GREEN GRAM"
"T301502085",1,"Paddy","Monsoon",3,8,20,2,1,3,2,1,0,0,1,2018,"Control",0,60,"PADDY"
"T301502085",2,"Wheat","Winter",8,12,6,2,1,1,1,1,0,0,1,2018,"Control",0,6,"WHEAT"
"T301502085",33,"Pulses","Winter",8,12,14,0,0,0,20,3,0,0,1,2018,"Control",0,0,"RED LENTI"
"T301001084",1,"Paddy","Monsoon",3,8,20,2,1,4,2,1,0,0,1,2018,"Control",0,80,"PADDY"
"T301001084",2,"Wheat","Winter",8,12,12,1,1,1,1,1,0,0,1,2018,"Control",0,12,"WHEAT"
"T301001084",33,"Pulses","Winter",8,11,8,0,0,0,20,3,0,0,1,2018,"Control",0,0,"RED LENTIL"
"T304807087",1,"Paddy","Monsoon",3,8,80,2,3,2,1,5,0,20,1,2018,"Control",0,480,"PADDY"
"T304807087",2,"Wheat","Winter",8,11,40,2,1,1,1,1,50,25,1,2018,"Control",0,40,"WHEAT"
"T304807087",33,"Pulses","Winter",8,12,40,0,0,0,20,3,50,100,1,2018,"Control",0,0,"RED LENTIL"
"T304804086",1,"Paddy","Monsoon",3,8,43,2,1,3,2,1,0,0,1,2018,"Control",0,129,"PADDY"
"T304804086",2,"Wheat","Winter",8,12,20,2,1,1,1,1,0,0,1,2018,"Control",0,20,"WHEAT"
"T304804086",33,"Pulses","Winter",8,12,23,0,0,0,20,3,0,0,1,2018,"Control",0,0,"RED LENTIL"
"T304808083",1,"Paddy","Monsoon",3,8,60,2,1,3,2.5,1,15,17,1,2018,"Control",0,180,"PADDY"
"T304808083",2,"Wheat","Winter",8,11,30,2,1,1,1,1,10,25,1,2018,"Control",0,30,"WHEAT"
"T304808083",33,"Pulses","Winter",8,12,30,0,0,0,20,3,8,90,1,2018,"Control",0,0,"RED LENTIL"
"T304808082",1,"Paddy","Monsoon",3,8,50,2,1,3,2.5,1,0,0,1,2018,"Control",0,150,"PADDY"
"T304808082",2,"Wheat","Winter",8,11,20,2,1,1,1,1,0,0,1,2018,"Control",0,20,"WHEAT"
"T304808082",33,"Pulses","Winter",8,12,30,0,0,0,20,3,0,0,1,2018,"Control",0,0,"RED LENTIL"
"T301503080",1,"Paddy","Monsoon",3,8,76,2,1,2,4,1,0,0,1,2018,"Control",0,152,"PADDY"
"T301503080",2,"Wheat","Winter",8,12,20,2,1,1,3,1,0,0,1,2018,"Control",0,20,"WHEAT"
"T301503080",33,"Pulses","Winter",8,11,56,0,0,0,20,3,0,0,1,2018,"Control",0,0,"RED LENTIL"
"T305105014",1,"Paddy","Monsoon",3,8,18,3,2,7,4,1,80,22,2,2018,"Control",0,252,"PADDY"
"T305105014",3,"Maize","Winter",8,1,18,3,2,6,9,1,100,18,2,2018,"Control",0,216,"MAIZE"
"T309006004",1,"Paddy","Monsoon",3,8,40,2,0.5,6,3,1,25,20,2,2018,"Control",0,120,"PADDY"
"T309006004",2,"Wheat","Winter",8,12,38,2,0.5,2,1.5,1,50,24,2,2018,"Control",0,38,"WHEAT"
"T309006004",33,"Others","Winter",8,12,2,0,0,0,25,3,0,0,2,2018,"Control",0,0,"OTHER"
"T309006004",47,"Vegetables","Winter",8,11,8,2,1,2,16,1,50,12,2,2018,"Control",0,16,"POTATO"
"T309006004",1,"Paddy","Summer",12,3,15,4,0.5,6,6,2,100,18,2,2018,"Control",0,45,"PADDY"
"T305102015",1,"Paddy","Monsoon",3,8,60,4,1,7,4,1,70,20,2,2018,"Control",0,420,"PADDY"
"T305102015",2,"Wheat","Winter",8,12,80,4,1,2,2,1,90,22,2,2018,"Control",0,160,"WHEAT"
"T309504024",1,"Paddy","Monsoon",3,8,40,4,1,5,4,1,60,20,2,2018,"Control",0,200,"PADDY"
"T309504024",1,"Paddy","Monsoon",3,6,60,2,1,5,4,1,100,18,2,2018,"Control",0,300,"PADDY"
"T309504024",2,"Wheat","Winter",8,12,40,4,1,1,2,1,80,24,2,2018,"Control",0,40,"WHEAT"
"T309504024",3,"Maize","Winter",8,1,60,2,1,6,10,1,100,85,2,2018,"Control",0,360,"MAIZE"
"T302608050",1,"Paddy","Monsoon",3,8,20,4,1,6,4,1,40,21,2,2018,"Control",0,120,"PADDY"
"T302608050",2,"Wheat","Winter",8,12,15,4,1,2,2,1,80,26,2,2018,"Control",0,30,"WHEAT"
"T302608050",3,"Maize","Winter",8,1,5,4,1,5,7,1,100,18,2,2018,"Control",0,25,"MAIZE"
"T300401028",1,"Paddy","Monsoon",3,8,70,4,0.5,6,5,1,50,21,2,2018,"Control",0,210,"PADDY"
"T300401028",2,"Wheat","Winter",8,12,60,4,0.5,2,2,1,90,26,2,2018,"Control",0,60,"WHEAT"
"T300401028",33,"Others","Winter",8,12,10,4,0,0,20,3,50,20,2,2018,"Control",0,0,"OTHER"
"T300401028",1,"Paddy","Summer",12,3,30,4,0.5,6,6,1,100,18,2,2018,"Control",0,90,"PADDY"
"T305104033",1,"Paddy","Monsoon",3,8,40,4,1,3,5,1,50,22,2,2018,"Control",0,120,"PADDY"
"T305104033",2,"Wheat","Winter",8,12,25,4,1,2,2,1,90,19,2,2018,"Control",0,50,"WHEAT"
"T305104033",3,"Maize","Winter",8,1,8,4,1,2,8,1,100,18,2,2018,"Control",0,16,"MAIZE"
"T305104033",33,"Pulses","Winter",8,1,7,0,0,0,20,3,40,100,2,2018,"Control",0,0,"RED LENTIL"
"T305104033",1,"Paddy","Summer",12,3,3,4,1,5,5,1,100,15,2,2018,"Control",0,15,"PADDY"
"T300607023",1,"Paddy","Monsoon",3,8,50,4,0.5,6,5,1,60,24,2,2018,"Control",0,150,"PADDY"
"T300607023",1,"Paddy","Winter",8,12,20,4,0.5,2,2,1,90,26,2,2018,"Control",0,20,"PADDY"
"T300607023",33,"Others","Winter",8,12,20,0,0,0,20,3,25,100,2,2018,"Control",0,0,"OTHER"
"T300607023",39,"Oilseeds","Winter",8,12,8,0,0,0,5,3,0,0,2,2018,"Control",0,0,"MUSTARD"
"T300607023",47,"Vegetables","Winter",8,11,2,4,1,2,16,1,50,13,2,2018,"Control",0,4,"POTATO"
"T300607023",1,"Paddy","Summer",12,3,20,4,0.5,5,5,1,100,18,2,2018,"Control",0,50,"PADDY"
"T305404025",1,"Paddy","Monsoon",3,6,100,2,1,6,4,1,70,22,2,2018,"Control",0,600,"PADDY"
"T305404025",2,"Wheat","Monsoon",8,12,45,2,1,3,2,1,90,25,2,2018,"Control",0,135,"WHEAT"
"T305404025",3,"Maize","Monsoon",8,1,30,2,1,5,7,1,100,20,2,2018,"Control",0,150,"MAIZE"
"T305404025",33,"Others","Monsoon",8,12,10,0,0,0,1,1,70,100,2,2018,"Control",0,0,"OTHER"
"T305404025",43,"Oilseeds",NA,8,11,10,2,1,1,20,3,0,0,2,2018,"Control",0,10,"MUSTARD"
"T305404025",47,"Vegetables",NA,8,11,5,2,1,2,5,1,50,12,2,2018,"Control",0,10,"POTATO"
"T309904032",1,"Paddy","Monsoon",3,8,3,2,1.5,6,4,1,0,20,2,2018,"Control",0,27,"PADDY"
"T309904032",2,"Wheat","Winter",8,12,3,2,1.5,2,2,1,0,24,2,2018,"Control",0,9,"WHEAT"
"T300603032",1,"Paddy","Monsoon",3,8,70,2,1,6,4,1,30,21,2,2018,"Control",0,420,"PADDY"
"T300603032",2,"Wheat","Winter",8,12,70,2,1,2,2,1,90,25,2,2018,"Control",0,140,"WHEAT"
"T301911010",61,"Sugarcane","Annual",8,12,2,1,1.14999997615814,12.5,20,4,100,531,3,2018,"Treatment",1,28.7499994039536,"SUGARCANE"
"T306004001",1,"Paddy","Monsoon",3,8,65,1,1,2,4,1,80,25,2,2018,"Treatment",1,130,"PADDY"
"T306004001",2,"Wheat","Winter",8,12,20,2,1,2,2,1,80,25,2,2018,"Treatment",1,40,"WHEAT"
"T306004001",3,"Maize","Winter",8,2,15,2,1,4,4,1,100,19,2,2018,"Treatment",1,60,"MAIZE"
"T306004001",33,"Pulses","Winter",8,12,30,0,0,0,35,3,80,80,2,2018,"Treatment",1,0,"OTHER PULSES"
"T305607002",1,"Paddy","Monsoon",3,8,80,4,0.25,3,4.5,1,70,22,2,2018,"Treatment",1,60,"PADDY"
"T305607002",2,"Wheat","Winter",8,12,50,4,0.25,2,2,1,70,25,2,2018,"Treatment",1,25,"WHEAT"
"T305607002",33,"Pulses","Winter",8,12,30,NA,0,0,22,3,30,85,2,2018,"Treatment",1,0,"OTHER PULSES"
"T305607002",1,"Paddy","Summer",2,3,80,4,0.25,4,5,1,100,21,2,2018,"Treatment",1,80,"PADDY"
"T300307001",1,"Paddy","Monsoon",3,8,10,2,1,2,4,1,0,0,2,2018,"Treatment",1,20,"PADDY"
"T300307001",2,"Wheat","Winter",8,12,10,2,1,2,2.5,1,0,0,2,2018,"Treatment",1,20,"WHEAT"
"T300307001",1,"Paddy","Summer",12,3,10,2,1,4,5,1,0,0,2,2018,"Treatment",1,40,"PADDY"
"T304802030",1,"Paddy","Monsoon",3,8,20,2,1,3,3,1,0,0,1,2018,"Treatment",1,60,"PADDY"
"T304802030",2,"Wheat","Winter",8,12,10,2,1,1,2,1,0,0,1,2018,"Treatment",1,10,"WHEAT"
"T304802030",33,"Pulses","Winter",8,12,10,0,0,0,22,3,0,0,1,2018,"Treatment",1,0,"OTHER PULSES"
"T305519001",1,"Paddy","Monsoon",3,8,40,2,1,2,3.5,1,50,25,3,2018,"Treatment",1,80,"PADDY"
"T305519001",2,"Wheat","Winter",8,12,10,2,1,1,2,1,50,27,3,2018,"Treatment",1,10,"WHEAT"
"T305519001",33,"Pulses","Winter",8,12,30,0,0,0,1,1,50,58,3,2018,"Treatment",1,0,"OTHER PULSES"
"T305519001",61,"Sugarcane","Annual",10,10,20,2,1,3,17,4,100,531,3,2018,"Treatment",1,60,"SUGARCANE"
"T305607004",1,"Paddy","Monsoon",3,8,90,4,0,0,4.5,1,75,25,2,2018,"Treatment",1,0,"PADDY"
"T305607004",2,"Wheat","Winter",8,12,40,4,0,0,2.5,1,70,27,2,2018,"Treatment",1,0,"WHEAT"
"T305607004",33,"Pulses","Winter",8,12,50,0,0,0,25,3,70,80,2,2018,"Treatment",1,0,"OTHER PULSES"
"T305607004",1,"Paddy","Summer",12,3,90,4,0,0,5,1,100,20,2,2018,"Treatment",1,0,"PADDY"
"T302806050",1,"Paddy","Monsoon",3,8,100,1,1,2,4,1,90,24,1,2018,"Treatment",1,200,"PADDY"
"T302806050",2,"Wheat","Winter",8,12,40,2,1,1,2,1,80,27,1,2018,"Treatment",1,40,"WHEAT"
"T302806050",33,"Pulses","Winter",8,12,60,2,1,0,15,3,80,81,1,2018,"Treatment",1,0,"OTHER PULSES"
"T305607005",1,"Paddy","Monsoon",3,8,100,4,0.25,0,4,1,70,25,2,2018,"Treatment",1,0,"PADDY"
"T305607005",2,"Wheat","Winter",8,12,50,4,0.25,0,2,1,70,27,2,2018,"Treatment",1,0,"WHEAT"
"T305607005",33,"Pulses","Winter",8,12,50,NA,0.25,0,25,3,20,80,2,2018,"Treatment",1,0,"OTHER PULSES"
"T305607005",1,"Paddy","Monsoon",12,3,60,4,0.25,0,5,1,100,23,2,2018,"Treatment",1,0,"PADDY"
"T308705001",1,"Paddy","Monsoon",3,8,60,1,0.25,2,4,1,50,25,2,2018,"Treatment",1,30,"PADDY"
"T308705001",2,"Wheat","Winter",8,12,60,4,0.25,2,2.5,1,95,27,2,2018,"Treatment",1,30,"WHEAT"
"T305602003",1,"Paddy","Monsoon",3,8,60,4,0.25,0,5,1,80,24,2,2018,"Treatment",1,0,"PADDY"
"T305602003",2,"Wheat","Winter",8,12,50,4,0.25,2,2,1,100,27,2,2018,"Treatment",1,25,"WHEAT"
"T305602003",3,"Maize","Winter",8,2,10,4,0.25,4,6,1,100,22,2,2018,"Treatment",1,10,"MAIZE"
"T305602001",1,"Paddy","Monsoon",3,7,100,2,0.0199999995529652,8,5,1,50,20,2,2018,"Control",0,15.9999996423721,"PADDY"
"T305602001",2,"Wheat","Winter",7,12,30,2,0.330000013113022,2,2,1,50,25,2,2018,"Control",0,19.8000007867813,"WHEAT"
"T305602001",3,"Maize","Winter",8,12,20,2,0.330000013113022,5,7,1,100,19,2,2018,"Control",0,33.0000013113022,"MAIZE"
"T305602001",6,"Others","Winter",8,12,50,2,0.5,2,1,1,75,20,2,2018,"Control",0,50,"OATS"
"T305602001",1,"Paddy","Summer",12,3,60,2,0.5,15,4,1,100,20,2,2018,"Control",0,450,"PADDY"
"T305602001",63,"Others","Summer",12,3,40,2,0.5,4,1,1,100,40,2,2018,"Control",0,80,"GRASS"
"T303007001",1,"Paddy","Monsoon",3,8,80,2,0.330000013113022,3,5,1,60,20,2,2018,"Treatment",1,79.2000031471252,"PADDY"
"T303007001",33,"Pulses","Winter",7,12,80,NA,NA,NA,20,3,60,85,2,2018,"Treatment",1,NA,"RED LENTIL"
"T300508099",1,"Paddy","Monsoon",3,7,20,2,1,3,4,1,NA,NA,3,2018,"Treatment",1,60,"PADDY"
"T300508099",2,"Wheat","Winter",8,12,20,2,1,2,2,1,10,25,3,2018,"Treatment",1,40,"WHEAT"
"T308703001",1,"Paddy","Monsoon",3,7,50,2,0.330000013113022,2,5,1,15,20,2,2018,"Treatment",1,33.0000013113022,"PADDY"
"T308703001",2,"Wheat","Winter",7,12,10,2,0.5,2,2,1,NA,NA,2,2018,"Treatment",1,10,"WHEAT"
"T308703001",3,"Maize","Winter",7,12,15,2,0.670000016689301,3,7,1,100,19,2,2018,"Treatment",1,30.1500007510185,"MAIZE"
"T308703001",33,"Others","Winter",7,12,25,NA,NA,NA,1,1,50,85,2,2018,"Treatment",1,NA,"OTHER"
"T302608032",1,"Paddy","Monsoon",3,7,40,2,0.5,4,4,1,10,20,2,2018,"Control",0,80,"PADDY"
"T302608032",2,"Wheat","Winter",7,11,10,2,0.5,2,2,1,NA,NA,2,2018,"Control",0,10,"WHEAT"
"T302608032",3,"Maize","Winter",7,12,30,2,0.5,5,7,1,100,19,2,2018,"Control",0,75,"MAIZE"
"T302608033",1,"Paddy","Monsoon",3,7,70,2,0.330000013113022,4,4,1,20,20,2,2018,"Control",0,92.4000036716461,"PADDY"
"T302608033",2,"Wheat","Winter",7,12,35,2,0.330000013113022,1,3,1,40,25,2,2018,"Control",0,11.5500004589558,"WHEAT"
"T302608033",3,"Maize","Winter",7,12,35,2,0.330000013113022,5,7,1,100,23,2,2018,"Control",0,57.7500022947788,"MAIZE"
"T302609007",1,"Paddy","Monsoon",3,7,40,2,0.5,4,4,1,25,20,2,2018,"Control",0,80,"PADDY"
"T302609007",2,"Wheat","Winter",7,12,20,2,0.5,2,2,1,NA,NA,2,2018,"Control",0,20,"WHEAT"
"T302609007",33,"Pulses","Winter",7,12,20,NA,NA,NA,20,3,NA,NA,2,2018,"Control",0,NA,"RED LENTIL"
"T302603034",1,"Paddy","Monsoon",3,7,60,2,0.5,3,5,1,75,20,2,2018,"Treatment",1,90,"PADDY"
"T302603034",2,"Wheat","Winter",7,12,20,2,0.5,2,2,1,50,25,2,2018,"Treatment",1,20,"WHEAT"
"T302603034",33,"Pulses","Winter",7,12,40,NA,NA,NA,20,3,25,80,2,2018,"Treatment",1,NA,"RED LENTIL"
"T302602009",1,"Paddy","Monsoon",3,7,60,2,0.5,3,5,1,50,20,2,2018,"Treatment",1,90,"PADDY"
"T302602009",2,"Wheat","Winter",7,12,15,2,0.5,1,2,1,NA,NA,2,2018,"Treatment",1,7.5,"WHEAT"
"T302602009",3,"Maize","Winter",7,12,15,2,0.5,4,8,1,100,18,2,2018,"Treatment",1,30,"MAIZE"
"T302602009",33,"Pulses","Winter",7,12,25,NA,NA,NA,20,3,50,85,2,2018,"Treatment",1,NA,"RED LENTIL"
"T302602009",47,"Vegetables","Winter",7,11,5,2,0.5,3,14,1,80,15,2,2018,"Treatment",1,7.5,"POTATO"
"T300608006",1,"Paddy","Monsoon",3,7,80,2,0.5,2,4,1,50,20,2,2018,"Treatment",1,80,"PADDY"
"T300608006",2,"Wheat","Winter",7,12,40,2,0.5,1,2,1,50,25,2,2018,"Treatment",1,20,"WHEAT"
"T300608006",33,"Pulses","Winter",7,12,40,NA,NA,NA,20,3,25,80,2,2018,"Treatment",1,NA,"RED LENTIL"
"T301808003",1,"Paddy","Monsoon",3,8,15,2,1.29999995231628,3,4,1,NA,NA,3,2018,"Control",0,58.4999978542328,"PADDY"
"T301808003",2,"Wheat","Winter",8,12,10,2,1.29999995231628,2,2,1,NA,NA,3,2018,"Control",0,25.9999990463257,"WHEAT"
"T301808003",3,"Maize","Winter",8,12,5,2,1.29999995231628,5,6,1,100,19,3,2018,"Control",0,32.4999988079071,"MAIZE"
"T301805004",1,"Paddy","Monsoon",3,7,80,2,1,3,4,1,20,20,3,2018,"Control",0,240,"PADDY"
"T301805004",2,"Wheat","Winter",8,12,60,2,1,2,2,1,50,25,3,2018,"Control",0,120,"WHEAT"
"T301805004",33,"Others","Winter",8,11,20,NA,NA,NA,20,3,NA,NA,3,2018,"Control",0,NA,"OTHER"
"T309306011",1,"Paddy","Monsoon",3,7,240,2,0.5,4,4,1,50,20,2,2018,"Control",0,480,"PADDY"
"T309306011",3,"Maize","Winter",7,12,80,2,0.5,5,7,1,100,19,2,2018,"Control",0,200,"MAIZE"
"T309306011",2,"Wheat","Monsoon",7,12,80,2,0.5,1,2,1,50,25,2,2018,"Control",0,40,"WHEAT"
"T309306011",33,"Pulses","Winter",7,12,80,NA,NA,NA,20,3,25,85,2,2018,"Control",0,NA,"RED LENTIL"
"T309306012",1,"Paddy","Monsoon",3,7,100,1,0.5,4,4,1,50,20,2,2018,"Treatment",1,200,"PADDY"
"T309306012",2,"Wheat","Winter",7,12,40,2,0.5,2,2,1,50,25,2,2018,"Treatment",1,40,"WHEAT"
"T309306012",3,"Maize","Winter",7,12,20,2,0.5,5,7,1,100,18,2,2018,"Treatment",1,50,"MAIZE"
"T309306012",33,"Pulses","Winter",7,12,40,NA,NA,NA,20,3,25,80,2,2018,"Treatment",1,NA,"RED LENTIL"
"T300608033",1,"Paddy","Monsoon",3,7,40,2,0.5,3,4,1,10,20,2,2018,"Treatment",1,60,"PADDY"
"T300608033",2,"Wheat","Winter",7,12,10,2,0.5,1,2,1,NA,NA,2,2018,"Treatment",1,5,"WHEAT"
"T300608033",33,"Pulses","Winter",7,12,30,NA,NA,NA,20,3,NA,NA,2,2018,"Treatment",1,NA,"RED LENTIL"
"T303608010",1,"Paddy","Monsoon",3,7,50,2,0.5,3,4,1,20,20,2,2018,"Control",0,75,"PADDY"
"T303608010",2,"Wheat","Winter",7,12,10,2,0.5,1,2,1,NA,NA,2,2018,"Control",0,5,"WHEAT"
"T303608010",3,"Maize","Winter",7,12,20,2,0.5,5,7,1,100,19,2,2018,"Control",0,50,"MAIZE"
"T303608010",33,"Pulses","Winter",7,12,20,NA,NA,NA,20,3,10,80,2,2018,"Control",0,NA,"RED LENTIL"
"T305404026",1,"Paddy","Monsoon",3,7,120,2,0.5,2,4,1,60,20,2,2018,"Control",0,120,"PADDY"
"T305404026",2,"Wheat","Winter",8,12,30,2,0.5,2,2,1,40,25,2,2018,"Control",0,30,"WHEAT"
"T305404026",33,"Pulses","Winter",8,12,90,NA,NA,NA,20,3,50,85,2,2018,"Control",0,NA,"RED LENTIL"
"T300901112",1,"Paddy","Monsoon",3,8,120,2,1,2,2,1,90,20,2,2018,"Control",0,240,"PADDY"
"T300901112",2,"Wheat","Winter",9,12,100,2,1,2,1,1,90,30,2,2018,"Control",0,200,"WHEAT"
"T300901112",3,"Maize","Winter",10,12,10,2,1,4,2,1,95,25,2,2018,"Control",0,40,"MAIZE"
"T300901112",33,"Pulses","Winter",10,11,5,1,0,0,20,3,50,50,2,2018,"Control",0,0,"RED LENTIL"
"T300901112",47,"Vegetables","Winter",1,12,3,1,0,0,25,1,20,20,2,2018,"Control",0,0,"POTATO"
"T300901112",14,"Vegetables","Winter",8,12,3,1,0,0,50,5,90,5,2,2018,"Control",0,0,"BOTTLE"
"T300901112",61,"Sugarcane","Annual",11,2,20,1,0,0,20,4,100,53,2,2018,"Control",0,0,"SUGARCANE"
"T300901113",1,"Paddy","Monsoon",3,8,60,2,1,2,2,1,85,20,2,2018,"Treatment",1,120,"PADDY"
"T300901113",2,"Wheat","Winter",9,12,60,2,1,1,1,1,80,30,2,2018,"Treatment",1,60,"WHEAT"
"T300901113",61,"Sugarcane","Annual",10,2,20,1,1,1,25,4,100,531,2,2018,"Treatment",1,20,"SUGARCANE"
"T306004001",1,"Paddy","Monsoon",3,8,20,2,1,4,4,1,0,0,2,2019,"Treatment",1,80,"PADDY"
"T306004001",2,"Wheat","Winter",8,12,20,2,1,1,1,1,0,0,2,2019,"Treatment",1,20,"WHEAT"
"T306004001",1,"Paddy","Summer",12,0,10,2,1,3,4,1,0,0,2,2019,"Treatment",1,30,"PADDY"
"T300608033",1,"Paddy","Monsoon",3,8,30,4,1,4,4,1,0,0,2,2019,"Treatment",1,120,"PADDY"
"T300608033",2,"Wheat","Winter",8,12,30,4,1,2,2.5,1,0,0,2,2019,"Treatment",1,60,"WHEAT"
"T302806050",1,"Paddy","Monsoon",3,8,80,2,1,5,4,1,75,27,1,2019,"Treatment",1,400,"PADDY"
"T302806050",2,"Wheat","Winter",8,12,80,2,1,1,1,1,50,25,1,2019,"Treatment",1,80,"WHEAT"
"T309306012",1,"Paddy","Monsoon",3,8,25,4,1,4,4,1,25,24,2,2019,"Treatment",1,100,"PADDY"
"T309306012",2,"Wheat","Winter",8,12,15,2,1,1,1,1,0,0,2,2019,"Treatment",1,15,"WHEAT"
"T309306012",33,"Pulses","Winter",8,12,10,0,0,0,20,3,0,0,2,2019,"Treatment",1,0,"OTHER PULSES"
"T300508099",1,"Paddy","Monsoon",3,7,20,2,1,5,4,1,0,0,3,2019,"Treatment",1,100,"PADDY"
"T300508099",2,"Wheat","Winter",7,12,20,2,1,2,3,1,0,0,3,2019,"Treatment",1,40,"WHEAT"
"T300508099",27,"Pulses","Summer",12,0,20,0,0,0,0,0,0,0,3,2019,"Treatment",1,0,"GREEN GRAM"
"T305602003",1,"Paddy","Monsoon",3,8,80,2,1,4,4,1,0,0,2,2019,"Treatment",1,320,"PADDY"
"T305602003",2,"Wheat","Winter",8,12,60,2,1,2,2.5,1,0,0,2,2019,"Treatment",1,120,"WHEAT"
"T305602003",33,"Pulses","Winter",8,12,20,0,0,0,20,3,0,0,2,2019,"Treatment",1,0,"RED LENTILS"
"T305602003",1,"Paddy","Summer",12,3,80,2,1,4,4,1,0,0,2,2019,"Treatment",1,320,"PADDY"
"T300406135",1,"Paddy","Monsoon",3,8,100,4,1,4,5,1,25,23,1,2019,"Treatment",1,400,"PADDY"
"T300406135",2,"Wheat","Winter",8,12,50,2,1,1,2,1,20,27,1,2019,"Treatment",1,50,"WHEAT"
"T300406135",33,"Pulses","Winter",8,12,50,0,0,0,25,3,20,50,1,2019,"Treatment",1,0,"OTHER PULSES"
"T305607002",1,"Paddy","Monsoon",3,8,120,2,1,4,4,1,50,26,2,2019,"Treatment",1,480,"PADDY"
"T305607002",2,"Wheat","Winter",8,12,100,2,1,2,2,1,50,28,2,2019,"Treatment",1,200,"WHEAT"
"T305607002",33,"Pulses","Winter",8,12,20,0,0,0,20,3,0,0,2,2019,"Treatment",1,0,"RED LENTILS"
"T305607002",1,"Paddy","Summer",12,3,120,2,1,4,0,0,0,0,2,2019,"Treatment",1,480,"PADDY"
"T304802030",1,"Paddy","Monsoon",3,8,9,2,1,4,4,1,0,0,1,2019,"Treatment",1,36,"PADDY"
"T304802030",2,"Wheat","Winter",8,12,9,2,1,2,2.5,1,0,0,1,2019,"Treatment",1,18,"WHEAT"
"T304802030",27,"Pulses","Summer",1,3,9,0,0,0,30,3,0,0,1,2019,"Treatment",1,0,"GREEN GRAM"
"T305519001",1,"Paddy","Monsoon",3,7,14,4,1.5,5,4,1,0,0,3,2019,"Treatment",1,105,"PADDY"
"T305519001",2,"Wheat","Winter",7,12,10,4,1.5,3,3,1,0,0,3,2019,"Treatment",1,45,"WHEAT"
"T305519001",33,"Pulses","Winter",7,11,4,0,0,0,40,3,0,0,3,2019,"Treatment",1,0,"RED LENTILS"
"T305519001",27,"Pulses","Summer",12,0,14,0,0,0,0,0,0,0,3,2019,"Treatment",1,0,"GREEN GRAM"
"T300307001",1,"Paddy","Monsoon",3,8,10,2,1,4,4,1,0,0,2,2019,"Treatment",1,40,"PADDY"
"T300307001",2,"Wheat","Winter",8,12,10,2,1,2,2.5,1,0,0,2,2019,"Treatment",1,20,"WHEAT"
"T302602009",1,"Paddy","Monsoon",3,7,80,3,1.5,6,4,1,40,27,2,2019,"Treatment",1,720,"PADDY"
"T302602009",2,"Wheat","Winter",7,12,40,3,1.5,2,3,1,50,28,2,2019,"Treatment",1,120,"WHEAT"
"T302602009",3,"Maize","Winter",7,11,20,2,1,5,10,1,100,35,2,2019,"Treatment",1,100,"MAIZE"
"T302602009",33,"Pulses","Winter",7,11,20,0,0,0,40,3,0,0,2,2019,"Treatment",1,0,"OTHER PULSES"
"T302602009",1,"Paddy","Summer",11,0,20,2,0,1,0,0,0,0,2,2019,"Treatment",1,0,"PADDY"
"T304802122",1,"Paddy","Monsoon",3,8,25,2,1,3,4,1,0,0,1,2019,"Treatment",1,75,"PADDY"
"T304802122",2,"Wheat","Winter",8,12,10,2,1,1,2,1,0,0,1,2019,"Treatment",1,10,"WHEAT"
"T304802122",33,"Pulses","Winter",8,12,5,2,1,0,20,3,0,0,1,2019,"Treatment",1,0,"OTHER PULSES"
"T304802122",37,"Vegetables","Winter",8,3,10,2,1,15,0,0,100,25,1,2019,"Treatment",1,150,"GREEN LEAFY VEGETABLE"
"T308705001",1,"Paddy","Monsoon",3,8,160,4,1,4,5,1,75,25,2,2019,"Treatment",1,640,"PADDY"
"T308705001",2,"Wheat","Winter",8,12,100,2,1,1,2,1,50,27,2,2019,"Treatment",1,100,"WHEAT"
"T308705001",33,"Pulses","Winter",8,12,60,0,0,0,20,3,25,80,2,2019,"Treatment",1,0,"OTHER PULSES"
"T305001120",1,"Paddy","Monsoon",3,8,100,4,1,4,5,1,50,25,1,2019,"Treatment",1,400,"PADDY"
"T305001120",2,"Wheat","Winter",8,12,50,2,1,1,1.5,1,25,24,1,2019,"Treatment",1,50,"WHEAT"
"T305001120",33,"Pulses","Winter",8,12,50,0,0,0,25,3,20,70,1,2019,"Treatment",1,0,"OTHER PULSES"
"T305001120",61,"Sugarcane","Annual",10,0,140,2,0,0,0,0,0,0,1,2019,"Treatment",1,0,"SUGARCANE"
"T305607005",1,"Paddy","Monsoon",3,8,240,2,1,4,5,1,50,26,2,2019,"Treatment",1,960,"PADDY"
"T305607005",2,"Wheat","Winter",8,12,200,2,1,1,2,1,45,28,2,2019,"Treatment",1,200,"WHEAT"
"T305607005",33,"Pulses","Winter",8,12,40,0,0,0,25,3,0,0,2,2019,"Treatment",1,0,"OTHER PULSES"
"T305607005",1,"Paddy","Summer",1,0,40,0,0,0,4,1,50,60,2,2019,"Treatment",1,0,"PADDY"
"T300608006",1,"Paddy","Monsoon",3,8,180,2,1,4,4,1,75,26,2,2019,"Treatment",1,720,"PADDY"
"T300608006",2,"Wheat","Winter",8,12,160,2,1,2,2,1,75,28,2,2019,"Treatment",1,320,"WHEAT"
"T300608006",33,"Pulses","Winter",8,12,20,0,0,0,20,3,25,100,2,2019,"Treatment",1,0,"RED LENTILS"
"T308703001",1,"Paddy","Monsoon",3,8,51,2,1,4,4,1,0,0,2,2019,"Treatment",1,204,"PADDY"
"T308703001",2,"Wheat","Winter",8,12,25,2,1,2,2.5,1,0,0,2,2019,"Treatment",1,50,"WHEAT"
"T308703001",33,"Pulses","Winter",8,12,26,0,0,0,20,3,0,0,2,2019,"Treatment",1,0,"RED LENTILS"
"T308703001",1,"Paddy","Summer",12,3,8,2,1,3,0,0,0,0,2,2019,"Treatment",1,24,"PADDY"
"T305607004",1,"Paddy","Monsoon",3,8,100,4,1,4,4,1,75,27,2,2019,"Treatment",1,400,"PADDY"
"T305607004",2,"Wheat","Winter",8,12,50,2,1,1,1,1,50,26,2,2019,"Treatment",1,50,"WHEAT"
"T305607004",33,"Pulses","Winter",8,12,50,0,0,0,20,3,20,100,2,2019,"Treatment",1,0,"OTHER PULSES"
"T305607004",1,"Paddy","Summer",12,0,0,0,0,0,0,0,0,0,2,2019,"Treatment",1,0,"PADDY"
"T304802123",1,"Paddy","Monsoon",3,8,25,2,1,4,4,1,0,0,1,2019,"Treatment",1,100,"PADDY"
"T304802123",2,"Wheat","Winter",8,12,20,2,1,2,2.5,1,0,0,1,2019,"Treatment",1,40,"WHEAT"
"T304802123",33,"Pulses","Winter",8,12,5,0,0,0,20,3,0,0,1,2019,"Treatment",1,0,"RED LENTILS"
"T304905099",1,"Paddy","Monsoon",3,8,40,4,1,4,4,1,0,0,1,2019,"Control",0,160,"PADDY"
"T304905099",2,"Wheat","Winter",8,12,40,2,1,1,1.5,1,0,0,1,2019,"Control",0,40,"WHEAT"
"T304905099",27,"Pulses","Summer",1,0,12,0,0,0,0,0,0,0,1,2019,"Control",0,0,"GREEN GRAM"
"T302608031",1,"Paddy","Monsoon",3,8,55,4,1,4,4,1,75,22,2,2019,"Control",0,220,"PADDY"
"T302608031",2,"Wheat","Winter",8,12,55,4,1,1,2,1,75,25,2,2019,"Control",0,55,"WHEAT"
"T304901100",1,"Paddy","Monsoon",3,8,6,4,1,5,4,1,0,0,1,2019,"Control",0,30,"PADDY"
"T304901100",2,"Wheat","Winter",8,12,6,2,1,1,2,1,0,0,1,2019,"Control",0,6,"WHEAT"
"T307408001",1,"Paddy","Monsoon",3,7,30,4,1,6,4,1,0,0,3,2019,"Control",0,180,"PADDY"
"T307408001",2,"Wheat","Winter",7,12,30,4,1,1,2.5,1,0,0,3,2019,"Control",0,30,"WHEAT"
"T301503134",1,"Paddy","Monsoon",3,7,10,2,1,5,4,1,0,0,1,2019,"Control",0,50,"PADDY"
"T301503134",2,"Wheat","Winter",7,12,10,2,1,2,2.5,1,0,0,1,2019,"Control",0,20,"WHEAT"
"T301503134",27,"Pulses","Summer",12,0,10,0,0,0,0,0,0,0,1,2019,"Control",0,0,"GREEN GRAM"
"T309504024",1,"Paddy","Monsoon",3,7,30,3,1,6,4,1,0,0,2,2019,"Control",0,180,"PADDY"
"T309504024",2,"Wheat","Winter",7,12,15,3,1,2,3,1,0,0,2,2019,"Control",0,30,"WHEAT"
"T309504024",33,"Pulses","Winter",7,11,15,1,1,0,40,3,0,0,2,2019,"Control",0,0,"RED LENTILS"
"T304308003",1,"Paddy","Monsoon",3,7,20,2,1.5,5,4,1,0,0,3,2019,"Control",0,150,"PADDY"
"T304308003",2,"Wheat","Winter",7,11,20,2,1.5,2,2.5,1,0,0,3,2019,"Control",0,60,"WHEAT"
"T304308003",61,"Sugarcane","Annual",11,0,40,2,1.5,15,0,0,0,0,3,2019,"Control",0,900,"SUGARCANE"
"T301503081",1,"Paddy","Monsoon",3,6,80,4,1,5,4,1,50,24,1,2019,"Control",0,400,"PADDY"
"T301503081",2,"Wheat","Winter",6,11,40,4,1,2,2.5,1,60,26,1,2019,"Control",0,80,"WHEAT"
"T301503081",33,"Pulses","Winter",6,10,40,1,0,0,25,3,0,0,1,2019,"Control",0,0,"RED LENTILS"
"T301503081",61,"Sugarcane","Summer",11,0,40,4,1,0,0,0,0,0,1,2019,"Control",0,0,"SUGARCANE"
"T302608029",1,"Paddy","Monsoon",3,8,40,4,1,6,4,1,25,25,2,2019,"Control",0,240,"PADDY"
"T302608029",2,"Wheat","Winter",8,12,30,4,1,2,2,1,0,0,2,2019,"Control",0,60,"WHEAT"
"T302608029",33,"Pulses","Winter",8,12,10,0,0,0,25,3,0,0,2,2019,"Control",0,0,"RED LENTILS"
"T302608029",1,"Paddy","Summer",12,3,40,4,1,7,4,1,0,0,2,2019,"Control",0,280,"PADDY"
"T309009013",1,"Paddy","Monsoon",3,7,40,3,1.5,5,4,1,0,0,2,2019,"Control",0,300,"PADDY"
"T309009013",2,"Wheat","Winter",7,12,22,3,1.5,2,2.5,1,0,0,2,2019,"Control",0,66,"WHEAT"
"T309009013",33,"Pulses","Winter",7,12,18,1,0,0,25,3,0,0,2,2019,"Control",0,0,"RED LENTILS"
"T309009013",1,"Paddy","Summer",12,0,22,3,1.5,7,0,0,0,0,2,2019,"Control",0,231,"PADDY"
"T302608003",1,"Paddy","Monsoon",3,7,100,3,1.5,6,3.5,1,40,24,2,2019,"Control",0,900,"PADDY"
"T302608003",2,"Wheat","Winter",7,11,100,3,2,2,2.5,1,50,27,2,2019,"Control",0,400,"WHEAT"
"T302607029",1,"Paddy","Monsoon",3,7,50,3,1,5,4,1,20,26,2,2019,"Control",0,250,"PADDY"
"T302607029",2,"Wheat","Winter",7,12,20,3,1,2,2.5,1,20,25,2,2019,"Control",0,40,"WHEAT"
"T302607029",3,"Maize","Winter",7,12,30,3,1,4,9,1,100,36,2,2019,"Control",0,120,"MAIZE"
"T302607029",1,"Paddy","Summer",12,0,20,3,1,6,0,0,0,0,2,2019,"Control",0,120,"PADDY"
"T306708132",1,"Paddy","Monsoon",3,7,40,4,1.5,5,4,1,0,0,1,2019,"Control",0,300,"PADDY"
"T306708132",2,"Wheat","Winter",7,12,20,2,1.5,2,3,1,10,26,1,2019,"Control",0,60,"WHEAT"
"T306708132",27,"Pulses","Summer",12,0,10,0,0,0,0,0,0,0,1,2019,"Control",0,0,"GREEN GRAM"
"T309303010",1,"Paddy","Monsoon",3,7,35,3,1,4,4,1,0,0,2,2019,"Control",0,140,"PADDY"
"T309303010",2,"Wheat","Winter",7,12,35,3,1,1,3,1,20,24,2,2019,"Control",0,35,"WHEAT"
"T309303010",27,"Pulses","Summer",12,0,15,3,0,0,0,0,0,0,2,2019,"Control",0,0,"GREEN GRAM"
"T303806078",1,"Paddy","Monsoon",3,7,30,3,1.5,4,3.5,1,0,0,1,2019,"Control",0,180,"PADDY"
"T303806078",2,"Wheat","Winter",7,12,15,3,1.5,1,2.5,1,0,0,1,2019,"Control",0,22.5,"WHEAT"
"T303807077",1,"Paddy","Monsoon",3,7,18,3,0.5,5,3.5,1,0,0,1,2019,"Control",0,45,"PADDY"
"T303807077",2,"Wheat","Winter",7,12,18,3,0.5,1,2.5,1,0,0,1,2019,"Control",0,9,"WHEAT"
"T302607006",1,"Paddy","Monsoon",3,7,45,3,1,4,3.5,1,30,26,2,2019,"Control",0,180,"PADDY"
"T302607006",2,"Wheat","Winter",7,12,15,3,1,1,2.5,1,0,0,2,2019,"Control",0,15,"WHEAT"
"T302607006",3,"Maize","Winter",8,1,30,2,1,4,10,1,100,35,2,2019,"Control",0,120,"MAIZE"
"T305104033",1,"Paddy","Monsoon",3,7,25,2,1,5,4,1,0,0,2,2019,"Control",0,125,"PADDY"
"T305104033",2,"Wheat","Winter",8,12,25,2,1,2,2.5,1,0,0,2,2019,"Control",0,50,"WHEAT"
"T302608032",1,"Paddy","Monsoon",3,7,60,3,1,5,4,1,50,27,2,2019,"Control",0,300,"PADDY"
"T302608032",2,"Wheat","Winter",7,12,40,3,1,2,2.5,1,60,26,2,2019,"Control",0,80,"WHEAT"
"T302608032",3,"Maize","Winter",7,1,20,2,1,4,7.5,1,99,34,2,2019,"Control",0,80,"MAIZE"
"T300603032",1,"Paddy","Monsoon",3,7,30,3,1.5,6,4.5,1,0,0,2,2019,"Control",0,270,"PADDY"
"T300603032",2,"Wheat","Winter",7,12,20,3,1.5,2,3,1,0,0,2,2019,"Control",0,60,"WHEAT"
"T300603032",22,"Pulses","Winter",7,11,10,3,1.5,1,30,3,50,45,2,2019,"Control",0,15,"GRASS PEA"
"T302608026",1,"Paddy","Monsoon",3,7,45,3,1.5,6,4,1,20,23,2,2019,"Control",0,405,"PADDY"
"T302608026",2,"Wheat","Winter",7,11,10,3,1.5,2,3,1,0,0,2,2019,"Control",0,30,"WHEAT"
"T302608026",3,"Maize","Winter",7,12,15,3,1.5,4,8,1,90,34,2,2019,"Control",0,90,"MAIZE"
"T302608026",33,"Pulses","Winter",7,11,20,0,0,0,25,3,0,0,2,2019,"Control",0,0,"RED LENTILS"
"T302608026",1,"Paddy","Summer",11,0,10,3,1.5,0,0,0,0,0,2,2019,"Control",0,0,"PADDY"
"T303505004",1,"Paddy","Monsoon",3,7,60,3,1,4,3.5,1,40,24,3,2019,"Control",0,240,"PADDY"
"T303505004",2,"Wheat","Winter",7,12,60,3,1,2,2.5,1,50,26,3,2019,"Control",0,120,"WHEAT"
"T303505004",27,"Pulses","Summer",12,0,20,3,0,0,0,0,0,0,3,2019,"Control",0,0,"GREEN GRAM"
"T304804086",1,"Paddy","Monsoon",3,8,30,4,1,4,4,1,0,0,1,2019,"Control",0,120,"PADDY"
"T304804086",2,"Wheat","Winter",8,12,20,4,1,2,2,1,50,28,1,2019,"Control",0,40,"WHEAT"
"T304804086",33,"Pulses","Winter",8,12,10,0,0,0,15,3,0,0,1,2019,"Control",0,0,"RED LENTILS"
"T301503071",1,"Paddy","Monsoon",3,8,30,2,1,4,4,1,0,0,1,2019,"Control",0,120,"PADDY"
"T301503071",2,"Wheat","Winter",8,12,30,2,1,2,2,1,0,0,1,2019,"Control",0,60,"WHEAT"
"T301503071",61,"Sugarcane","Annual",11,10,40,2,1,4,15,4,100,531,1,2019,"Control",0,160,"SUGARCANE"
"T304808083",1,"Paddy","Monsoon",3,8,28,2,1,4,4,1,0,0,1,2019,"Control",0,112,"PADDY"
"T304808083",2,"Wheat","Winter",8,12,28,2,1,2,2,1,0,0,1,2019,"Control",0,56,"WHEAT"
"T300409001",1,"Paddy","Monsoon",3,8,35,4,1,4,4,1,25,22,2,2019,"Control",0,140,"PADDY"
"T300409001",2,"Wheat","Winter",8,12,20,4,1,1,2,1,0,0,2,2019,"Control",0,20,"WHEAT"
"T300409001",33,"Pulses","Winter",8,12,15,0,0,0,20,3,0,0,2,2019,"Control",0,0,"OTHER PULSES"
"T300409001",1,"Paddy","Summer",1,0,10,4,1,4,4,1,0,0,2,2019,"Control",0,40,"PADDY"
"T304705090",1,"Paddy","Monsoon",3,7,100,3,1.5,5,4,1,50,26,1,2019,"Control",0,750,"PADDY"
"T304705090",2,"Wheat","Winter",7,12,40,2,1,3,3,1,50,27,1,2019,"Control",0,120,"WHEAT"
"T304705090",3,"Maize","Winter",7,12,20,2,1,5,9,1,0,0,1,2019,"Control",0,100,"MAIZE"
"T304705090",33,"Pulses","Winter",7,11,25,0,0,0,40,3,0,0,1,2019,"Control",0,0,"RED LENTILS"
"T304705090",22,"Pulses","Winter",7,11,15,0,0,0,30,3,80,45,1,2019,"Control",0,0,"GRASS PEA"
"T304705090",1,"Paddy","Summer",11,0,20,2,1,0,0,0,0,0,1,2019,"Control",0,0,"PADDY"
"T304705090",27,"Pulses","Summer",11,0,10,0,0,0,0,0,0,0,1,2019,"Control",0,0,"GREEN GRAM"
"T300607023",1,"Paddy","Monsoon",3,8,40,4,1,4,4,1,50,25,2,2019,"Control",0,160,"PADDY"
"T300607023",2,"Wheat","Winter",8,12,40,4,1,1,1.5,1,25,27,2,2019,"Control",0,40,"WHEAT"
"T300601005",1,"Paddy","Monsoon",3,8,40,3,1,5,4,1,75,22,2,2019,"Control",0,200,"PADDY"
"T300601005",2,"Wheat","Winter",8,12,30,3,1,1,1,1,50,25,2,2019,"Control",0,30,"WHEAT"
"T300601005",33,"Pulses","Winter",8,12,10,0,0,0,20,3,0,0,2,2019,"Control",0,0,"OTHER PULSES"
"T300601005",1,"Paddy","Summer",1,0,8,3,1,6,0,0,0,0,2,2019,"Control",0,48,"PADDY"
"T307001095",1,"Paddy","Monsoon",3,8,80,4,1,4,5,1,25,23,1,2019,"Control",0,320,"PADDY"
"T307001095",2,"Wheat","Winter",8,12,60,2,1,1,2,1,0,0,1,2019,"Control",0,60,"WHEAT"
"T307001095",33,"Pulses","Winter",8,12,20,0,0,0,1,1,0,0,1,2019,"Control",0,0,"OTHER PULSES"
"T300401028",1,"Paddy","Monsoon",3,8,60,3,1,5,4,1,50,23,2,2019,"Control",0,300,"PADDY"
"T300401028",2,"Wheat","Winter",8,12,50,3,1,2,2,1,50,27,2,2019,"Control",0,100,"WHEAT"
"T300401028",33,"Pulses","Winter",8,12,10,0,0,0,20,3,0,0,2,2019,"Control",0,0,"RED LENTILS"
"T300401028",1,"Paddy","Summer",12,3,20,4,1,6,3,1,100,22,2,2019,"Control",0,120,"PADDY"
"T305602001",1,"Paddy","Monsoon",3,8,270,4,1,5,4,1,75,25,2,2019,"Control",0,1350,"PADDY"
"T305602001",2,"Wheat","Winter",8,12,270,2,1,1,2,1,75,24,2,2019,"Control",0,270,"WHEAT"
"T303603009",1,"Paddy","Monsoon",3,8,40,4,1,5,4,1,50,23,2,2019,"Control",0,200,"PADDY"
"T303603009",2,"Wheat","Winter",8,12,40,4,1,1,1,1,50,22,2,2019,"Control",0,40,"WHEAT"
"T302606024",1,"Paddy","Monsoon",3,8,20,3,1,6,4,1,0,0,2,2019,"Control",0,120,"PADDY"
"T302606024",2,"Wheat","Winter",8,12,20,3,1,2,2,1,0,0,2,2019,"Control",0,40,"WHEAT"
"T302606024",3,"Maize","Summer",12,3,10,3,1,7,4,1,100,22,2,2019,"Control",0,70,"MAIZE"
"T301502070",1,"Paddy","Monsoon",3,8,10,4,1,5,4,1,0,0,1,2019,"Control",0,50,"PADDY"
"T301502070",2,"Wheat","Winter",8,12,5,2,1,2,3,1,0,0,1,2019,"Control",0,10,"WHEAT"
"T301502070",33,"Pulses","Winter",8,12,5,0,0,0,6,2,0,0,1,2019,"Control",0,0,"RED LENTILS"
"T301502070",33,"Pulses","Summer",12,3,10,2,1,1,0,0,0,0,1,2019,"Control",0,10,"OTHER PULSES"
"T302609007",1,"Paddy","Monsoon",3,8,40,4,1,4,4,1,40,25,2,2019,"Control",0,160,"PADDY"
"T302609007",2,"Wheat","Winter",8,12,40,2,1,1,1,1,50,23,2,2019,"Control",0,40,"WHEAT"
"T305404026",1,"Paddy","Monsoon",3,8,100,4,1,6,4,1,50,25,2,2019,"Control",0,600,"PADDY"
"T305404026",2,"Wheat","Winter",8,1,50,4,1,3,2,1,25,25,2,2019,"Control",0,150,"WHEAT"
"T305404026",33,"Pulses","Winter",8,12,50,0,0,0,1,1,25,50,2,2019,"Control",0,0,"RED LENTILS"
"T305404026",1,"Paddy","Summer",12,3,50,4,1,6,3,1,0,0,2,2019,"Control",0,300,"PADDY"
"T302608033",1,"Paddy","Monsoon",3,8,80,2,1,5,4,1,50,25,2,2019,"Control",0,400,"PADDY"
"T302608033",2,"Wheat","Winter",8,12,80,2,1,1,1,1,50,27,2,2019,"Control",0,80,"WHEAT"
"T302608033",1,"Paddy","Summer",12,3,30,2,1,6,4,1,0,0,2,2019,"Control",0,180,"PADDY"
"T304706131",1,"Paddy","Monsoon",3,8,25,2,1,5,3,1,0,0,1,2019,"Control",0,125,"PADDY"
"T302606012",1,"Paddy","Monsoon",3,8,40,4,1,4,5,1,25,25,2,2019,"Control",0,160,"PADDY"
"T302606012",2,"Wheat","Winter",8,12,20,4,1,1,2,1,0,0,2,2019,"Control",0,20,"WHEAT"
"T302606012",33,"Pulses","Winter",8,12,20,0,0,0,25,3,0,0,2,2019,"Control",0,0,"OTHER PULSES"
"T302606012",27,"Pulses","Summer",1,0,10,0,0,0,20,3,10,50,2,2019,"Control",0,0,"GREEN GRAM"
"T304707109",1,"Paddy","Monsoon",3,7,60,4,1,5,2,1,50,20,1,2019,"Control",0,300,"PADDY"
"T304707109",2,"Wheat","Winter",8,12,60,4,1,1,15,3,20,25,1,2019,"Control",0,60,"WHEAT"
"T304705128",1,"Paddy","Monsoon",3,8,20,4,1,4,4,1,0,0,1,2019,"Control",0,80,"PADDY"
"T304705128",2,"Wheat","Winter",8,12,20,4,1,2,3,1,25,25,1,2019,"Control",0,40,"WHEAT"
"T304705128",1,"Paddy","Summer",1,3,12,4,1,4,0,0,0,0,1,2019,"Control",0,48,"PADDY"
"T301808003",1,"Paddy","Monsoon",3,8,30,2,1,4,4,1,0,0,3,2019,"Control",0,120,"PADDY"
"T301808003",2,"Wheat","Winter",8,12,30,2,1,2,2.5,1,50,28,3,2019,"Control",0,60,"WHEAT"
"T305105014",1,"Paddy","Monsoon",3,7,50,3,1.5,5,4,1,0,0,2,2019,"Control",0,375,"PADDY"
"T305105014",2,"Wheat","Winter",7,11,15,2,1,2,2.5,1,0,0,2,2019,"Control",0,30,"WHEAT"
"T305105014",3,"Maize","Winter",7,12,20,2,1,4,9,1,100,36,2,2019,"Control",0,80,"MAIZE"
"T305105014",33,"Pulses","Winter",7,11,15,0,0,0,25,3,0,0,2,2019,"Control",0,0,"RED LENTILS"
"T305105014",1,"Paddy","Summer",11,0,15,2,1,0,0,0,0,0,2,2019,"Control",0,0,"PADDY"
"T302501007",1,"Paddy","Monsoon",3,7,40,4,1.5,5,3.5,1,30,27,3,2019,"Control",0,300,"PADDY"
"T302501007",2,"Wheat","Winter",7,11,30,4,1.5,2,2.5,1,40,28,3,2019,"Control",0,90,"WHEAT"
"T302501007",33,"Pulses","Winter",7,11,10,0,0,0,30,3,0,0,3,2019,"Control",0,0,"OTHER PULSES"
"T302501007",1,"Paddy","Summer",11,0,20,2,1,6,0,0,0,0,3,2019,"Control",0,120,"PADDY"
"T302501007",27,"Pulses","Summer",11,0,10,0,0,0,0,0,0,0,3,2019,"Control",0,0,"GREEN GRAM"
"T302608007",1,"Paddy","Monsoon",3,7,45,4,1.5,5,3.5,1,0,0,2,2019,"Control",0,337.5,"PADDY"
"T302608007",2,"Wheat","Winter",7,12,30,4,1.5,3,2.5,1,0,0,2,2019,"Control",0,135,"WHEAT"
"T302608007",33,"Pulses","Winter",7,11,15,0,0,0,30,3,0,0,2,2019,"Control",0,0,"RED LENTILS"
"T302608007",27,"Pulses","Summer",12,0,15,0,0,0,0,0,0,0,2,2019,"Control",0,0,"GREEN GRAM"
"T302602008",1,"Paddy","Monsoon",3,8,40,4,1,4,4,1,50,25,2,2019,"Control",0,160,"PADDY"
"T302602008",2,"Wheat","Winter",8,12,25,4,1,1,1,1,0,0,2,2019,"Control",0,25,"WHEAT"
"T302602008",33,"Pulses","Winter",8,12,15,0,0,0,20,3,0,0,2,2019,"Control",0,0,"OTHER PULSES"
"T302602008",27,"Pulses","Summer",1,0,12,0,0,0,0,0,0,0,2,2019,"Control",0,0,"GREEN GRAM"
"T305006119",1,"Paddy","Winter",3,8,25,4,1,3,4,1,0,0,1,2019,"Control",0,75,"PADDY"
"T305006119",2,"Wheat","Winter",7,12,25,4,1,1,10,3,0,0,1,2019,"Control",0,25,"WHEAT"
"T305006119",61,"Sugarcane","Annual",10,0,8,1,0,0,0,0,0,0,1,2019,"Control",0,0,"SUGARCANE"
"T307103093",1,"Paddy","Monsoon",3,8,50,4,1,4,4,1,0,0,1,2019,"Control",0,200,"PADDY"
"T307103093",2,"Wheat","Winter",8,12,25,4,1,2,2.5,1,0,0,1,2019,"Control",0,50,"WHEAT"
"T307103093",33,"Pulses","Winter",8,12,25,0,0,0,20,3,0,0,1,2019,"Control",0,0,"RED LENTILS"
"T303906006",1,"Paddy","Monsoon",3,8,70,4,1,4,4,1,0,0,3,2019,"Control",0,280,"PADDY"
"T303906006",2,"Wheat","Winter",8,12,40,4,1,2,2,1,0,0,3,2019,"Control",0,80,"WHEAT"
"T303906006",33,"Pulses","Winter",8,12,30,0,0,0,20,3,0,0,3,2019,"Control",0,0,"OTHER PULSES"
"T304702127",1,"Paddy","Monsoon",3,8,20,1,0,0,4,1,0,0,1,2019,"Control",0,0,"PADDY"
"T304702127",2,"Wheat","Winter",8,12,6,1,1,1,2,1,0,0,1,2019,"Control",0,6,"WHEAT"
"T304702127",3,"Maize","Winter",8,2,14,1,4,1,6,1,0,0,1,2019,"Control",0,56,"MAIZE"
"T304706130",1,"Paddy","Monsoon",3,8,60,2,1,4,4,1,25,20,1,2019,"Control",0,240,"PADDY"
"T304706130",33,"Pulses","Winter",8,12,20,0,0,0,10,3,0,0,1,2019,"Control",0,0,"RED LENTILS"
"T304706130",2,"Wheat","Winter",8,12,20,2,1,2,2,1,0,0,1,2019,"Control",0,40,"WHEAT"
"T304706130",3,"Maize","Winter",9,2,20,2,1,5,6,1,100,28,1,2019,"Control",0,100,"MAIZE"
"T302409104",1,"Paddy","Monsoon",3,8,20,4,1,4,4,1,0,0,1,2019,"Control",0,80,"PADDY"
"T302409104",2,"Wheat","Winter",8,12,20,4,1,2,2,1,0,0,1,2019,"Control",0,40,"WHEAT"
"T302409104",27,"Pulses","Summer",1,0,20,1,0,0,0,0,0,0,1,2019,"Control",0,0,"GREEN GRAM"
"T300509098",1,"Paddy","Monsoon",3,8,26,4,1,4,4,1,0,0,1,2019,"Control",0,104,"PADDY"
"T300509098",2,"Wheat","Winter",8,12,26,4,1,2,2,1,0,0,1,2019,"Control",0,52,"WHEAT"
"T300509098",27,"Pulses","Summer",1,3,10,0,0,0,40,3,25,50,1,2019,"Control",0,0,"GREEN GRAM"
"T300902111",1,"Paddy","Monsoon",3,8,30,2,1,4,4,1,0,0,1,2019,"Control",0,120,"PADDY"
"T300902111",2,"Wheat","Winter",8,12,15,2,1,2,2,1,0,0,1,2019,"Control",0,30,"WHEAT"
"T300902111",33,"Pulses","Winter",8,12,15,0,0,0,20,3,0,0,1,2019,"Control",0,0,"RED LENTILS"
"T301001084",1,"Paddy","Monsoon",3,6,14,2,1.5,6,3.5,1,0,0,1,2019,"Control",0,126,"PADDY"
"T301001084",2,"Wheat","Winter",7,12,14,2,1.5,2,2.5,1,0,0,1,2019,"Control",0,42,"WHEAT"
"T301001084",27,"Pulses","Summer",12,0,14,0,0,0,0,0,0,0,1,2019,"Control",0,0,"GREEN GRAM"
"T301805004",1,"Paddy","Monsoon",3,7,80,4,1.5,5,3.5,1,0,0,3,2019,"Control",0,600,"PADDY"
"T301805004",2,"Wheat","Winter",7,11,30,2,1,2,2.5,1,20,28,3,2019,"Control",0,60,"WHEAT"
"T301805004",3,"Maize","Winter",7,12,20,2,1,4,7,1,100,29,3,2019,"Control",0,80,"MAIZE"
"T301805004",33,"Pulses","Winter",7,11,30,0,0,0,20,3,0,0,3,2019,"Control",0,0,"OTHER PULSES"
"T301805004",1,"Paddy","Summer",11,0,30,2,1,0,0,0,0,0,3,2019,"Control",0,0,"PADDY"
"T301805004",27,"Pulses","Summer",12,0,20,0,0,0,0,0,0,0,3,2019,"Control",0,0,"GREEN GRAM"
"T301503073",1,"Paddy","Monsoon",3,7,20,4,1.5,5,4.5,1,0,0,1,2019,"Control",0,150,"PADDY"
"T301503073",2,"Wheat","Winter",7,11,20,4,1,2,2.5,1,0,0,1,2019,"Control",0,40,"WHEAT"
"T301503073",27,"Pulses","Summer",11,0,20,0,0,0,0,0,0,0,1,2019,"Control",0,0,"GREEN GRAM"
"T305004118",1,"Paddy","Monsoon",3,8,80,2,1.5,4,4,1,50,20,1,2019,"Control",0,480,"PADDY"
"T305004118",2,"Wheat","Winter",8,12,35,2,1,2,2.5,1,40,23,1,2019,"Control",0,70,"WHEAT"
"T305004118",33,"Pulses","Winter",8,12,45,0,0,0,20,3,15,62,1,2019,"Control",0,0,"RED LENTILS"
"T305004118",27,"Pulses","Summer",12,0,10,2,1,1,0,0,0,0,1,2019,"Control",0,10,"GREEN GRAM"
"T305004118",3,"Maize","Summer",12,0,4,2,1,2,0,0,0,0,1,2019,"Control",0,8,"MAIZE"
"T305004118",61,"Sugarcane","Annual",11,0,30,2,1.5,20,0,0,0,0,1,2019,"Control",0,900,"SUGARCANE"
"T304707129",1,"Paddy","Monsoon",3,6,120,4,1.5,5,4,1,0,0,1,2019,"Control",0,900,"PADDY"
"T304707129",2,"Wheat","Winter",7,10,84,4,1,2,3.5,1,60,23,1,2019,"Control",0,168,"WHEAT"
"T304707129",3,"Maize","Winter",7,11,20,4,1.5,4,6.5,1,90,34,1,2019,"Control",0,120,"MAIZE"
"T304707129",43,"Oilseeds","Winter",7,10,16,1,0,0,20,3,0,0,1,2019,"Control",0,0,"MUSTARD"
"T304707129",3,"Maize","Summer",10,0,38,4,1.5,4,0,0,0,0,1,2019,"Control",0,228,"MAIZE"
"T304707129",27,"Pulses","Summer",11,0,47,0,0,0,0,0,0,0,1,2019,"Control",0,0,"GREEN GRAM"
"T304807087",1,"Paddy","Monsoon",3,7,100,4,1.5,5,4,1,50,23,1,2019,"Control",0,750,"PADDY"
"T304807087",2,"Wheat","Winter",7,12,40,4,1.5,3,3,1,50,24,1,2019,"Control",0,180,"WHEAT"
"T304807087",3,"Maize","Winter",7,12,20,2,1,5,8.5,1,100,32,1,2019,"Control",0,100,"MAIZE"
"T304807087",33,"Pulses","Winter",7,11,25,0,0,0,40,3,30,100,1,2019,"Control",0,0,"RED LENTILS"
"T304807087",22,"Pulses","Winter",7,11,15,0,0,0,30,3,60,43,1,2019,"Control",0,0,"GRASS PEA"
"T304807087",1,"Paddy","Summer",11,0,20,2,1,0,0,0,0,0,1,2019,"Control",0,0,"PADDY"
"T304807087",27,"Pulses","Summer",11,0,20,0,0,0,0,0,0,0,1,2019,"Control",0,0,"GREEN GRAM"
"T304807087",61,"Sugarcane","Annual",11,0,40,4,1.5,15,0,0,0,0,1,2019,"Control",0,900,"SUGARCANE"
"T302609002",1,"Paddy","Monsoon",3,7,40,3,1,4,4,1,20,26,2,2019,"Control",0,160,"PADDY"
"T302609002",2,"Wheat","Winter",7,11,10,3,1,1,2.5,1,0,0,2,2019,"Control",0,10,"WHEAT"
"T302609002",3,"Maize","Winter",7,12,30,2,0.75,4,7,1,100,35,2,2019,"Control",0,90,"MAIZE"
"T307006094",1,"Paddy","Monsoon",3,7,80,3,1.5,5,4,1,0,0,1,2019,"Control",0,600,"PADDY"
"T307006094",2,"Wheat","Winter",7,11,50,3,1.5,3,2.5,1,50,26,1,2019,"Control",0,225,"WHEAT"
"T307006094",3,"Maize","Winter",7,12,30,2,1,5,8,1,100,32,1,2019,"Control",0,150,"MAIZE"
"T307006094",1,"Paddy","Summer",12,0,30,2,1,0,0,0,0,0,1,2019,"Control",0,0,"PADDY"
"T307006094",27,"Pulses","Summer",12,0,50,0,0,0,0,0,0,0,1,2019,"Control",0,0,"GREEN GRAM"
"T307006094",61,"Sugarcane","Annual",12,0,10,3,1.5,0,0,0,0,0,1,2019,"Control",0,0,"SUGARCANE"
"T304905101",1,"Paddy","Monsoon",3,8,25,4,1,4,4,1,0,0,1,2019,"Control",0,100,"PADDY"
"T304905101",2,"Wheat","Winter",8,12,20,4,1,2,2,1,0,0,1,2019,"Control",0,40,"WHEAT"
"T304905101",33,"Pulses","Winter",8,12,5,0,0,0,15,3,0,0,1,2019,"Control",0,0,"RED LENTILS"
"T307705125",1,"Paddy","Monsoon",3,8,20,4,1,4,4,1,0,0,1,2019,"Control",0,80,"PADDY"
"T307705125",2,"Wheat","Winter",8,12,20,4,1,2,2.5,1,0,0,1,2019,"Control",0,40,"WHEAT"
"T303806076",1,"Paddy","Monsoon",3,7,30,2,1,6,4,1,0,0,1,2019,"Control",0,180,"PADDY"
"T303806076",2,"Wheat","Winter",7,12,30,2,1,2,3,1,0,0,1,2019,"Control",0,60,"WHEAT"
"T301502069",1,"Paddy","Monsoon",3,7,15,4,1.5,5,4,1,0,0,1,2019,"Control",0,112.5,"PADDY"
"T301502069",2,"Wheat","Winter",7,2,8,4,1,1,2,1,0,0,1,2019,"Control",0,8,"WHEAT"
"T301502069",33,"Pulses","Winter",7,11,7,0,0,0,40,3,0,0,1,2019,"Control",0,0,"RED LENTILS"
"T301502069",61,"Sugarcane","Monsoon",11,5,4,1,1.5,17,0,0,0,0,1,2019,"Control",0,102,"SUGARCANE"
"T301907112",1,"Paddy","Monsoon",3,8,20,4,1,4,4,1,0,0,1,2019,"Control",0,80,"PADDY"
"T301907112",2,"Wheat","Winter",8,12,20,4,1,2,2.5,1,0,0,1,2019,"Control",0,40,"WHEAT"
"T307707110",1,"Paddy","Monsoon",3,8,40,4,1,4,4,1,0,0,1,2019,"Control",0,160,"PADDY"
"T307707110",2,"Wheat","Winter",8,12,30,4,1,2,2.5,1,25,27,1,2019,"Control",0,60,"WHEAT"
"T307707110",22,"Pulses","Winter",8,12,10,0,0,0,1,1,25,50,1,2019,"Control",0,0,"GRASS PEA"
"T307001096",1,"Paddy","Monsoon",3,8,30,4,1,4,4,1,0,0,1,2019,"Control",0,120,"PADDY"
"T307001096",2,"Wheat","Winter",8,12,15,4,1,2,2,1,0,0,1,2019,"Control",0,30,"WHEAT"
"T307001096",33,"Pulses","Winter",8,12,15,0,0,0,20,3,0,0,1,2019,"Control",0,0,"RED LENTILS"
"T307808108",1,"Paddy","Monsoon",3,8,40,4,1,4,4,1,0,0,1,2019,"Control",0,160,"PADDY"
"T307808108",2,"Wheat","Winter",8,12,20,4,1,2,2.5,1,0,0,1,2019,"Control",0,40,"WHEAT"
"T307808108",33,"Pulses","Winter",8,12,20,0,0,0,20,3,0,0,1,2019,"Control",0,0,"RED LENTILS"
"T307003117",1,"Paddy","Monsoon",3,8,100,2,1,4,4,1,0,0,1,2019,"Control",0,400,"PADDY"
"T307003117",2,"Wheat","Winter",8,12,50,2,1,2,2.5,1,0,0,1,2019,"Control",0,100,"WHEAT"
"T307003117",33,"Pulses","Winter",8,12,50,0,0,0,20,3,50,100,1,2019,"Control",0,0,"RED LENTILS"
"T303907079",1,"Paddy","Monsoon",3,8,60,2,1,4,4,1,0,0,1,2019,"Control",0,240,"PADDY"
"T303907079",2,"Wheat","Winter",8,12,30,2,1,2,2.5,1,0,0,1,2019,"Control",0,60,"WHEAT"
"T303907079",3,"Maize","Winter",9,2,30,2,1,5,6,1,100,40,1,2019,"Control",0,150,"MAIZE"
"T303907079",61,"Sugarcane","Annual",11,10,10,2,1,2,15,4,100,535,1,2019,"Control",0,20,"SUGARCANE"
"T308603106",1,"Paddy","Monsoon",3,8,20,4,1,4,4,1,0,0,1,2019,"Control",0,80,"PADDY"
"T308603106",2,"Wheat","Winter",8,12,10,4,1,2,2,1,0,0,1,2019,"Control",0,20,"WHEAT"
"T308603106",33,"Pulses","Winter",8,12,10,0,0,0,20,3,0,0,1,2019,"Control",0,0,"RED LENTILS"
"T308601105",1,"Paddy","Monsoon",3,8,200,2,1,4,4,1,50,26,1,2019,"Control",0,800,"PADDY"
"T308601105",2,"Wheat","Winter",8,12,160,2,1,2,2,1,50,28,1,2019,"Control",0,320,"WHEAT"
"T308601105",33,"Pulses","Winter",8,12,40,0,0,0,20,3,0,0,1,2019,"Control",0,0,"RED LENTILS"
"T301808002",1,"Paddy","Monsoon",3,8,9,2,1,4,4,1,0,0,3,2019,"Control",0,36,"PADDY"
"T301808002",2,"Wheat","Winter",8,12,9,2,1,2,2.5,1,0,0,3,2019,"Control",0,18,"WHEAT"
"T309904032",1,"Paddy","Monsoon",3,8,15,2,1,4,4.5,1,0,0,2,2019,"Control",0,60,"PADDY"
"T309904032",2,"Wheat","Winter",8,12,15,2,1,2,2,1,0,0,2,2019,"Control",0,30,"WHEAT"
"T307103092",1,"Paddy","Monsoon",3,8,70,2,1,4,4,1,25,30,1,2019,"Control",0,280,"PADDY"
"T307103092",2,"Wheat","Winter",8,12,40,2,1,2,2.5,1,50,28,1,2019,"Control",0,80,"WHEAT"
"T307103092",33,"Pulses","Winter",8,12,30,0,0,0,20,3,50,100,1,2019,"Control",0,0,"RED LENTILS"
"T309304113",1,"Paddy","Monsoon",3,8,31,2,1,4,4,1,0,0,1,2019,"Control",0,124,"PADDY"
"T309304113",2,"Wheat","Winter",8,12,20,2,1,2,2,1,0,0,1,2019,"Control",0,40,"WHEAT"
"T309304113",33,"Pulses","Winter",8,12,11,0,0,0,20,3,0,0,1,2019,"Control",0,0,"RED LENTILS"
"T303608010",1,"Paddy","Monsoon",3,8,45,3,1,5,4.5,1,50,26,2,2019,"Control",0,225,"PADDY"
"T303608010",2,"Wheat","Winter",8,12,15,3,1,2,2.5,1,0,0,2,2019,"Control",0,30,"WHEAT"
"T303608010",3,"Maize","Winter",8,2,30,3,1,7,8,1,100,28,2,2019,"Control",0,210,"MAIZE"
"T305001121",1,"Paddy","Monsoon",3,7,200,2,0.5,5,3.5,1,60,27,1,2019,"Control",0,500,"PADDY"
"T305001121",2,"Wheat","Winter",7,12,200,2,0.5,3,2.5,1,70,28,1,2019,"Control",0,300,"WHEAT"
"T305001121",27,"Pulses","Summer",12,0,40,0,0,0,0,0,0,0,1,2019,"Control",0,0,"GREEN GRAM"
"T301602107",1,"Paddy","Monsoon",3,8,20,4,1,4,4,1,0,0,1,2019,"Control",0,80,"PADDY"
"T301602107",2,"Wheat","Winter",8,12,10,4,1,2,2.5,1,0,0,1,2019,"Control",0,20,"WHEAT"
"T301602107",33,"Pulses","Winter",8,12,10,0,0,0,20,3,0,0,1,2019,"Control",0,0,"RED LENTILS"
"T305004088",1,"Paddy","Monsoon",3,8,40,2,1,4,4,1,0,0,1,2019,"Control",0,160,"PADDY"
"T305004088",2,"Wheat","Winter",8,12,20,2,1,2,2,1,0,0,1,2019,"Control",0,40,"WHEAT"
"T305004088",33,"Pulses","Winter",8,12,20,0,0,0,30,3,0,0,1,2019,"Control",0,0,"RED LENTILS"
"T305004088",61,"Sugarcane","Annual",11,0,80,2,1,5,20,4,0,0,1,2019,"Control",0,400,"SUGARCANE"
"T301503080",1,"Paddy","Monsoon",3,8,8,2,1,4,4,1,0,0,1,2019,"Control",0,32,"PADDY"
"T301503080",2,"Wheat","Winter",8,12,8,2,1,2,2,1,0,0,1,2019,"Control",0,16,"WHEAT"
"T301503080",61,"Sugarcane","Summer",11,0,10,2,1,2,15,4,100,531,1,2019,"Control",0,20,"SUGARCANE"
"T304808082",1,"Paddy","Monsoon",3,7,36,3,1.5,5,4,1,0,0,1,2019,"Control",0,270,"PADDY"
"T304808082",2,"Wheat","Winter",7,11,16,2,1,2,3,1,0,0,1,2019,"Control",0,32,"WHEAT"
"T304808082",3,"Maize","Winter",7,12,20,2,1,4,9,1,90,30,1,2019,"Control",0,80,"MAIZE"
"T304808082",27,"Pulses","Summer",12,0,16,0,0,0,0,0,0,0,1,2019,"Control",0,0,"GREEN GRAM"
"T301906103",1,"Paddy","Monsoon",3,7,75,2,1.5,5,3.5,1,0,0,1,2019,"Control",0,562.5,"PADDY"
"T301906103",2,"Wheat","Winter",7,12,45,2,1.5,2,2.5,1,50,27,1,2019,"Control",0,135,"WHEAT"
"T301906103",3,"Maize","Winter",7,12,30,2,1.5,4,8,1,95,32,1,2019,"Control",0,180,"MAIZE"
"T301906103",27,"Pulses","Summer",12,0,20,0,0,0,0,0,0,0,1,2019,"Control",0,0,"GREEN GRAM"
"T302608050",1,"Paddy","Monsoon",3,7,30,3,1.5,5,4,1,0,0,2,2019,"Control",0,225,"PADDY"
"T302608050",2,"Wheat","Winter",7,11,15,3,1.5,2,2.5,1,0,0,2,2019,"Control",0,45,"WHEAT"
"T302608050",3,"Maize","Winter",7,12,15,2,1,4,9,1,100,35,2,2019,"Control",0,60,"MAIZE"
"T302608050",1,"Paddy","Summer",12,0,15,2,1,6,0,0,0,0,2,2019,"Control",0,90,"PADDY"
"T309306011",1,"Paddy","Monsoon",3,8,30,2,1,4,4.5,1,0,0,2,2019,"Control",0,120,"PADDY"
"T309306011",2,"Wheat","Winter",8,12,20,2,1,2,2,1,0,0,2,2019,"Control",0,40,"WHEAT"
"T309306011",3,"Maize","Winter",9,2,10,2,1,5,8,1,100,28,2,2019,"Control",0,50,"MAIZE"
"T307705126",1,"Paddy","Monsoon",3,8,30,4,1,4,4,1,0,0,1,2019,"Control",0,120,"PADDY"
"T307705126",2,"Wheat","Winter",8,12,15,4,1,2,2.5,1,0,0,1,2019,"Control",0,30,"WHEAT"
"T307705126",33,"Pulses","Winter",8,12,15,0,0,0,20,1,0,0,1,2019,"Control",0,0,"RED LENTILS"
"T304906102",1,"Paddy","Monsoon",3,8,10,4,1,4,4,1,0,0,1,2019,"Control",0,40,"PADDY"
"T304906102",2,"Wheat","Winter",8,12,10,4,1,2,2,1,0,0,1,2019,"Control",0,20,"WHEAT"
"T307005097",1,"Paddy","Monsoon",3,8,70,3,1,4,4,1,0,0,1,2019,"Control",0,280,"PADDY"
"T307005097",2,"Wheat","Winter",8,12,50,3,1,2,2.5,1,50,27,1,2019,"Control",0,100,"WHEAT"
"T307005097",33,"Pulses","Winter",8,12,20,0,0,0,20,3,0,0,1,2019,"Control",0,0,"RED LENTILS"
"T302608030",1,"Paddy","Monsoon",3,8,20,4,1,5,4,1,50,25,2,2019,"Control",0,100,"PADDY"
"T302608030",2,"Wheat","Winter",8,12,20,4,1,2,2,1,40,27,2,2019,"Control",0,40,"WHEAT"
"T305404025",1,"Paddy","Monsoon",3,8,100,4,1,4,4,1,25,30,2,2019,"Control",0,400,"PADDY"
"T305404025",2,"Wheat","Winter",8,12,40,4,1,2,2,1,50,28,2,2019,"Control",0,80,"WHEAT"
"T305404025",3,"Maize","Winter",9,2,60,4,1,5,7,1,100,28,2,2019,"Control",0,300,"MAIZE"
"T302004124",1,"Paddy","Monsoon",3,8,70,4,1,4,4,1,0,0,1,2019,"Control",0,280,"PADDY"
"T302004124",2,"Wheat","Winter",8,12,50,4,1,2,2,1,25,26,1,2019,"Control",0,100,"WHEAT"
"T302004124",33,"Pulses","Winter",8,12,20,0,0,0,20,3,0,0,1,2019,"Control",0,0,"RED LENTILS"
"T307006116",1,"Paddy","Monsoon",3,8,40,4,1,4,4,1,0,0,1,2019,"Control",0,160,"PADDY"
"T307006116",2,"Wheat","Winter",8,12,30,4,1,4,2.5,1,0,0,1,2019,"Control",0,120,"WHEAT"
"T307006116",33,"Pulses","Winter",8,12,10,0,0,0,20,3,0,0,1,2019,"Control",0,0,"RED LENTILS"
"T300406089",1,"Paddy","Monsoon",3,8,80,2,1,3,4.5,1,50,23,1,2019,"Treatment",1,240,"PADDY"
"T300406089",2,"Wheat","Winter",8,11,20,2,1,1,2.5,1,80,27,1,2019,"Treatment",1,20,"WHEAT"
"T300406089",33,"Pulses","Winter",8,12,60,0,0,0,20,3,50,60,1,2019,"Treatment",1,0,"OTHER PULSES"
"T300406089",1,"Paddy","Summer",11,3,20,2,1,4,0,0,0,0,1,2019,"Treatment",1,80,"PADDY"
"T300406089",61,"Sugarcane","Annual",10,10,20,2,1,6,20,4,100,350,1,2019,"Treatment",1,120,"SUGARCANE"
