"household_questionnaire_id","season","total_ownland_cultivated","total_land_lease_sharecrop_in","land_lease_sharecrop_out","own_land_fallow","total_land_cultivated","irrigated_out_of_tot_land_cult","district","year","TreatmentControl","TC","season_detail","total_land_cultivated_year","land_for_cultivation"
"T302607029","Monsoon",80,0,20,0,80,0,2,2018,"Control",0,"MONSOON 2074",160,100
"T302607029","Winter",80,0,20,0,80,0,2,2018,"Control",0,"WINTER 2074",160,100
"T302607029","Summer",0,0,0,0,0,0,2,2018,"Control",0,"SUMMER 2075",160,100
"T302607029","Annual",0,0,0,0,0,0,2,2018,"Control",0,"ANNAUL 2074-75",160,100
"T309308027","Monsoon",40,0,0,0,40,20,2,2018,"Control",0,"MONSOON 2074",83,40
"T309308027","Winter",40,0,0,0,40,20,2,2018,"Control",0,"WINTER 2074",83,40
"T309308027","Summer",3,0,0,37,3,20,2,2018,"Control",0,"SUMMER 2075",83,40
"T309308027","Annual",0,0,0,0,0,0,2,2018,"Control",0,"ANNAUL 2074-75",83,40
"T302608026","Monsoon",40,0,60,0,40,30,2,2018,"Control",0,"MONSOON 2074",80,100
"T302608026","Winter",40,0,60,0,40,30,2,2018,"Control",0,"WINTER 2074",80,100
"T302608026","Summer",0,0,0,0,0,0,2,2018,"Control",0,"SUMMER 2075",80,100
"T302608026","Annual",0,0,0,0,0,0,2,2018,"Control",0,"ANNAUL 2074-75",80,100
"T302608031","Monsoon",10,12,0,3,22,10,2,2018,"Control",0,"MONSOON 2074",44,13
"T302608031","Winter",20,23,0,3,22,20,2,2018,"Control",0,"WINTER 2074",44,13
"T302608031","Summer",0,0,0,0,0,0,2,2018,"Control",0,"SUMMER 2075",44,13
"T302608031","Annual",0,0,0,0,0,0,2,2018,"Control",0,"ANNAUL 2074-75",44,13
"T302608030","Monsoon",35,0,0,0,35,12,2,2018,"Control",0,"MONSOON 2074",70,35
"T302608030","Winter",35,0,0,0,35,12,2,2018,"Control",0,"WINTER 2074",70,35
"T302608030","Summer",0,0,0,0,0,0,2,2018,"Control",0,"SUMMER 2075",70,35
"T302608030","Annual",0,0,0,0,0,0,2,2018,"Control",0,"ANNAUL 2074-75",70,35
"T302608029","Monsoon",0,15,0,0,15,15,2,2018,"Control",0,"MONSOON 2074",30,0
"T302608029","Winter",0,15,0,0,15,15,2,2018,"Control",0,"WINTER 2074",30,0
"T302608029","Summer",0,0,0,0,0,0,2,2018,"Control",0,"SUMMER 2075",30,0
"T302608029","Annual",0,0,0,0,0,0,2,2018,"Control",0,"ANNAUL 2074-75",30,0
"T302606024","Monsoon",200,0,60,0,200,40,2,2018,"Control",0,"MONSOON 2074",340,260
"T302606024","Winter",100,0,60,100,100,40,2,2018,"Control",0,"WINTER 2074",340,260
"T302606024","Summer",40,0,0,220,40,40,2,2018,"Control",0,"SUMMER 2075",340,260
"T302606024","Annual",0,0,0,0,0,0,2,2018,"Control",0,"ANNAUL 2074-75",340,260
"T301502075","Monsoon",15,0,0,0,15,10,1,2018,"Control",0,"MONSOON 2074",30,15
"T301502075","Winter",15,0,0,0,15,10,1,2018,"Control",0,"WINTER 2074",30,15
"T301502075","Summer",0,0,0,0,0,0,1,2018,"Control",0,"SUMMER 2075",30,15
"T301502075","Annual",0,0,0,0,0,0,1,2018,"Control",0,"ANNAUL 2074-75",30,15
"T303807077","Monsoon",12,0,0,2,12,6,1,2018,"Control",0,"MONSOON 2074",24,14
"T303807077","Winter",12,0,0,2,12,6,1,2018,"Control",0,"WINTER 2074",24,14
"T303807077","Summer",0,0,0,0,0,0,1,2018,"Control",0,"SUMMER 2075",24,14
"T303807077","Annual",0,0,0,0,0,0,1,2018,"Control",0,"ANNAUL 2074-75",24,14
"T301502070","Monsoon",3,5,0,0,8,8,1,2018,"Control",0,"MONSOON 2074",16,8
"T301502070","Winter",8,0,0,0,8,0,1,2018,"Control",0,"WINTER 2074",16,8
"T301502070","Summer",0,0,0,0,0,0,1,2018,"Control",0,"SUMMER 2075",16,8
"T301502070","Annual",0,0,0,0,0,0,1,2018,"Control",0,"ANNAUL 2074-75",16,8
"T301503071","Monsoon",65,0,0,0,65,20,1,2018,"Control",0,"MONSOON 2074",145,65
"T301503071","Winter",65,0,0,0,65,16,1,2018,"Control",0,"WINTER 2074",145,65
"T301503071","Summer",0,0,0,0,0,0,1,2018,"Control",0,"SUMMER 2075",145,65
"T301503071","Annual",15,0,0,0,15,15,1,2018,"Control",0,"ANNAUL 2074-75",145,65
"T301502072","Monsoon",6,0,0,0,6,6,1,2018,"Control",0,"MONSOON 2074",12,6
"T301502072","Winter",6,0,0,0,6,6,1,2018,"Control",0,"WINTER 2074",12,6
"T301502072","Summer",0,0,0,0,0,0,1,2018,"Control",0,"SUMMER 2075",12,6
"T301502072","Annual",0,0,0,0,0,0,1,2018,"Control",0,"ANNAUL 2074-75",12,6
"T303806076","Monsoon",20,0,0,0,20,8,1,2018,"Control",0,"MONSOON 2074",40,20
"T303806076","Winter",20,0,0,0,20,10,1,2018,"Control",0,"WINTER 2074",40,20
"T303806076","Summer",0,0,0,0,0,0,1,2018,"Control",0,"SUMMER 2075",40,20
"T303806076","Annual",0,0,0,0,0,0,1,2018,"Control",0,"ANNAUL 2074-75",40,20
"T303806078","Monsoon",5,7,0,0,12,8,1,2018,"Control",0,"MONSOON 2074",24,5
"T303806078","Winter",5,7,0,0,12,4,1,2018,"Control",0,"WINTER 2074",24,5
"T303806078","Summer",0,0,0,0,0,0,1,2018,"Control",0,"SUMMER 2075",24,5
"T303806078","Annual",0,0,0,0,0,0,1,2018,"Control",0,"ANNAUL 2074-75",24,5
"T301502069","Monsoon",21,0,0,0,21,4,1,2018,"Control",0,"MONSOON 2074",42,21.7000007629395
"T301502069","Winter",21,0,0,0,21,10,1,2018,"Control",0,"WINTER 2074",42,21.7000007629395
"T301502069","Summer",0,0,0,0,0,0,1,2018,"Control",0,"SUMMER 2075",42,21.7000007629395
"T301502069","Annual",0,0,0,0,0,0,1,2018,"Control",0,"ANNAUL 2074-75",42,21.7000007629395
"T301502074","Monsoon",60,0,0,0,60,20,1,2018,"Control",0,"MONSOON 2074",120,60
"T301502074","Winter",60,0,0,0,60,30,1,2018,"Control",0,"WINTER 2074",120,60
"T301502074","Summer",0,0,0,0,0,0,1,2018,"Control",0,"SUMMER 2075",120,60
"T301502074","Annual",0,0,0,0,0,0,1,2018,"Control",0,"ANNAUL 2074-75",120,60
"T301503073","Monsoon",20,0,0,0,20,5,1,2018,"Control",0,"MONSOON 2074",40,20
"T301503073","Winter",20,0,0,0,20,5,1,2018,"Control",0,"WINTER 2074",40,20
"T301503073","Summer",0,0,0,0,0,0,1,2018,"Control",0,"SUMMER 2075",40,20
"T301503073","Annual",0,0,0,0,0,0,1,2018,"Control",0,"ANNAUL 2074-75",40,20
"T307006094","Monsoon",90,0,0,10,90,90,1,2018,"Control",0,"MONSOON 2074",200,100
"T307006094","Winter",90,0,0,10,90,90,1,2018,"Control",0,"WINTER 2074",200,100
"T307006094","Summer",10,0,0,90,10,10,1,2018,"Control",0,"SUMMER 2075",200,100
"T307006094","Annual",10,0,0,90,10,10,1,2018,"Control",0,"ANNAUL 2074-75",200,100
"T307707110","Monsoon",5,10,0,0,15,15,1,2018,"Control",0,"MONSOON 2074",30,5
"T307707110","Winter",5,10,0,0,15,15,1,2018,"Control",0,"WINTER 2074",30,5
"T307707110","Summer",0,0,0,5,0,0,1,2018,"Control",0,"SUMMER 2075",30,5
"T307707110","Annual",0,0,0,5,0,0,1,2018,"Control",0,"ANNAUL 2074-75",30,5
"T307103092","Monsoon",20,0,0,0,20,20,1,2018,"Control",0,"MONSOON 2074",45,20
"T307103092","Winter",20,0,0,0,20,20,1,2018,"Control",0,"WINTER 2074",45,20
"T307103092","Summer",0,0,0,0,0,0,1,2018,"Control",0,"SUMMER 2075",45,20
"T307103092","Annual",5,0,0,15,5,5,1,2018,"Control",0,"ANNAUL 2074-75",45,20
"T304905099","Monsoon",54,0,0,0,54,54,1,2018,"Control",0,"MONSOON 2074",70,60
"T304905099","Winter",54,0,0,0,10,10,1,2018,"Control",0,"WINTER 2074",70,60
"T304905099","Summer",0,0,0,54,0,0,1,2018,"Control",0,"SUMMER 2075",70,60
"T304905099","Annual",6,0,0,54,6,6,1,2018,"Control",0,"ANNAUL 2074-75",70,60
"T308603106","Monsoon",70,0,0,0,70,70,1,2018,"Control",0,"MONSOON 2074",145,70
"T308603106","Winter",70,0,0,0,70,15,1,2018,"Control",0,"WINTER 2074",145,70
"T308603106","Summer",5,0,0,65,5,5,1,2018,"Control",0,"SUMMER 2075",145,70
"T308603106","Annual",0,0,0,70,0,0,1,2018,"Control",0,"ANNAUL 2074-75",145,70
"T300902111","Monsoon",28,0,0,0,28,28,1,2018,"Control",0,"MONSOON 2074",93,28
"T300902111","Winter",28,0,0,0,28,16,1,2018,"Control",0,"WINTER 2074",93,28
"T300902111","Summer",25,0,0,3,25,25,1,2018,"Control",0,"SUMMER 2075",93,28
"T300902111","Annual",12,0,0,16,12,12,1,2018,"Control",0,"ANNAUL 2074-75",93,28
"T300509098","Monsoon",20,4,0,0,24,24,1,2018,"Control",0,"MONSOON 2074",51,20
"T300509098","Winter",20,0,0,0,24,13,1,2018,"Control",0,"WINTER 2074",51,20
"T300509098","Summer",3,0,0,17,3,3,1,2018,"Control",0,"SUMMER 2075",51,20
"T300509098","Annual",0,0,0,20,0,0,1,2018,"Control",0,"ANNAUL 2074-75",51,20
"T307001096","Monsoon",38,0,0,0,38,38,1,2018,"Control",0,"MONSOON 2074",98,38
"T307001096","Winter",38,0,0,0,38,38,1,2018,"Control",0,"WINTER 2074",98,38
"T307001096","Summer",0,0,0,38,0,0,1,2018,"Control",0,"SUMMER 2075",98,38
"T307001096","Annual",22,0,0,16,22,22,1,2018,"Control",0,"ANNAUL 2074-75",98,38
"T308601105","Monsoon",95,0,0,25,95,95,1,2018,"Control",0,"MONSOON 2074",235,120
"T308601105","Winter",95,0,0,25,95,95,1,2018,"Control",0,"WINTER 2074",235,120
"T308601105","Summer",20,0,0,100,20,20,1,2018,"Control",0,"SUMMER 2075",235,120
"T308601105","Annual",25,0,0,95,25,25,1,2018,"Control",0,"ANNAUL 2074-75",235,120
"T307005097","Monsoon",25,0,0,0,25,25,1,2018,"Control",0,"MONSOON 2074",50,25
"T307005097","Winter",25,0,0,0,25,25,1,2018,"Control",0,"WINTER 2074",50,25
"T307005097","Summer",0,0,0,25,0,0,1,2018,"Control",0,"SUMMER 2075",50,25
"T307005097","Annual",0,0,0,25,0,0,1,2018,"Control",0,"ANNAUL 2074-75",50,25
"T301602107","Monsoon",40,0,0,0,40,40,1,2018,"Control",0,"MONSOON 2074",80,40
"T301602107","Winter",40,0,0,0,40,20,1,2018,"Control",0,"WINTER 2074",80,40
"T301602107","Summer",0,0,0,40,0,0,1,2018,"Control",0,"SUMMER 2075",80,40
"T301602107","Annual",0,0,0,40,0,0,1,2018,"Control",0,"ANNAUL 2074-75",80,40
"T301907112","Monsoon",6,0,0,0,6,6,1,2018,"Control",0,"MONSOON 2074",12,6
"T301907112","Winter",6,0,0,0,6,6,1,2018,"Control",0,"WINTER 2074",12,6
"T301907112","Summer",0,0,0,6,0,0,1,2018,"Control",0,"SUMMER 2075",12,6
"T301907112","Annual",0,0,0,6,0,0,1,2018,"Control",0,"ANNAUL 2074-75",12,6
"T304901100","Monsoon",7,0,0,0,7,7,1,2018,"Control",0,"MONSOON 2074",14,7
"T304901100","Winter",7,0,0,0,7,7,1,2018,"Control",0,"WINTER 2074",14,7
"T304901100","Summer",0,0,0,7,0,0,1,2018,"Control",0,"SUMMER 2075",14,7
"T304901100","Annual",0,0,0,7,0,0,1,2018,"Control",0,"ANNAUL 2074-75",14,7
"T304905101","Monsoon",30,0,0,0,30,30,1,2018,"Control",0,"MONSOON 2074",60,30
"T304905101","Winter",30,0,0,0,30,15,1,2018,"Control",0,"WINTER 2074",60,30
"T304905101","Summer",0,0,0,30,0,0,1,2018,"Control",0,"SUMMER 2075",60,30
"T304905101","Annual",0,0,0,30,0,0,1,2018,"Control",0,"ANNAUL 2074-75",60,30
"T304906102","Monsoon",8,0,0,0,8,8,1,2018,"Control",0,"MONSOON 2074",16,8
"T304906102","Winter",8,0,0,0,8,8,1,2018,"Control",0,"WINTER 2074",16,8
"T304906102","Summer",0,0,0,8,0,0,1,2018,"Control",0,"SUMMER 2075",16,8
"T304906102","Annual",0,0,0,8,0,0,1,2018,"Control",0,"ANNAUL 2074-75",16,8
"T302409104","Monsoon",7,0,0,0,7,7,1,2018,"Control",0,"MONSOON 2074",21,7
"T302409104","Winter",7,0,0,0,7,7,1,2018,"Control",0,"WINTER 2074",21,7
"T302409104","Summer",7,0,0,0,7,7,1,2018,"Control",0,"SUMMER 2075",21,7
"T302409104","Annual",7,0,0,7,0,0,1,2018,"Control",0,"ANNAUL 2074-75",21,7
"T307103093","Monsoon",50,0,0,0,50,50,1,2018,"Control",0,"MONSOON 2074",110,50
"T307103093","Winter",50,0,0,0,50,50,1,2018,"Control",0,"WINTER 2074",110,50
"T307103093","Summer",0,0,0,0,0,0,1,2018,"Control",0,"SUMMER 2075",110,50
"T307103093","Annual",10,0,0,40,10,10,1,2018,"Control",0,"ANNAUL 2074-75",110,50
"T307705126","Monsoon",40,0,0,0,40,30,1,2018,"Control",0,"MONSOON 2074",120,40
"T307705126","Winter",40,0,0,0,40,5,1,2018,"Control",0,"WINTER 2074",120,40
"T307705126","Summer",0,0,0,40,40,0,1,2018,"Control",0,"SUMMER 2075",120,40
"T307705126","Annual",0,0,0,0,0,0,1,2018,"Control",0,"ANNAUL 2074-75",120,40
"T307003117","Monsoon",0,0,0,0,70,45,1,2018,"Control",0,"MONSOON 2074",170,70
"T307003117","Winter",70,0,0,0,70,35,1,2018,"Control",0,"WINTER 2074",170,70
"T307003117","Summer",0,0,0,0,0,0,1,2018,"Control",0,"SUMMER 2075",170,70
"T307003117","Annual",30,0,0,0,30,20,1,2018,"Control",0,"ANNAUL 2074-75",170,70
"T305007121","Monsoon",60,0,0,0,60,40,1,2018,"Control",0,"MONSOON 2074",120,60
"T305007121","Winter",60,0,0,0,60,20,1,2018,"Control",0,"WINTER 2074",120,60
"T305007121","Summer",0,0,0,60,0,0,1,2018,"Control",0,"SUMMER 2075",120,60
"T305007121","Annual",0,0,0,0,0,0,1,2018,"Control",0,"ANNAUL 2074-75",120,60
"T305004118","Monsoon",90,0,0,0,90,60,1,2018,"Control",0,"MONSOON 2074",180,90
"T305004118","Winter",90,0,9,0,90,35,1,2018,"Control",0,"WINTER 2074",180,90
"T305004118","Summer",0,0,0,90,0,0,1,2018,"Control",0,"SUMMER 2075",180,90
"T305004118","Annual",0,0,0,0,0,0,1,2018,"Control",0,"ANNAUL 2074-75",180,90
"T305006119","Monsoon",30,0,0,0,30,15,1,2018,"Control",0,"MONSOON 2074",60,30
"T305006119","Winter",30,0,0,0,30,10,1,2018,"Control",0,"WINTER 2074",60,30
"T305006119","Summer",0,0,0,30,0,0,1,2018,"Control",0,"SUMMER 2075",60,30
"T305006119","Annual",0,0,0,0,0,0,1,2018,"Control",0,"ANNAUL 2074-75",60,30
"T304707129","Monsoon",100,0,0,0,100,90,1,2018,"Control",0,"MONSOON 2074",208,100
"T304707129","Winter",100,0,0,0,100,50,1,2018,"Control",0,"WINTER 2074",208,100
"T304707129","Summer",8,0,0,92,8,8,1,2018,"Control",0,"SUMMER 2075",208,100
"T304707129","Annual",0,0,0,0,0,0,1,2018,"Control",0,"ANNAUL 2074-75",208,100
"T307006116","Monsoon",100,0,0,0,100,70,1,2018,"Control",0,"MONSOON 2074",260,100
"T307006116","Winter",100,0,0,0,100,70,1,2018,"Control",0,"WINTER 2074",260,100
"T307006116","Summer",30,0,0,70,30,0,1,2018,"Control",0,"SUMMER 2075",260,100
"T307006116","Annual",30,0,0,0,30,30,1,2018,"Control",0,"ANNAUL 2074-75",260,100
"T304802122","Monsoon",15,20,0,0,35,35,1,2018,"Treatment",1,"MONSOON 2074",105,35
"T304802122","Winter",15,20,0,0,35,30,1,2018,"Treatment",1,"WINTER 2074",105,35
"T304802122","Summer",15,20,0,0,35,35,1,2018,"Treatment",1,"SUMMER 2075",105,35
"T304802122","Annual",0,0,0,0,0,0,1,2018,"Treatment",1,"ANNAUL 2074-75",105,35
"T302004124","Monsoon",104,0,36,0,104,80,1,2018,"Control",0,"MONSOON 2074",222,140
"T302004124","Winter",104,0,36,0,104,20,1,2018,"Control",0,"WINTER 2074",222,140
"T302004124","Summer",14,0,36,90,14,14,1,2018,"Control",0,"SUMMER 2075",222,140
"T302004124","Annual",0,0,0,0,0,0,1,2018,"Control",0,"ANNAUL 2074-75",222,140
"T307003115","Monsoon",50,0,0,0,50,10,1,2018,"Control",0,"MONSOON 2074",100,50
"T307003115","Winter",50,0,0,0,50,10,1,2018,"Control",0,"WINTER 2074",100,50
"T307003115","Summer",0,0,0,50,0,0,1,2018,"Control",0,"SUMMER 2075",100,50
"T307003115","Annual",0,0,0,0,0,0,1,2018,"Control",0,"ANNAUL 2074-75",100,50
"T306708132","Monsoon",65,0,0,0,65,65,1,2018,"Control",0,"MONSOON 2074",130,65
"T306708132","Winter",65,0,0,0,65,13,1,2018,"Control",0,"WINTER 2074",130,65
"T306708132","Summer",0,0,0,0,0,0,1,2018,"Control",0,"SUMMER 2075",130,65
"T306708132","Annual",0,0,0,0,0,0,1,2018,"Control",0,"ANNAUL 2074-75",130,65
"T304705128","Monsoon",25,20,0,0,45,45,1,2018,"Control",0,"MONSOON 2074",125,25
"T304705128","Winter",25,20,0,0,45,40,1,2018,"Control",0,"WINTER 2074",125,25
"T304705128","Summer",25,100,0,0,35,35,1,2018,"Control",0,"SUMMER 2075",125,25
"T304705128","Annual",0,0,0,0,0,0,1,2018,"Control",0,"ANNAUL 2074-75",125,25
"T307705125","Monsoon",100,0,0,0,100,60,1,2018,"Control",0,"MONSOON 2074",205,100
"T307705125","Winter",100,0,0,0,100,40,1,2018,"Control",0,"WINTER 2074",205,100
"T307705125","Summer",5,0,0,95,5,5,1,2018,"Control",0,"SUMMER 2075",205,100
"T307705125","Annual",0,0,0,0,0,0,1,2018,"Control",0,"ANNAUL 2074-75",205,100
"T302608007","Monsoon",100,0,0,0,100,20,2,2018,"Control",0,"MONSOON 2074",200,100
"T302608007","Winter",100,0,0,0,100,20,2,2018,"Control",0,"WINTER 2074",200,100
"T302608007","Summer",0,0,0,0,0,0,2,2018,"Control",0,"SUMMER 2075",200,100
"T302608007","Annual",0,0,0,0,0,0,2,2018,"Control",0,"ANNAUL 2074-75",200,100
"T302606012","Monsoon",20,0,80,0,20,0,2,2018,"Control",0,"MONSOON 2074",40,100
"T302606012","Winter",20,0,80,0,20,0,2,2018,"Control",0,"WINTER 2074",40,100
"T302606012","Summer",0,0,80,20,0,0,2,2018,"Control",0,"SUMMER 2075",40,100
"T302606012","Annual",0,0,0,0,0,0,2,2018,"Control",0,"ANNAUL 2074-75",40,100
"T309009013","Monsoon",50,0,0,0,50,0,2,2018,"Control",0,"MONSOON 2074",115,50
"T309009013","Winter",50,0,0,0,50,0,2,2018,"Control",0,"WINTER 2074",115,50
"T309009013","Summer",15,0,0,35,15,0,2,2018,"Control",0,"SUMMER 2075",115,50
"T309009013","Annual",0,0,0,0,0,0,2,2018,"Control",0,"ANNAUL 2074-75",115,50
"T302608003","Monsoon",60,0,0,0,60,10,2,2018,"Control",0,"MONSOON 2074",180,60
"T302608003","Winter",60,0,0,0,60,10,2,2018,"Control",0,"WINTER 2074",180,60
"T302608003","Summer",0,0,0,0,60,0,2,2018,"Control",0,"SUMMER 2075",180,60
"T302608003","Annual",0,0,0,0,0,0,2,2018,"Control",0,"ANNAUL 2074-75",180,60
"T300409001","Monsoon",75,15,0,15,90,0,2,2018,"Control",0,"MONSOON 2074",200,90
"T300409001","Winter",75,15,0,15,90,0,2,2018,"Control",0,"WINTER 2074",200,90
"T300409001","Summer",20,0,0,70,20,0,2,2018,"Control",0,"SUMMER 2075",200,90
"T300409001","Annual",0,0,0,0,0,0,2,2018,"Control",0,"ANNAUL 2074-75",200,90
"T300404011","Monsoon",10,0,0,0,10,0,2,2018,"Control",0,"MONSOON 2074",30,10
"T300404011","Winter",10,0,0,0,10,0,2,2018,"Control",0,"WINTER 2074",30,10
"T300404011","Summer",10,0,0,0,10,0,2,2018,"Control",0,"SUMMER 2075",30,10
"T300404011","Annual",0,0,0,0,0,0,2,2018,"Control",0,"ANNAUL 2074-75",30,10
"T300601005","Monsoon",40,0,0,0,40,17,2,2018,"Control",0,"MONSOON 2074",80,40
"T300601005","Winter",40,0,0,0,40,0,2,2018,"Control",0,"WINTER 2074",80,40
"T300601005","Summer",0,0,25,15,0,0,2,2018,"Control",0,"SUMMER 2075",80,40
"T300601005","Annual",0,0,0,0,0,0,2,2018,"Control",0,"ANNAUL 2074-75",80,40
"T302607006","Monsoon",30,0,20,0,30,10,2,2018,"Control",0,"MONSOON 2074",60,50
"T302607006","Winter",30,0,0,0,30,10,2,2018,"Control",0,"WINTER 2074",60,50
"T302607006","Summer",0,0,0,0,0,0,2,2018,"Control",0,"SUMMER 2075",60,50
"T302607006","Annual",0,0,0,0,0,0,2,2018,"Control",0,"ANNAUL 2074-75",60,50
"T302609002","Monsoon",40,50,0,0,90,30,2,2018,"Control",0,"MONSOON 2074",180,40
"T302609002","Winter",40,50,0,0,90,40,2,2018,"Control",0,"WINTER 2074",180,40
"T302609002","Summer",0,0,0,0,0,0,2,2018,"Control",0,"SUMMER 2075",180,40
"T302609002","Annual",0,0,0,0,0,0,2,2018,"Control",0,"ANNAUL 2074-75",180,40
"T309303010","Monsoon",120,0,60,0,120,26,2,2018,"Control",0,"MONSOON 2074",256,180
"T309303010","Winter",120,0,60,0,120,26,2,2018,"Control",0,"WINTER 2074",256,180
"T309303010","Summer",16,0,60,104,16,0,2,2018,"Control",0,"SUMMER 2075",256,180
"T309303010","Annual",0,0,0,0,0,0,2,2018,"Control",0,"ANNAUL 2074-75",256,180
"T303603009","Monsoon",10,30,0,0,40,30,2,2018,"Control",0,"MONSOON 2074",80,10
"T303603009","Winter",10,30,0,0,40,30,2,2018,"Control",0,"WINTER 2074",80,10
"T303603009","Summer",0,0,0,0,0,0,2,2018,"Control",0,"SUMMER 2075",80,10
"T303603009","Annual",0,0,0,0,0,0,2,2018,"Control",0,"ANNAUL 2074-75",80,10
"T302602008","Monsoon",45,0,0,0,45,20,2,2018,"Control",0,"MONSOON 2074",90,45
"T302602008","Winter",45,0,0,0,45,30,2,2018,"Control",0,"WINTER 2074",90,45
"T302602008","Summer",0,0,0,0,0,0,2,2018,"Control",0,"SUMMER 2075",90,45
"T302602008","Annual",0,0,0,0,0,0,2,2018,"Control",0,"ANNAUL 2074-75",90,45
"T309304113","Monsoon",40,0,0,0,40,40,1,2018,"Control",0,"MONSOON 2074",82,40
"T309304113","Winter",40,0,0,0,40,20,1,2018,"Control",0,"WINTER 2074",82,40
"T309304113","Summer",2,0,0,38,2,2,1,2018,"Control",0,"SUMMER 2075",82,40
"T309304113","Annual",0,0,0,40,0,0,1,2018,"Control",0,"ANNAUL 2074-75",82,40
"T307001095","Monsoon",60,20,0,0,80,80,1,2018,"Control",0,"MONSOON 2074",179,60
"T307001095","Winter",60,20,0,0,80,80,1,2018,"Control",0,"WINTER 2074",179,60
"T307001095","Summer",3,7,0,57,10,10,1,2018,"Control",0,"SUMMER 2075",179,60
"T307001095","Annual",7,2,0,53,9,9,1,2018,"Control",0,"ANNAUL 2074-75",179,60
"T300901091","Monsoon",90,0,0,20,90,90,1,2018,"Treatment",1,"MONSOON 2074",240,110
"T300901091","Winter",90,0,0,20,90,20,1,2018,"Treatment",1,"WINTER 2074",240,110
"T300901091","Summer",40,0,0,70,40,40,1,2018,"Treatment",1,"SUMMER 2075",240,110
"T300901091","Annual",20,0,0,90,20,20,1,2018,"Treatment",1,"ANNAUL 2074-75",240,110
"T307808108","Monsoon",140,0,0,20,140,140,1,2018,"Control",0,"MONSOON 2074",320,160
"T307808108","Winter",140,0,0,20,140,60,1,2018,"Control",0,"WINTER 2074",320,160
"T307808108","Summer",20,0,0,140,20,20,1,2018,"Control",0,"SUMMER 2075",320,160
"T307808108","Annual",20,0,0,140,20,20,1,2018,"Control",0,"ANNAUL 2074-75",320,160
"T304707109","Monsoon",80,0,0,0,80,80,1,2018,"Control",0,"MONSOON 2074",220,80
"T304707109","Winter",80,0,0,0,80,80,1,2018,"Control",0,"WINTER 2074",220,80
"T304707109","Summer",60,0,0,20,60,60,1,2018,"Control",0,"SUMMER 2075",220,80
"T304707109","Annual",0,0,0,80,0,0,1,2018,"Control",0,"ANNAUL 2074-75",220,80
"T301906103","Monsoon",40,0,0,0,40,40,1,2018,"Control",0,"MONSOON 2074",120,40
"T301906103","Winter",40,0,0,0,40,40,1,2018,"Control",0,"WINTER 2074",120,40
"T301906103","Summer",40,0,0,0,40,40,1,2018,"Control",0,"SUMMER 2075",120,40
"T301906103","Annual",0,0,0,40,0,0,1,2018,"Control",0,"ANNAUL 2074-75",120,40
"T301808002","Monsoon",20,0,0,20,20,20,3,2018,"Control",0,"MONSOON 2074",43,20
"T301808002","Winter",20,0,0,0,20,20,3,2018,"Control",0,"WINTER 2074",43,20
"T301808002","Summer",3,0,0,17,3,3,3,2018,"Control",0,"SUMMER 2075",43,20
"T301808002","Annual",0,0,0,0,0,0,3,2018,"Control",0,"ANNAUL 2074-75",43,20
"T301106005","Monsoon",30,0,0,0,30,30,3,2018,"Control",0,"MONSOON 2074",110,30
"T301106005","Winter",30,0,0,0,30,30,3,2018,"Control",0,"WINTER 2074",110,30
"T301106005","Summer",0,0,0,30,0,0,3,2018,"Control",0,"SUMMER 2075",110,30
"T301106005","Annual",0,50,0,0,50,50,3,2018,"Control",0,"ANNAUL 2074-75",110,30
"T307408001","Monsoon",10,0,0,0,10,10,3,2018,"Control",0,"MONSOON 2074",20,10
"T307408001","Winter",10,0,0,0,10,10,3,2018,"Control",0,"WINTER 2074",20,10
"T307408001","Summer",0,0,0,0,0,0,3,2018,"Control",0,"SUMMER 2075",20,10
"T307408001","Annual",0,0,0,0,0,0,3,2018,"Control",0,"ANNAUL 2074-75",20,10
"T303505004","Monsoon",35,0,0,0,35,35,3,2018,"Control",0,"MONSOON 2074",120,50
"T303505004","Winter",35,0,0,0,35,35,3,2018,"Control",0,"WINTER 2074",120,50
"T303505004","Summer",35,0,0,0,35,35,3,2018,"Control",0,"SUMMER 2075",120,50
"T303505004","Annual",15,0,0,0,15,15,3,2018,"Control",0,"ANNAUL 2074-75",120,50
"T302501007","Monsoon",30,0,0,0,30,30,3,2018,"Control",0,"MONSOON 2074",60,30
"T302501007","Winter",30,0,0,0,30,30,3,2018,"Control",0,"WINTER 2074",60,30
"T302501007","Summer",0,0,0,30,0,0,3,2018,"Control",0,"SUMMER 2075",60,30
"T302501007","Annual",0,0,0,0,0,0,3,2018,"Control",0,"ANNAUL 2074-75",60,30
"T303906006","Monsoon",10,0,0,0,10,10,3,2018,"Control",0,"MONSOON 2074",20,10
"T303906006","Winter",10,0,0,0,10,10,3,2018,"Control",0,"WINTER 2074",20,10
"T303906006","Summer",0,0,0,10,0,0,3,2018,"Control",0,"SUMMER 2075",20,10
"T303906006","Annual",0,0,0,0,0,0,3,2018,"Control",0,"ANNAUL 2074-75",20,10
"T304308003","Monsoon",50,0,0,0,50,50,3,2018,"Control",0,"MONSOON 2074",130,80
"T304308003","Winter",50,0,0,0,50,50,3,2018,"Control",0,"WINTER 2074",130,80
"T304308003","Summer",0,0,0,50,0,0,3,2018,"Control",0,"SUMMER 2075",130,80
"T304308003","Annual",30,0,0,0,30,30,3,2018,"Control",0,"ANNAUL 2074-75",130,80
"T305001120","Monsoon",100,0,0,0,100,40,1,2018,"Treatment",1,"MONSOON 2074",200,100
"T305001120","Winter",40,0,0,60,40,10,1,2018,"Treatment",1,"WINTER 2074",200,100
"T305001120","Summer",0,0,0,0,0,0,1,2018,"Treatment",1,"SUMMER 2075",200,100
"T305001120","Annual",60,0,0,40,60,20,1,2018,"Treatment",1,"ANNAUL 2074-75",200,100
"T304802123","Monsoon",10,4,0,0,14,10,1,2018,"Treatment",1,"MONSOON 2074",42,14
"T304802123","Winter",10,4,0,0,14,14,1,2018,"Treatment",1,"WINTER 2074",42,14
"T304802123","Summer",10,4,0,0,14,14,1,2018,"Treatment",1,"SUMMER 2075",42,14
"T304802123","Annual",0,0,0,0,0,0,1,2018,"Treatment",1,"ANNAUL 2074-75",42,14
"T305001121","Monsoon",0,0,0,0,0,0,1,2018,"Control",0,"MONSOON 2074",140,140
"T305001121","Winter",0,0,0,0,0,0,1,2018,"Control",0,"WINTER 2074",140,140
"T305001121","Summer",0,0,0,0,0,0,1,2018,"Control",0,"SUMMER 2075",140,140
"T305001121","Annual",140,0,0,0,140,60,1,2018,"Control",0,"ANNAUL 2074-75",140,140
"T304706130","Monsoon",30,20,0,0,50,50,1,2018,"Control",0,"MONSOON 2074",148,30
"T304706130","Winter",30,20,0,0,50,40,1,2018,"Control",0,"WINTER 2074",148,30
"T304706130","Summer",28,20,0,2,48,48,1,2018,"Control",0,"SUMMER 2075",148,30
"T304706130","Annual",0,0,0,0,0,0,1,2018,"Control",0,"ANNAUL 2074-75",148,30
"T304706131","Monsoon",50,50,0,0,90,40,1,2018,"Control",0,"MONSOON 2074",180,50
"T304706131","Winter",50,40,0,0,90,60,1,2018,"Control",0,"WINTER 2074",180,50
"T304706131","Summer",0,0,0,0,0,0,1,2018,"Control",0,"SUMMER 2075",180,50
"T304706131","Annual",0,0,0,0,0,0,1,2018,"Control",0,"ANNAUL 2074-75",180,50
"T304702127","Monsoon",20,0,0,0,20,20,1,2018,"Control",0,"MONSOON 2074",45,20
"T304702127","Winter",20,0,0,0,20,20,1,2018,"Control",0,"WINTER 2074",45,20
"T304702127","Summer",5,0,0,15,5,5,1,2018,"Control",0,"SUMMER 2075",45,20
"T304702127","Annual",0,0,0,0,0,0,1,2018,"Control",0,"ANNAUL 2074-75",45,20
"T300406135","Monsoon",100,0,0,0,100,100,1,2018,"Treatment",1,"MONSOON 2074",240,100
"T300406135","Winter",100,0,0,0,100,60,1,2018,"Treatment",1,"WINTER 2074",240,100
"T300406135","Summer",40,0,0,60,40,40,1,2018,"Treatment",1,"SUMMER 2075",240,100
"T300406135","Annual",0,0,0,0,0,0,1,2018,"Treatment",1,"ANNAUL 2074-75",240,100
"T300406089","Monsoon",60,0,0,0,60,60,1,2018,"Treatment",1,"MONSOON 2074",180,60
"T300406089","Winter",60,0,0,0,60,40,1,2018,"Treatment",1,"WINTER 2074",180,60
"T300406089","Summer",60,0,0,0,60,60,1,2018,"Treatment",1,"SUMMER 2075",180,60
"T300406089","Annual",0,0,0,0,0,0,1,2018,"Treatment",1,"ANNAUL 2074-75",180,60
"T301503134","Monsoon",5,0,0,0,5,5,1,2018,"Control",0,"MONSOON 2074",15,5
"T301503134","Winter",5,0,0,0,5,5,1,2018,"Control",0,"WINTER 2074",15,5
"T301503134","Summer",5,0,0,0,5,0,1,2018,"Control",0,"SUMMER 2075",15,5
"T301503134","Annual",0,0,0,0,0,0,1,2018,"Control",0,"ANNAUL 2074-75",15,5
"T304705090","Monsoon",8,0,0,0,8,8,1,2018,"Control",0,"MONSOON 2074",16,8
"T304705090","Winter",8,0,0,0,8,8,1,2018,"Control",0,"WINTER 2074",16,8
"T304705090","Summer",0,0,0,8,0,0,1,2018,"Control",0,"SUMMER 2075",16,8
"T304705090","Annual",0,0,0,0,0,0,1,2018,"Control",0,"ANNAUL 2074-75",16,8
"T305004088","Monsoon",300,0,0,0,300,200,1,2018,"Control",0,"MONSOON 2074",800,300
"T305004088","Winter",300,0,0,0,300,150,1,2018,"Control",0,"WINTER 2074",800,300
"T305004088","Summer",100,0,0,200,100,100,1,2018,"Control",0,"SUMMER 2075",800,300
"T305004088","Annual",100,0,0,0,100,100,1,2018,"Control",0,"ANNAUL 2074-75",800,300
"T301503081","Monsoon",60,0,75,5,60,60,1,2018,"Control",0,"MONSOON 2074",120,140
"T301503081","Winter",60,0,75,5,60,60,1,2018,"Control",0,"WINTER 2074",120,140
"T301503081","Summer",0,0,0,0,0,0,1,2018,"Control",0,"SUMMER 2075",120,140
"T301503081","Annual",0,0,0,0,0,0,1,2018,"Control",0,"ANNAUL 2074-75",120,140
"T303907079","Monsoon",20,0,0,0,20,20,1,2018,"Control",0,"MONSOON 2074",50,20
"T303907079","Winter",20,0,0,0,20,5,1,2018,"Control",0,"WINTER 2074",50,20
"T303907079","Summer",10,0,0,10,10,5,1,2018,"Control",0,"SUMMER 2075",50,20
"T303907079","Annual",0,0,0,0,0,0,1,2018,"Control",0,"ANNAUL 2074-75",50,20
"T301502085","Monsoon",20,0,0,0,20,20,1,2018,"Control",0,"MONSOON 2074",40,20
"T301502085","Winter",20,0,0,0,20,20,1,2018,"Control",0,"WINTER 2074",40,20
"T301502085","Summer",0,0,0,0,0,0,1,2018,"Control",0,"SUMMER 2075",40,20
"T301502085","Annual",0,0,0,0,0,0,1,2018,"Control",0,"ANNAUL 2074-75",40,20
"T301001084","Monsoon",20,0,15,0,20,13,1,2018,"Control",0,"MONSOON 2074",40,35
"T301001084","Winter",20,0,15,0,20,15,1,2018,"Control",0,"WINTER 2074",40,35
"T301001084","Summer",0,0,0,0,0,0,1,2018,"Control",0,"SUMMER 2075",40,35
"T301001084","Annual",0,0,0,0,0,0,1,2018,"Control",0,"ANNAUL 2074-75",40,35
"T304807087","Monsoon",80,0,0,0,80,80,1,2018,"Control",0,"MONSOON 2074",160,80
"T304807087","Winter",80,0,0,0,80,40,1,2018,"Control",0,"WINTER 2074",160,80
"T304807087","Summer",0,0,0,0,0,0,1,2018,"Control",0,"SUMMER 2075",160,80
"T304807087","Annual",0,0,0,0,0,0,1,2018,"Control",0,"ANNAUL 2074-75",160,80
"T304804086","Monsoon",33,10,0,0,43,43,1,2018,"Control",0,"MONSOON 2074",86,33
"T304804086","Winter",33,10,0,0,43,43,1,2018,"Control",0,"WINTER 2074",86,33
"T304804086","Summer",0,0,0,0,0,0,1,2018,"Control",0,"SUMMER 2075",86,33
"T304804086","Annual",0,0,0,0,0,0,1,2018,"Control",0,"ANNAUL 2074-75",86,33
"T304808083","Monsoon",60,0,0,40,60,40,1,2018,"Control",0,"MONSOON 2074",120,60
"T304808083","Winter",60,0,0,40,60,30,1,2018,"Control",0,"WINTER 2074",120,60
"T304808083","Summer",0,0,0,40,0,0,1,2018,"Control",0,"SUMMER 2075",120,60
"T304808083","Annual",0,0,0,0,0,0,1,2018,"Control",0,"ANNAUL 2074-75",120,60
"T304808082","Monsoon",50,0,0,10,50,50,1,2018,"Control",0,"MONSOON 2074",100,50
"T304808082","Winter",50,0,0,10,50,30,1,2018,"Control",0,"WINTER 2074",100,50
"T304808082","Summer",0,0,0,0,0,0,1,2018,"Control",0,"SUMMER 2075",100,50
"T304808082","Annual",0,0,0,0,0,0,1,2018,"Control",0,"ANNAUL 2074-75",100,50
"T301503080","Monsoon",60,16,0,0,76,40,1,2018,"Control",0,"MONSOON 2074",152,60
"T301503080","Winter",60,16,0,0,76,40,1,2018,"Control",0,"WINTER 2074",152,60
"T301503080","Summer",0,0,0,0,0,0,1,2018,"Control",0,"SUMMER 2075",152,60
"T301503080","Annual",0,0,0,0,0,0,1,2018,"Control",0,"ANNAUL 2074-75",152,60
"T305105014","Monsoon",18,0,0,0,18,18,2,2018,"Control",0,"MONSOON 2074",36,18
"T305105014","Winter",18,0,0,0,18,18,2,2018,"Control",0,"WINTER 2074",36,18
"T305105014","Summer",0,0,0,18,0,0,2,2018,"Control",0,"SUMMER 2075",36,18
"T305105014","Annual",0,0,0,0,0,0,2,2018,"Control",0,"ANNAUL 2074-75",36,18
"T309006004","Monsoon",40,0,0,0,40,0,2,2018,"Control",0,"MONSOON 2074",103,40
"T309006004","Winter",40,8,0,0,48,0,2,2018,"Control",0,"WINTER 2074",103,40
"T309006004","Summer",0,15,0,0,15,0,2,2018,"Control",0,"SUMMER 2075",103,40
"T309006004","Annual",0,0,0,0,0,0,2,2018,"Control",0,"ANNAUL 2074-75",103,40
"T305102015","Monsoon",60,0,80,0,60,0,2,2018,"Control",0,"MONSOON 2074",140,140
"T305102015","Winter",60,20,80,0,80,0,2,2018,"Control",0,"WINTER 2074",140,140
"T305102015","Summer",0,0,0,0,0,0,2,2018,"Control",0,"SUMMER 2075",140,140
"T305102015","Annual",0,0,0,0,0,0,2,2018,"Control",0,"ANNAUL 2074-75",140,140
"T309504024","Monsoon",100,0,0,0,100,60,2,2018,"Control",0,"MONSOON 2074",200,100
"T309504024","Winter",100,0,0,0,100,60,2,2018,"Control",0,"WINTER 2074",200,100
"T309504024","Summer",0,0,0,0,0,0,2,2018,"Control",0,"SUMMER 2075",200,100
"T309504024","Annual",0,0,0,0,0,0,2,2018,"Control",0,"ANNAUL 2074-75",200,100
"T302608050","Monsoon",20,0,0,0,20,5,2,2018,"Control",0,"MONSOON 2074",40,20
"T302608050","Winter",20,0,0,0,20,5,2,2018,"Control",0,"WINTER 2074",40,20
"T302608050","Summer",0,0,0,0,0,0,2,2018,"Control",0,"SUMMER 2075",40,20
"T302608050","Annual",0,0,0,0,0,0,2,2018,"Control",0,"ANNAUL 2074-75",40,20
"T300401028","Monsoon",70,0,30,0,70,0,2,2018,"Control",0,"MONSOON 2074",170,100
"T300401028","Winter",70,0,30,0,70,0,2,2018,"Control",0,"WINTER 2074",170,100
"T300401028","Summer",30,0,0,70,30,0,2,2018,"Control",0,"SUMMER 2075",170,100
"T300401028","Annual",0,0,0,0,0,0,2,2018,"Control",0,"ANNAUL 2074-75",170,100
"T305104033","Monsoon",40,0,0,0,40,12,2,2018,"Control",0,"MONSOON 2074",83,40
"T305104033","Winter",40,0,0,0,40,12,2,2018,"Control",0,"WINTER 2074",83,40
"T305104033","Summer",3,0,0,37,3,12,2,2018,"Control",0,"SUMMER 2075",83,40
"T305104033","Annual",0,0,0,0,0,0,2,2018,"Control",0,"ANNAUL 2074-75",83,40
"T300607023","Monsoon",46,4,0,0,50,2.5,2,2018,"Control",0,"MONSOON 2074",120,46
"T300607023","Winter",46,4,0,0,50,2.5,2,2018,"Control",0,"WINTER 2074",120,46
"T300607023","Summer",20,0,0,26,20,2.5,2,2018,"Control",0,"SUMMER 2075",120,46
"T300607023","Annual",0,0,0,0,0,0,2,2018,"Control",0,"ANNAUL 2074-75",120,46
"T305404025","Monsoon",100,0,0,0,100,30,2,2018,"Control",0,"MONSOON 2074",200,100
"T305404025","Winter",100,0,0,0,100,30,2,2018,"Control",0,"WINTER 2074",200,100
"T305404025","Summer",0,0,0,0,0,0,2,2018,"Control",0,"SUMMER 2075",200,100
"T305404025","Annual",0,0,0,0,0,0,2,2018,"Control",0,"ANNAUL 2074-75",200,100
"T309904032","Monsoon",3,0,47,0,3,15,2,2018,"Control",0,"MONSOON 2074",6,50
"T309904032","Winter",3,0,47,0,3,15,2,2018,"Control",0,"WINTER 2074",6,50
"T309904032","Summer",0,0,0,0,0,0,2,2018,"Control",0,"SUMMER 2075",6,50
"T309904032","Annual",0,0,0,0,0,0,2,2018,"Control",0,"ANNAUL 2074-75",6,50
"T300603032","Monsoon",70,0,80,0,70,80,2,2018,"Control",0,"MONSOON 2074",140,150
"T300603032","Winter",70,0,80,0,70,80,2,2018,"Control",0,"WINTER 2074",140,150
"T300603032","Summer",0,0,80,70,0,0,2,2018,"Control",0,"SUMMER 2075",140,150
"T300603032","Annual",0,0,0,0,0,0,2,2018,"Control",0,"ANNAUL 2074-75",140,150
"T301911010","Monsoon",150,0,0,10,150,0,3,2018,"Treatment",1,"MONSOON 2074",460,160
"T301911010","Winter",150,0,0,10,150,0,3,2018,"Treatment",1,"WINTER 2074",460,160
"T301911010","Summer",150,0,0,10,150,0,3,2018,"Treatment",1,"SUMMER 2075",460,160
"T301911010","Annual",10,0,0,150,10,10,3,2018,"Treatment",1,"ANNAUL 2074-75",460,160
"T306004001","Monsoon",65,0,55,0,65,65,2,2018,"Treatment",1,"MONSOON 2074",130,120
"T306004001","Winter",65,0,55,0,65,45,2,2018,"Treatment",1,"WINTER 2074",130,120
"T306004001","Summer",0,0,0,120,0,0,2,2018,"Treatment",1,"SUMMER 2075",130,120
"T306004001","Annual",0,0,0,0,0,0,2,2018,"Treatment",1,"ANNAUL 2074-75",130,120
"T305607002","Monsoon",80,0,160,0,80,80,2,2018,"Treatment",1,"MONSOON 2074",240,240
"T305607002","Winter",80,0,160,0,80,80,2,2018,"Treatment",1,"WINTER 2074",240,240
"T305607002","Summer",80,0,160,0,80,80,2,2018,"Treatment",1,"SUMMER 2075",240,240
"T305607002","Annual",0,0,0,0,0,0,2,2018,"Treatment",1,"ANNAUL 2074-75",240,240
"T300307001","Monsoon",10,0,0,0,10,10,2,2018,"Treatment",1,"MONSOON 2074",30,10
"T300307001","Winter",10,0,0,0,10,10,2,2018,"Treatment",1,"WINTER 2074",30,10
"T300307001","Summer",10,0,0,0,10,10,2,2018,"Treatment",1,"SUMMER 2075",30,10
"T300307001","Annual",0,0,0,0,0,0,2,2018,"Treatment",1,"ANNAUL 2074-75",30,10
"T304802030","Monsoon",20,0,0,0,20,20,1,2018,"Treatment",1,"MONSOON 2074",40,20
"T304802030","Winter",20,0,0,0,20,20,1,2018,"Treatment",1,"WINTER 2074",40,20
"T304802030","Summer",0,0,0,20,0,0,1,2018,"Treatment",1,"SUMMER 2075",40,20
"T304802030","Annual",0,0,0,0,0,0,1,2018,"Treatment",1,"ANNAUL 2074-75",40,20
"T306102001","Monsoon",0,0,100,0,0,0,2,2018,"Treatment",1,"MONSOON 2074",0,100
"T306102001","Winter",0,0,100,0,0,0,2,2018,"Treatment",1,"WINTER 2074",0,100
"T306102001","Summer",0,0,0,100,0,0,2,2018,"Treatment",1,"SUMMER 2075",0,100
"T306102001","Annual",0,0,0,0,0,0,2,2018,"Treatment",1,"ANNAUL 2074-75",0,100
"T305519001","Monsoon",40,0,0,20,40,40,3,2018,"Treatment",1,"MONSOON 2074",100,60
"T305519001","Winter",40,0,0,20,40,40,3,2018,"Treatment",1,"WINTER 2074",100,60
"T305519001","Summer",0,0,0,60,0,0,3,2018,"Treatment",1,"SUMMER 2075",100,60
"T305519001","Annual",20,0,0,40,20,20,3,2018,"Treatment",1,"ANNAUL 2074-75",100,60
"T305607004","Monsoon",90,0,0,0,90,90,2,2018,"Treatment",1,"MONSOON 2074",270,90
"T305607004","Winter",90,0,0,0,90,90,2,2018,"Treatment",1,"WINTER 2074",270,90
"T305607004","Summer",90,0,0,0,90,90,2,2018,"Treatment",1,"SUMMER 2075",270,90
"T305607004","Annual",0,0,0,0,0,0,2,2018,"Treatment",1,"ANNAUL 2074-75",270,90
"T302806050","Monsoon",100,0,0,0,100,100,1,2018,"Treatment",1,"MONSOON 2074",200,100
"T302806050","Winter",100,0,0,0,100,100,1,2018,"Treatment",1,"WINTER 2074",200,100
"T302806050","Summer",0,0,0,100,0,0,1,2018,"Treatment",1,"SUMMER 2075",200,100
"T302806050","Annual",0,0,0,0,0,0,1,2018,"Treatment",1,"ANNAUL 2074-75",200,100
"T306102002","Monsoon",0,0,120,0,0,0,2,2018,"Treatment",1,"MONSOON 2074",0,120
"T306102002","Winter",0,0,120,0,0,0,2,2018,"Treatment",1,"WINTER 2074",0,120
"T306102002","Summer",0,0,120,0,0,0,2,2018,"Treatment",1,"SUMMER 2075",0,120
"T306102002","Annual",0,0,0,0,0,0,2,2018,"Treatment",1,"ANNAUL 2074-75",0,120
"T309708020","Monsoon",0,0,0,0,0,0,1,2018,"Treatment",1,"MONSOON 2074",0,0
"T309708020","Winter",0,0,0,0,0,0,1,2018,"Treatment",1,"WINTER 2074",0,0
"T309708020","Summer",0,0,0,0,0,0,1,2018,"Treatment",1,"SUMMER 2075",0,0
"T309708020","Annual",0,0,0,0,0,0,1,2018,"Treatment",1,"ANNAUL 2074-75",0,0
"T305607005","Monsoon",100,0,60,0,100,100,2,2018,"Treatment",1,"MONSOON 2074",260,160
"T305607005","Winter",100,0,60,0,100,60,2,2018,"Treatment",1,"WINTER 2074",260,160
"T305607005","Summer",60,0,60,100,60,60,2,2018,"Treatment",1,"SUMMER 2075",260,160
"T305607005","Annual",0,0,0,0,0,0,2,2018,"Treatment",1,"ANNAUL 2074-75",260,160
"T308705001","Monsoon",60,0,80,0,60,60,2,2018,"Treatment",1,"MONSOON 2074",120,140
"T308705001","Winter",60,0,80,0,60,60,2,2018,"Treatment",1,"WINTER 2074",120,140
"T308705001","Summer",0,0,0,140,0,0,2,2018,"Treatment",1,"SUMMER 2075",120,140
"T308705001","Annual",0,0,0,0,0,0,2,2018,"Treatment",1,"ANNAUL 2074-75",120,140
"T305602003","Monsoon",60,0,40,0,60,60,2,2018,"Treatment",1,"MONSOON 2074",120,100
"T305602003","Winter",60,0,40,0,60,60,2,2018,"Treatment",1,"WINTER 2074",120,100
"T305602003","Summer",0,0,40,60,0,0,2,2018,"Treatment",1,"SUMMER 2075",120,100
"T305602003","Annual",0,0,0,0,0,0,2,2018,"Treatment",1,"ANNAUL 2074-75",120,100
"T308707002","Monsoon",0,0,160,0,0,0,2,2018,"Treatment",1,"MONSOON 2074",0,160
"T308707002","Winter",0,0,160,0,0,0,2,2018,"Treatment",1,"WINTER 2074",0,160
"T308707002","Summer",0,0,160,0,0,0,2,2018,"Treatment",1,"SUMMER 2075",0,160
"T308707002","Annual",0,0,0,0,0,0,2,2018,"Treatment",1,"ANNAUL 2074-75",0,160
"T305602001","Monsoon",100,0,200,0,100,100,2,2018,"Control",0,"MONSOON 2074",300,300
"T305602001","Winter",100,0,200,0,100,100,2,2018,"Control",0,"WINTER 2074",300,300
"T305602001","Summer",100,0,200,0,100,100,2,2018,"Control",0,"SUMMER 2075",300,300
"T305602001","Annual",0,0,0,0,0,0,2,2018,"Control",0,"ANNAUL 2074-75",300,300
"T303007001","Monsoon",80,0,0,0,80,80,2,2018,"Treatment",1,"MONSOON 2074",160,80
"T303007001","Winter",80,0,0,0,80,0,2,2018,"Treatment",1,"WINTER 2074",160,80
"T303007001","Summer",0,0,0,0,0,0,2,2018,"Treatment",1,"SUMMER 2075",160,80
"T303007001","Annual",0,0,0,0,0,0,2,2018,"Treatment",1,"ANNAUL 2074-75",160,80
"T300508099","Monsoon",20,0,0,0,20,20,3,2018,"Treatment",1,"MONSOON 2074",40,20
"T300508099","Winter",20,0,0,0,20,10,3,2018,"Treatment",1,"WINTER 2074",40,20
"T300508099","Summer",0,0,0,0,0,0,3,2018,"Treatment",1,"SUMMER 2075",40,20
"T300508099","Annual",0,0,0,0,0,0,3,2018,"Treatment",1,"ANNAUL 2074-75",40,20
"T308703001","Monsoon",50,0,0,0,50,50,2,2018,"Treatment",1,"MONSOON 2074",100,50
"T308703001","Winter",50,0,0,0,50,25,2,2018,"Treatment",1,"WINTER 2074",100,50
"T308703001","Summer",0,0,0,0,0,0,2,2018,"Treatment",1,"SUMMER 2075",100,50
"T308703001","Annual",0,0,0,0,0,0,2,2018,"Treatment",1,"ANNAUL 2074-75",100,50
"T302608032","Monsoon",40,0,0,0,40,40,2,2018,"Control",0,"MONSOON 2074",80,40
"T302608032","Winter",40,0,0,0,40,40,2,2018,"Control",0,"WINTER 2074",80,40
"T302608032","Summer",0,0,0,0,0,0,2,2018,"Control",0,"SUMMER 2075",80,40
"T302608032","Annual",0,0,0,0,0,0,2,2018,"Control",0,"ANNAUL 2074-75",80,40
"T302608033","Monsoon",70,0,0,0,70,70,2,2018,"Control",0,"MONSOON 2074",140,70
"T302608033","Winter",70,0,0,0,70,50,2,2018,"Control",0,"WINTER 2074",140,70
"T302608033","Summer",0,0,0,70,0,0,2,2018,"Control",0,"SUMMER 2075",140,70
"T302608033","Annual",0,0,0,0,0,0,2,2018,"Control",0,"ANNAUL 2074-75",140,70
"T302609007","Monsoon",40,0,0,0,40,40,2,2018,"Control",0,"MONSOON 2074",80,40
"T302609007","Winter",40,0,0,0,40,20,2,2018,"Control",0,"WINTER 2074",80,40
"T302609007","Summer",0,0,0,0,0,0,2,2018,"Control",0,"SUMMER 2075",80,40
"T302609007","Annual",0,0,0,0,0,0,2,2018,"Control",0,"ANNAUL 2074-75",80,40
"T302603034","Monsoon",60,0,0,0,60,60,2,2018,"Treatment",1,"MONSOON 2074",120,60
"T302603034","Winter",60,0,0,0,60,0,2,2018,"Treatment",1,"WINTER 2074",120,60
"T302603034","Summer",0,0,0,0,0,0,2,2018,"Treatment",1,"SUMMER 2075",120,60
"T302603034","Annual",0,0,0,0,0,0,2,2018,"Treatment",1,"ANNAUL 2074-75",120,60
"T302602009","Monsoon",60,0,0,0,60,60,2,2018,"Treatment",1,"MONSOON 2074",120,60
"T302602009","Winter",60,0,0,0,60,15,2,2018,"Treatment",1,"WINTER 2074",120,60
"T302602009","Summer",0,0,0,0,0,0,2,2018,"Treatment",1,"SUMMER 2075",120,60
"T302602009","Annual",0,0,0,0,0,0,2,2018,"Treatment",1,"ANNAUL 2074-75",120,60
"T300608006","Monsoon",80,0,160,0,80,80,2,2018,"Treatment",1,"MONSOON 2074",160,240
"T300608006","Winter",80,0,160,0,80,40,2,2018,"Treatment",1,"WINTER 2074",160,240
"T300608006","Summer",0,0,0,0,0,0,2,2018,"Treatment",1,"SUMMER 2075",160,240
"T300608006","Annual",0,0,0,0,0,0,2,2018,"Treatment",1,"ANNAUL 2074-75",160,240
"T301808003","Monsoon",15,0,0,0,15,15,3,2018,"Control",0,"MONSOON 2074",30,15
"T301808003","Winter",15,0,0,0,15,10,3,2018,"Control",0,"WINTER 2074",30,15
"T301808003","Summer",0,0,0,0,0,0,3,2018,"Control",0,"SUMMER 2075",30,15
"T301808003","Annual",0,0,0,0,0,0,3,2018,"Control",0,"ANNAUL 2074-75",30,15
"T301805004","Monsoon",80,0,0,0,80,80,3,2018,"Control",0,"MONSOON 2074",160,80
"T301805004","Winter",80,0,0,0,80,40,3,2018,"Control",0,"WINTER 2074",160,80
"T301805004","Summer",0,0,0,0,0,0,3,2018,"Control",0,"SUMMER 2075",160,80
"T301805004","Annual",0,0,0,0,0,0,3,2018,"Control",0,"ANNAUL 2074-75",160,80
"T309306011","Monsoon",240,0,80,0,240,240,2,2018,"Control",0,"MONSOON 2074",480,320
"T309306011","Winter",240,0,80,0,240,160,2,2018,"Control",0,"WINTER 2074",480,320
"T309306011","Summer",0,0,0,0,0,0,2,2018,"Control",0,"SUMMER 2075",480,320
"T309306011","Annual",0,0,0,0,0,0,2,2018,"Control",0,"ANNAUL 2074-75",480,320
"T309306012","Monsoon",100,0,0,0,100,100,2,2018,"Treatment",1,"MONSOON 2074",200,100
"T309306012","Winter",100,0,0,0,100,60,2,2018,"Treatment",1,"WINTER 2074",200,100
"T309306012","Summer",0,0,0,0,0,0,2,2018,"Treatment",1,"SUMMER 2075",200,100
"T309306012","Annual",0,0,0,0,0,0,2,2018,"Treatment",1,"ANNAUL 2074-75",200,100
"T300608033","Monsoon",40,0,0,0,40,40,2,2018,"Treatment",1,"MONSOON 2074",80,40
"T300608033","Winter",40,0,0,0,40,10,2,2018,"Treatment",1,"WINTER 2074",80,40
"T300608033","Summer",0,0,0,0,0,0,2,2018,"Treatment",1,"SUMMER 2075",80,40
"T300608033","Annual",0,0,0,0,0,0,2,2018,"Treatment",1,"ANNAUL 2074-75",80,40
"T303608010","Monsoon",50,0,70,0,50,50,2,2018,"Control",0,"MONSOON 2074",100,120
"T303608010","Winter",50,0,70,0,50,30,2,2018,"Control",0,"WINTER 2074",100,120
"T303608010","Summer",0,0,0,0,0,0,2,2018,"Control",0,"SUMMER 2075",100,120
"T303608010","Annual",0,0,0,0,0,0,2,2018,"Control",0,"ANNAUL 2074-75",100,120
"T305404026","Monsoon",120,0,80,0,120,80,2,2018,"Control",0,"MONSOON 2074",240,200
"T305404026","Winter",120,0,80,0,120,30,2,2018,"Control",0,"WINTER 2074",240,200
"T305404026","Summer",0,0,0,0,0,0,2,2018,"Control",0,"SUMMER 2075",240,200
"T305404026","Annual",0,0,0,0,0,0,2,2018,"Control",0,"ANNAUL 2074-75",240,200
"T300901112","Monsoon",120,0,0,0,120,120,2,2018,"Control",0,"MONSOON 2074",260,0
"T300901112","Winter",120,0,0,0,120,120,2,2018,"Control",0,"WINTER 2074",260,0
"T300901112","Summer",0,0,0,0,0,0,2,2018,"Control",0,"SUMMER 2075",260,0
"T300901112","Annual",20,0,0,0,20,20,2,2018,"Control",0,"ANNAUL 2074-75",260,0
"T300901113","Monsoon",60,0,0,0,60,60,2,2018,"Treatment",1,"MONSOON 2074",140,60
"T300901113","Winter",60,0,0,0,60,60,2,2018,"Treatment",1,"WINTER 2074",140,60
"T300901113","Summer",0,0,0,0,0,0,2,2018,"Treatment",1,"SUMMER 2075",140,60
"T300901113","Annual",20,0,0,0,20,20,2,2018,"Treatment",1,"ANNAUL 2074-75",140,60
"T306004001","Monsoon",20,0,100,0,20,20,2,2019,"Treatment",1,"MONSOON 2075",50,120
"T306004001","Winter",20,0,100,0,20,20,2,2019,"Treatment",1,"WINTER 2075",50,120
"T306004001","Summer",10,0,100,10,10,10,2,2019,"Treatment",1,"SUMMER 2076",50,120
"T306004001","Annual",0,0,0,0,0,0,2,2019,"Treatment",1,"ANNUAL 2075-76",50,120
"T309708020","Monsoon",0,0,0,80,0,0,1,2019,"Treatment",1,"MONSOON 2075",0,0
"T309708020","Winter",0,0,0,80,0,0,1,2019,"Treatment",1,"WINTER 2075",0,0
"T309708020","Summer",0,0,0,80,0,0,1,2019,"Treatment",1,"SUMMER 2076",0,0
"T309708020","Annual",0,0,0,80,0,0,1,2019,"Treatment",1,"ANNUAL 2075-76",0,0
"T300608033","Monsoon",30,0,0,0,30,30,2,2019,"Treatment",1,"MONSOON 2075",60,30
"T300608033","Winter",30,0,0,0,30,30,2,2019,"Treatment",1,"WINTER 2075",60,30
"T300608033","Summer",0,0,0,30,0,0,2,2019,"Treatment",1,"SUMMER 2076",60,30
"T300608033","Annual",0,0,0,0,0,0,2,2019,"Treatment",1,"ANNUAL 2075-76",60,30
"T302806050","Monsoon",80,0,0,0,80,80,1,2019,"Treatment",1,"MONSOON 2075",160,80
"T302806050","Winter",80,0,0,0,80,80,1,2019,"Treatment",1,"WINTER 2075",160,80
"T302806050","Summer",0,0,0,80,0,0,1,2019,"Treatment",1,"SUMMER 2076",160,80
"T302806050","Annual",0,0,0,0,0,0,1,2019,"Treatment",1,"ANNUAL 2075-76",160,80
"T309306012","Monsoon",25,0,40,0,25,25,2,2019,"Treatment",1,"MONSOON 2075",50,65
"T309306012","Winter",25,0,40,0,25,15,2,2019,"Treatment",1,"WINTER 2075",50,65
"T309306012","Summer",0,0,0,65,0,0,2,2019,"Treatment",1,"SUMMER 2076",50,65
"T309306012","Annual",0,0,0,0,0,0,2,2019,"Treatment",1,"ANNUAL 2075-76",50,65
"T300508099","Monsoon",20,0,0,0,20,20,3,2019,"Treatment",1,"MONSOON 2075",60,20
"T300508099","Winter",20,0,0,0,20,20,3,2019,"Treatment",1,"WINTER 2075",60,20
"T300508099","Summer",20,0,0,0,20,0,3,2019,"Treatment",1,"SUMMER 2076",60,20
"T300508099","Annual",0,0,0,0,0,0,3,2019,"Treatment",1,"ANNUAL 2075-76",60,20
"T305602003","Monsoon",80,0,40,0,80,80,2,2019,"Treatment",1,"MONSOON 2075",240,120
"T305602003","Winter",80,0,40,0,80,60,2,2019,"Treatment",1,"WINTER 2075",240,120
"T305602003","Summer",80,0,40,0,80,80,2,2019,"Treatment",1,"SUMMER 2076",240,120
"T305602003","Annual",0,0,40,80,0,0,2,2019,"Treatment",1,"ANNUAL 2075-76",240,120
"T300406135","Monsoon",100,0,100,0,100,100,1,2019,"Treatment",1,"MONSOON 2075",200,200
"T300406135","Winter",100,0,100,0,100,100,1,2019,"Treatment",1,"WINTER 2075",200,200
"T300406135","Summer",0,0,0,200,0,0,1,2019,"Treatment",1,"SUMMER 2076",200,200
"T300406135","Annual",0,0,0,0,0,0,1,2019,"Treatment",1,"ANNUAL 2075-76",200,200
"T306102002","Monsoon",0,0,200,0,0,0,2,2019,"Treatment",1,"MONSOON 2075",0,200
"T306102002","Winter",0,0,200,0,0,0,2,2019,"Treatment",1,"WINTER 2075",0,200
"T306102002","Summer",0,0,200,0,0,0,2,2019,"Treatment",1,"SUMMER 2076",0,200
"T306102002","Annual",0,0,0,0,0,0,2,2019,"Treatment",1,"ANNUAL 2075-76",0,200
"T305607002","Monsoon",120,0,40,0,120,120,2,2019,"Treatment",1,"MONSOON 2075",360,160
"T305607002","Winter",120,0,40,0,120,100,2,2019,"Treatment",1,"WINTER 2075",360,160
"T305607002","Summer",120,0,40,0,120,120,2,2019,"Treatment",1,"SUMMER 2076",360,160
"T305607002","Annual",0,0,0,0,0,0,2,2019,"Treatment",1,"ANNUAL 2075-76",360,160
"T308707002","Monsoon",0,0,100,0,0,0,2,2019,"Treatment",1,"MONSOON 2075",0,100
"T308707002","Winter",0,0,100,0,0,0,2,2019,"Treatment",1,"WINTER 2075",0,100
"T308707002","Summer",0,0,100,0,0,0,2,2019,"Treatment",1,"SUMMER 2076",0,100
"T308707002","Annual",0,0,100,0,0,0,2,2019,"Treatment",1,"ANNUAL 2075-76",0,100
"T306102001","Monsoon",0,0,80,0,0,0,2,2019,"Treatment",1,"MONSOON 2075",0,80
"T306102001","Winter",0,0,80,0,0,0,2,2019,"Treatment",1,"WINTER 2075",0,80
"T306102001","Summer",0,0,80,0,0,0,2,2019,"Treatment",1,"SUMMER 2076",0,80
"T306102001","Annual",0,0,80,0,0,0,2,2019,"Treatment",1,"ANNUAL 2075-76",0,80
"T304802030","Monsoon",9,0,0,0,9,9,1,2019,"Treatment",1,"MONSOON 2075",27,9
"T304802030","Winter",9,0,0,0,9,9,1,2019,"Treatment",1,"WINTER 2075",27,9
"T304802030","Summer",9,0,0,0,9,9,1,2019,"Treatment",1,"SUMMER 2076",27,9
"T304802030","Annual",0,0,0,0,0,0,1,2019,"Treatment",1,"ANNUAL 2075-76",27,9
"T305519001","Monsoon",14,0,0,46,14,14,3,2019,"Treatment",1,"MONSOON 2075",42,60
"T305519001","Winter",14,0,0,46,14,10,3,2019,"Treatment",1,"WINTER 2075",42,60
"T305519001","Summer",14,0,0,46,14,0,3,2019,"Treatment",1,"SUMMER 2076",42,60
"T305519001","Annual",0,0,0,0,0,0,3,2019,"Treatment",1,"ANNUAL 2075-76",42,60
"T301911010","Monsoon",300,0,0,0,300,0,3,2019,"Treatment",1,"MONSOON 2075",900,300
"T301911010","Winter",300,0,0,0,300,0,3,2019,"Treatment",1,"WINTER 2075",900,300
"T301911010","Summer",300,0,0,0,300,0,3,2019,"Treatment",1,"SUMMER 2076",900,300
"T301911010","Annual",0,0,0,0,0,0,3,2019,"Treatment",1,"ANNUAL 2075-76",900,300
"T300307001","Monsoon",10,0,0,0,10,10,2,2019,"Treatment",1,"MONSOON 2075",20,10
"T300307001","Winter",10,0,0,0,10,10,2,2019,"Treatment",1,"WINTER 2075",20,10
"T300307001","Summer",0,0,0,10,0,0,2,2019,"Treatment",1,"SUMMER 2076",20,10
"T300307001","Annual",0,0,0,0,0,0,2,2019,"Treatment",1,"ANNUAL 2075-76",20,10
"T302602009","Monsoon",80,0,20,0,80,80,2,2019,"Treatment",1,"MONSOON 2075",180,100
"T302602009","Winter",80,0,20,0,80,60,2,2019,"Treatment",1,"WINTER 2075",180,100
"T302602009","Summer",20,0,20,60,20,20,2,2019,"Treatment",1,"SUMMER 2076",180,100
"T302602009","Annual",0,0,0,0,0,0,2,2019,"Treatment",1,"ANNUAL 2075-76",180,100
"T304802122","Monsoon",25,0,0,0,25,25,1,2019,"Treatment",1,"MONSOON 2075",50,30
"T304802122","Winter",25,0,0,0,25,25,1,2019,"Treatment",1,"WINTER 2075",50,30
"T304802122","Summer",0,0,0,30,0,0,1,2019,"Treatment",1,"SUMMER 2076",50,30
"T304802122","Annual",0,0,0,0,0,0,1,2019,"Treatment",1,"ANNUAL 2075-76",50,30
"T308705001","Monsoon",160,0,140,0,160,160,2,2019,"Treatment",1,"MONSOON 2075",320,300
"T308705001","Winter",160,0,140,0,160,100,2,2019,"Treatment",1,"WINTER 2075",320,300
"T308705001","Summer",0,0,0,300,0,0,2,2019,"Treatment",1,"SUMMER 2076",320,300
"T308705001","Annual",0,0,0,0,0,0,2,2019,"Treatment",1,"ANNUAL 2075-76",320,300
"T305001120","Monsoon",100,0,0,140,100,100,1,2019,"Treatment",1,"MONSOON 2075",340,240
"T305001120","Winter",100,0,0,140,100,50,1,2019,"Treatment",1,"WINTER 2075",340,240
"T305001120","Summer",0,0,0,240,0,0,1,2019,"Treatment",1,"SUMMER 2076",340,240
"T305001120","Annual",140,0,0,100,140,140,1,2019,"Treatment",1,"ANNUAL 2075-76",340,240
"T303007001","Monsoon",0,0,80,0,0,0,2,2019,"Treatment",1,"MONSOON 2075",0,80
"T303007001","Winter",0,0,80,0,0,0,2,2019,"Treatment",1,"WINTER 2075",0,80
"T303007001","Summer",0,0,80,0,0,0,2,2019,"Treatment",1,"SUMMER 2076",0,80
"T303007001","Annual",0,0,0,0,0,0,2,2019,"Treatment",1,"ANNUAL 2075-76",0,80
"T305607005","Monsoon",240,0,0,0,240,240,2,2019,"Treatment",1,"MONSOON 2075",520,240
"T305607005","Winter",240,0,0,0,240,200,2,2019,"Treatment",1,"WINTER 2075",520,240
"T305607005","Summer",40,0,0,200,40,40,2,2019,"Treatment",1,"SUMMER 2076",520,240
"T305607005","Annual",0,0,0,0,0,0,2,2019,"Treatment",1,"ANNUAL 2075-76",520,240
"T300608006","Monsoon",180,0,100,0,180,180,2,2019,"Treatment",1,"MONSOON 2075",360,280
"T300608006","Winter",180,0,100,0,180,160,2,2019,"Treatment",1,"WINTER 2075",360,280
"T300608006","Summer",0,0,100,180,0,0,2,2019,"Treatment",1,"SUMMER 2076",360,280
"T300608006","Annual",0,0,0,0,0,0,2,2019,"Treatment",1,"ANNUAL 2075-76",360,280
"T308703001","Monsoon",51,0,9,0,51,51,2,2019,"Treatment",1,"MONSOON 2075",110,60
"T308703001","Winter",51,0,9,0,51,25,2,2019,"Treatment",1,"WINTER 2075",110,60
"T308703001","Summer",8,0,0,52,8,8,2,2019,"Treatment",1,"SUMMER 2076",110,60
"T308703001","Annual",0,0,0,0,0,0,2,2019,"Treatment",1,"ANNUAL 2075-76",110,60
"T300901113","Monsoon",0,0,80,0,0,0,2,2019,"Treatment",1,"MONSOON 2075",0,80
"T300901113","Winter",0,0,80,0,0,0,2,2019,"Treatment",1,"WINTER 2075",0,80
"T300901113","Summer",0,0,80,0,0,0,2,2019,"Treatment",1,"SUMMER 2076",0,80
"T300901113","Annual",0,0,0,0,0,0,2,2019,"Treatment",1,"ANNUAL 2075-76",0,80
"T302603034","Monsoon",0,0,60,0,0,0,2,2019,"Treatment",1,"MONSOON 2075",0,60
"T302603034","Winter",0,0,60,0,0,0,2,2019,"Treatment",1,"WINTER 2075",0,60
"T302603034","Summer",0,0,60,0,0,0,2,2019,"Treatment",1,"SUMMER 2076",0,60
"T302603034","Annual",0,0,0,0,0,0,2,2019,"Treatment",1,"ANNUAL 2075-76",0,60
"T305607004","Monsoon",100,0,0,0,100,100,2,2019,"Treatment",1,"MONSOON 2075",300,100
"T305607004","Winter",100,0,0,0,100,50,2,2019,"Treatment",1,"WINTER 2075",300,100
"T305607004","Summer",100,0,0,0,100,100,2,2019,"Treatment",1,"SUMMER 2076",300,100
"T305607004","Annual",0,0,0,0,0,0,2,2019,"Treatment",1,"ANNUAL 2075-76",300,100
"T304802123","Monsoon",20,5,0,0,25,25,1,2019,"Treatment",1,"MONSOON 2075",50,20
"T304802123","Winter",20,5,0,0,25,20,1,2019,"Treatment",1,"WINTER 2075",50,20
"T304802123","Summer",0,0,0,20,0,0,1,2019,"Treatment",1,"SUMMER 2076",50,20
"T304802123","Annual",0,0,0,0,0,0,1,2019,"Treatment",1,"ANNUAL 2075-76",50,20
"T304905099","Monsoon",40,0,0,0,40,40,1,2019,"Control",0,"MONSOON 2075",92,40
"T304905099","Winter",40,0,0,0,40,40,1,2019,"Control",0,"WINTER 2075",92,40
"T304905099","Summer",12,0,0,28,12,0,1,2019,"Control",0,"SUMMER 2076",92,40
"T304905099","Annual",0,0,0,0,0,0,1,2019,"Control",0,"ANNUAL 2075-76",92,40
"T302608031","Monsoon",35,20,0,0,55,55,2,2019,"Control",0,"MONSOON 2075",110,35
"T302608031","Winter",35,20,0,0,55,55,2,2019,"Control",0,"WINTER 2075",110,35
"T302608031","Summer",0,0,0,35,0,0,2,2019,"Control",0,"SUMMER 2076",110,35
"T302608031","Annual",0,0,0,0,0,0,2,2019,"Control",0,"ANNUAL 2075-76",110,35
"T304901100","Monsoon",6,0,0,0,6,6,1,2019,"Control",0,"MONSOON 2075",12,6
"T304901100","Winter",6,0,0,0,6,6,1,2019,"Control",0,"WINTER 2075",12,6
"T304901100","Summer",0,0,0,6,0,0,1,2019,"Control",0,"SUMMER 2076",12,6
"T304901100","Annual",0,0,0,0,0,0,1,2019,"Control",0,"ANNUAL 2075-76",12,6
"T307408001","Monsoon",30,0,0,0,30,30,3,2019,"Control",0,"MONSOON 2075",60,30
"T307408001","Winter",30,0,0,0,30,30,3,2019,"Control",0,"WINTER 2075",60,30
"T307408001","Summer",0,0,0,30,0,0,3,2019,"Control",0,"SUMMER 2076",60,30
"T307408001","Annual",0,0,0,0,0,0,3,2019,"Control",0,"ANNUAL 2075-76",60,30
"T301503134","Monsoon",10,0,0,0,10,10,1,2019,"Control",0,"MONSOON 2075",30,10
"T301503134","Winter",10,0,0,0,10,10,1,2019,"Control",0,"WINTER 2075",30,10
"T301503134","Summer",10,0,0,0,10,0,1,2019,"Control",0,"SUMMER 2076",30,10
"T301503134","Annual",0,0,0,0,0,0,1,2019,"Control",0,"ANNUAL 2075-76",30,10
"T309504024","Monsoon",30,0,0,0,30,30,2,2019,"Control",0,"MONSOON 2075",60,30
"T309504024","Winter",30,0,0,0,30,15,2,2019,"Control",0,"WINTER 2075",60,30
"T309504024","Summer",0,0,0,30,0,0,2,2019,"Control",0,"SUMMER 2076",60,30
"T309504024","Annual",0,0,0,0,0,0,2,2019,"Control",0,"ANNUAL 2075-76",60,30
"T304308003","Monsoon",20,0,0,40,20,20,3,2019,"Control",0,"MONSOON 2075",40,60
"T304308003","Winter",20,0,0,40,20,20,3,2019,"Control",0,"WINTER 2075",40,60
"T304308003","Summer",0,0,0,60,0,0,3,2019,"Control",0,"SUMMER 2076",40,60
"T304308003","Annual",40,0,0,0,0,40,3,2019,"Control",0,"ANNUAL 2075-76",40,60
"T301503081","Monsoon",80,0,40,40,80,80,1,2019,"Control",0,"MONSOON 2075",200,160
"T301503081","Winter",80,0,40,40,80,80,1,2019,"Control",0,"WINTER 2075",200,160
"T301503081","Summer",40,0,40,0,40,40,1,2019,"Control",0,"SUMMER 2076",200,160
"T301503081","Annual",0,0,0,0,0,0,1,2019,"Control",0,"ANNUAL 2075-76",200,160
"T302608029","Monsoon",20,20,0,0,40,40,2,2019,"Control",0,"MONSOON 2075",120,20
"T302608029","Winter",20,20,0,0,40,30,2,2019,"Control",0,"WINTER 2075",120,20
"T302608029","Summer",20,20,0,0,40,40,2,2019,"Control",0,"SUMMER 2076",120,20
"T302608029","Annual",0,0,0,0,0,0,2,2019,"Control",0,"ANNUAL 2075-76",120,20
"T309009013","Monsoon",40,0,10,0,40,40,2,2019,"Control",0,"MONSOON 2075",102,50
"T309009013","Winter",40,0,10,0,40,22,2,2019,"Control",0,"WINTER 2075",102,50
"T309009013","Summer",22,0,10,18,22,22,2,2019,"Control",0,"SUMMER 2076",102,50
"T309009013","Annual",0,0,0,0,0,0,2,2019,"Control",0,"ANNUAL 2075-76",102,50
"T302608003","Monsoon",100,0,0,0,100,100,2,2019,"Control",0,"MONSOON 2075",200,100
"T302608003","Winter",100,0,0,0,100,100,2,2019,"Control",0,"WINTER 2075",200,100
"T302608003","Summer",0,0,0,100,0,0,2,2019,"Control",0,"SUMMER 2076",200,100
"T302608003","Annual",0,0,0,0,0,0,2,2019,"Control",0,"ANNUAL 2075-76",200,100
"T302607029","Monsoon",50,0,10,0,50,50,2,2019,"Control",0,"MONSOON 2075",120,60
"T302607029","Winter",50,0,10,0,50,50,2,2019,"Control",0,"WINTER 2075",120,60
"T302607029","Summer",20,0,10,30,20,20,2,2019,"Control",0,"SUMMER 2076",120,60
"T302607029","Annual",0,0,0,0,0,0,2,2019,"Control",0,"ANNUAL 2075-76",120,60
"T306708132","Monsoon",40,0,0,0,40,40,1,2019,"Control",0,"MONSOON 2075",70,40
"T306708132","Winter",20,0,20,0,20,20,1,2019,"Control",0,"WINTER 2075",70,40
"T306708132","Summer",10,0,20,10,10,0,1,2019,"Control",0,"SUMMER 2076",70,40
"T306708132","Annual",0,0,0,0,0,0,1,2019,"Control",0,"ANNUAL 2075-76",70,40
"T309303010","Monsoon",35,0,0,0,35,35,2,2019,"Control",0,"MONSOON 2075",85,35
"T309303010","Winter",35,0,0,0,35,35,2,2019,"Control",0,"WINTER 2075",85,35
"T309303010","Summer",15,0,0,20,15,15,2,2019,"Control",0,"SUMMER 2076",85,35
"T309303010","Annual",0,0,0,0,0,0,2,2019,"Control",0,"ANNUAL 2075-76",85,35
"T303806078","Monsoon",30,0,0,0,30,20,1,2019,"Control",0,"MONSOON 2075",45,30
"T303806078","Winter",15,0,0,15,15,15,1,2019,"Control",0,"WINTER 2075",45,30
"T303806078","Summer",0,0,0,30,0,0,1,2019,"Control",0,"SUMMER 2076",45,30
"T303806078","Annual",0,0,0,0,0,0,1,2019,"Control",0,"ANNUAL 2075-76",45,30
"T303807077","Monsoon",18,0,0,0,18,18,1,2019,"Control",0,"MONSOON 2075",36,18
"T303807077","Winter",18,0,0,0,18,18,1,2019,"Control",0,"WINTER 2075",36,18
"T303807077","Summer",0,0,0,18,0,0,1,2019,"Control",0,"SUMMER 2076",36,18
"T303807077","Annual",0,0,0,0,0,0,1,2019,"Control",0,"ANNUAL 2075-76",36,18
"T302607006","Monsoon",45,0,5,0,45,45,2,2019,"Control",0,"MONSOON 2075",90,50
"T302607006","Winter",45,0,5,0,45,45,2,2019,"Control",0,"WINTER 2075",90,50
"T302607006","Summer",0,0,0,50,0,0,2,2019,"Control",0,"SUMMER 2076",90,50
"T302607006","Annual",0,0,0,0,0,0,2,2019,"Control",0,"ANNUAL 2075-76",90,50
"T305104033","Monsoon",25,0,20,0,25,25,2,2019,"Control",0,"MONSOON 2075",50,45
"T305104033","Winter",25,0,20,0,25,25,2,2019,"Control",0,"WINTER 2075",50,45
"T305104033","Summer",0,0,0,45,0,0,2,2019,"Control",0,"SUMMER 2076",50,45
"T305104033","Annual",0,0,0,0,0,0,2,2019,"Control",0,"ANNUAL 2075-76",50,45
"T302608032","Monsoon",60,0,0,0,60,60,2,2019,"Control",0,"MONSOON 2075",120,60
"T302608032","Winter",60,0,0,0,60,60,2,2019,"Control",0,"WINTER 2075",120,60
"T302608032","Summer",0,0,0,60,0,0,2,2019,"Control",0,"SUMMER 2076",120,60
"T302608032","Annual",0,0,0,0,0,0,2,2019,"Control",0,"ANNUAL 2075-76",120,60
"T305102015","Monsoon",0,0,160,0,0,0,2,2019,"Control",0,"MONSOON 2075",0,160
"T305102015","Winter",0,0,160,0,0,0,2,2019,"Control",0,"WINTER 2075",0,160
"T305102015","Summer",0,0,160,0,0,0,2,2019,"Control",0,"SUMMER 2076",0,160
"T305102015","Annual",0,0,160,0,0,0,2,2019,"Control",0,"ANNUAL 2075-76",0,160
"T300603032","Monsoon",30,0,10,0,30,30,2,2019,"Control",0,"MONSOON 2075",60,40
"T300603032","Winter",30,0,10,0,30,20,2,2019,"Control",0,"WINTER 2075",60,40
"T300603032","Summer",0,0,0,30,0,0,2,2019,"Control",0,"SUMMER 2076",60,40
"T300603032","Annual",0,0,0,0,0,0,2,2019,"Control",0,"ANNUAL 2075-76",60,40
"T302608026","Monsoon",45,0,15,0,45,45,2,2019,"Control",0,"MONSOON 2075",100,60
"T302608026","Winter",45,0,15,0,45,25,2,2019,"Control",0,"WINTER 2075",100,60
"T302608026","Summer",10,0,15,35,10,10,2,2019,"Control",0,"SUMMER 2076",100,60
"T302608026","Annual",0,0,0,0,0,0,2,2019,"Control",0,"ANNUAL 2075-76",100,60
"T305007121","Monsoon",0,0,30,0,0,0,1,2019,"Control",0,"MONSOON 2075",0,30
"T305007121","Winter",0,0,30,0,0,0,1,2019,"Control",0,"WINTER 2075",0,30
"T305007121","Summer",0,0,30,0,0,0,1,2019,"Control",0,"SUMMER 2076",0,30
"T305007121","Annual",0,0,0,0,0,0,1,2019,"Control",0,"ANNUAL 2075-76",0,30
"T303505004","Monsoon",60,0,0,0,60,60,3,2019,"Control",0,"MONSOON 2075",140,60
"T303505004","Winter",60,0,0,0,60,60,3,2019,"Control",0,"WINTER 2075",140,60
"T303505004","Summer",20,0,0,40,20,0,3,2019,"Control",0,"SUMMER 2076",140,60
"T303505004","Annual",0,0,0,0,0,0,3,2019,"Control",0,"ANNUAL 2075-76",140,60
"T304804086","Monsoon",30,0,0,0,30,30,1,2019,"Control",0,"MONSOON 2075",60,30
"T304804086","Winter",30,0,0,0,30,20,1,2019,"Control",0,"WINTER 2075",60,30
"T304804086","Summer",0,0,0,30,0,0,1,2019,"Control",0,"SUMMER 2076",60,30
"T304804086","Annual",0,0,0,0,0,0,1,2019,"Control",0,"ANNUAL 2075-76",60,30
"T301503071","Monsoon",30,0,20,50,30,30,1,2019,"Control",0,"MONSOON 2075",100,100
"T301503071","Winter",30,0,20,50,30,30,1,2019,"Control",0,"WINTER 2075",100,100
"T301503071","Summer",0,0,0,100,0,0,1,2019,"Control",0,"SUMMER 2076",100,100
"T301503071","Annual",40,0,0,60,40,40,1,2019,"Control",0,"ANNUAL 2075-76",100,100
"T304808083","Monsoon",28,0,12,0,28,28,1,2019,"Control",0,"MONSOON 2075",56,40
"T304808083","Winter",28,0,12,0,28,28,1,2019,"Control",0,"WINTER 2075",56,40
"T304808083","Summer",0,0,12,28,0,0,1,2019,"Control",0,"SUMMER 2076",56,40
"T304808083","Annual",0,0,0,0,0,0,1,2019,"Control",0,"ANNUAL 2075-76",56,40
"T300409001","Monsoon",35,0,0,0,35,35,2,2019,"Control",0,"MONSOON 2075",80,35
"T300409001","Winter",35,0,0,0,35,20,2,2019,"Control",0,"WINTER 2075",80,35
"T300409001","Summer",10,0,0,25,10,10,2,2019,"Control",0,"SUMMER 2076",80,35
"T300409001","Annual",0,0,0,0,0,0,2,2019,"Control",0,"ANNUAL 2075-76",80,35
"T304705090","Monsoon",100,0,45,0,100,100,1,2019,"Control",0,"MONSOON 2075",230,145
"T304705090","Winter",100,0,45,0,100,70,1,2019,"Control",0,"WINTER 2075",230,145
"T304705090","Summer",30,0,45,70,30,20,1,2019,"Control",0,"SUMMER 2076",230,145
"T304705090","Annual",0,0,0,0,0,0,1,2019,"Control",0,"ANNUAL 2075-76",230,145
"T300607023","Monsoon",40,0,0,0,40,40,2,2019,"Control",0,"MONSOON 2075",80,40
"T300607023","Winter",40,0,0,0,40,40,2,2019,"Control",0,"WINTER 2075",80,40
"T300607023","Summer",0,0,0,40,0,0,2,2019,"Control",0,"SUMMER 2076",80,40
"T300607023","Annual",0,0,0,0,0,0,2,2019,"Control",0,"ANNUAL 2075-76",80,40
"T300601005","Monsoon",40,0,0,0,40,40,2,2019,"Control",0,"MONSOON 2075",88,40
"T300601005","Winter",40,0,0,0,40,40,2,2019,"Control",0,"WINTER 2075",88,40
"T300601005","Summer",8,0,0,32,8,8,2,2019,"Control",0,"SUMMER 2076",88,40
"T300601005","Annual",0,0,0,0,0,0,2,2019,"Control",0,"ANNUAL 2075-76",88,40
"T307001095","Monsoon",80,0,0,0,80,80,1,2019,"Control",0,"MONSOON 2075",160,80
"T307001095","Winter",80,0,0,0,80,60,1,2019,"Control",0,"WINTER 2075",160,80
"T307001095","Summer",0,0,0,80,0,0,1,2019,"Control",0,"SUMMER 2076",160,80
"T307001095","Annual",0,0,0,0,0,0,1,2019,"Control",0,"ANNUAL 2075-76",160,80
"T300401028","Monsoon",60,0,20,0,60,60,2,2019,"Control",0,"MONSOON 2075",140,80
"T300401028","Winter",60,0,20,0,60,50,2,2019,"Control",0,"WINTER 2075",140,80
"T300401028","Summer",20,0,20,0,20,20,2,2019,"Control",0,"SUMMER 2076",140,80
"T300401028","Annual",0,0,0,0,0,0,2,2019,"Control",0,"ANNUAL 2075-76",140,80
"T305602001","Monsoon",270,0,0,0,270,100,2,2019,"Control",0,"MONSOON 2075",540,270
"T305602001","Winter",270,0,0,0,270,100,2,2019,"Control",0,"WINTER 2075",540,270
"T305602001","Summer",0,0,0,270,0,0,2,2019,"Control",0,"SUMMER 2076",540,270
"T305602001","Annual",0,0,0,0,0,0,2,2019,"Control",0,"ANNUAL 2075-76",540,270
"T303603009","Monsoon",40,0,0,0,40,40,2,2019,"Control",0,"MONSOON 2075",80,40
"T303603009","Winter",40,0,0,0,40,40,2,2019,"Control",0,"WINTER 2075",80,40
"T303603009","Summer",0,0,0,40,0,0,2,2019,"Control",0,"SUMMER 2076",80,40
"T303603009","Annual",0,0,0,0,0,0,2,2019,"Control",0,"ANNUAL 2075-76",80,40
"T302606024","Monsoon",20,0,260,0,20,20,2,2019,"Control",0,"MONSOON 2075",50,280
"T302606024","Winter",20,0,260,0,20,20,2,2019,"Control",0,"WINTER 2075",50,280
"T302606024","Summer",10,0,260,10,10,10,2,2019,"Control",0,"SUMMER 2076",50,280
"T302606024","Annual",0,0,0,0,0,0,2,2019,"Control",0,"ANNUAL 2075-76",50,280
"T301502070","Monsoon",10,0,0,0,10,10,1,2019,"Control",0,"MONSOON 2075",30,10
"T301502070","Winter",10,0,0,0,10,5,1,2019,"Control",0,"WINTER 2075",30,10
"T301502070","Summer",10,0,0,0,10,10,1,2019,"Control",0,"SUMMER 2076",30,10
"T301502070","Annual",0,0,0,0,0,0,1,2019,"Control",0,"ANNUAL 2075-76",30,10
"T302609007","Monsoon",40,0,20,0,40,40,2,2019,"Control",0,"MONSOON 2075",80,60
"T302609007","Winter",40,0,20,0,40,40,2,2019,"Control",0,"WINTER 2075",80,60
"T302609007","Summer",0,0,20,40,0,0,2,2019,"Control",0,"SUMMER 2076",80,60
"T302609007","Annual",0,0,0,0,0,0,2,2019,"Control",0,"ANNUAL 2075-76",80,60
"T305404026","Monsoon",100,0,0,0,100,100,2,2019,"Control",0,"MONSOON 2075",250,100
"T305404026","Winter",100,0,0,0,100,100,2,2019,"Control",0,"WINTER 2075",250,100
"T305404026","Summer",50,0,0,50,50,50,2,2019,"Control",0,"SUMMER 2076",250,100
"T305404026","Annual",0,0,0,0,0,0,2,2019,"Control",0,"ANNUAL 2075-76",250,100
"T302608033","Monsoon",80,0,0,0,80,80,2,2019,"Control",0,"MONSOON 2075",190,80
"T302608033","Winter",80,0,0,0,80,80,2,2019,"Control",0,"WINTER 2075",190,80
"T302608033","Summer",30,0,0,50,30,30,2,2019,"Control",0,"SUMMER 2076",190,80
"T302608033","Annual",0,0,0,0,0,0,2,2019,"Control",0,"ANNUAL 2075-76",190,80
"T304706131","Monsoon",25,0,0,15,25,25,1,2019,"Control",0,"MONSOON 2075",25,40
"T304706131","Winter",0,0,0,40,0,0,1,2019,"Control",0,"WINTER 2075",25,40
"T304706131","Summer",0,0,0,40,0,20,1,2019,"Control",0,"SUMMER 2076",25,40
"T304706131","Annual",0,0,0,0,0,0,1,2019,"Control",0,"ANNUAL 2075-76",25,40
"T302606012","Monsoon",30,10,0,0,40,40,2,2019,"Control",0,"MONSOON 2075",90,30
"T302606012","Winter",30,10,0,0,40,20,2,2019,"Control",0,"WINTER 2075",90,30
"T302606012","Summer",10,0,0,30,10,0,2,2019,"Control",0,"SUMMER 2076",90,30
"T302606012","Annual",0,0,0,0,0,0,2,2019,"Control",0,"ANNUAL 2075-76",90,30
"T304707109","Monsoon",60,0,20,0,60,60,1,2019,"Control",0,"MONSOON 2075",120,80
"T304707109","Winter",60,0,20,0,60,60,1,2019,"Control",0,"WINTER 2075",120,80
"T304707109","Summer",0,0,20,0,0,0,1,2019,"Control",0,"SUMMER 2076",120,80
"T304707109","Annual",0,0,0,0,0,0,1,2019,"Control",0,"ANNUAL 2075-76",120,80
"T304705128","Monsoon",20,0,0,0,20,20,1,2019,"Control",0,"MONSOON 2075",52,20
"T304705128","Winter",20,0,0,0,20,20,1,2019,"Control",0,"WINTER 2075",52,20
"T304705128","Summer",12,0,0,8,12,0,1,2019,"Control",0,"SUMMER 2076",52,20
"T304705128","Annual",0,0,0,0,0,0,1,2019,"Control",0,"ANNUAL 2075-76",52,20
"T301808003","Monsoon",30,0,0,0,30,30,3,2019,"Control",0,"MONSOON 2075",60,30
"T301808003","Winter",30,0,0,0,30,30,3,2019,"Control",0,"WINTER 2075",60,30
"T301808003","Summer",0,0,0,30,0,0,3,2019,"Control",0,"SUMMER 2076",60,30
"T301808003","Annual",0,0,0,0,0,0,3,2019,"Control",0,"ANNUAL 2075-76",60,30
"T305105014","Monsoon",50,0,0,0,50,50,2,2019,"Control",0,"MONSOON 2075",115,50
"T305105014","Winter",50,0,0,0,50,35,2,2019,"Control",0,"WINTER 2075",115,50
"T305105014","Summer",15,0,0,35,15,15,2,2019,"Control",0,"SUMMER 2076",115,50
"T305105014","Annual",0,0,0,0,0,0,2,2019,"Control",0,"ANNUAL 2075-76",115,50
"T302501007","Monsoon",40,0,20,0,40,40,3,2019,"Control",0,"MONSOON 2075",110,60
"T302501007","Winter",40,0,20,0,40,30,3,2019,"Control",0,"WINTER 2075",110,60
"T302501007","Summer",30,0,20,10,30,20,3,2019,"Control",0,"SUMMER 2076",110,60
"T302501007","Annual",0,0,0,0,0,0,3,2019,"Control",0,"ANNUAL 2075-76",110,60
"T302608007","Monsoon",45,0,0,0,45,45,2,2019,"Control",0,"MONSOON 2075",105,45
"T302608007","Winter",45,0,0,0,45,30,2,2019,"Control",0,"WINTER 2075",105,45
"T302608007","Summer",15,0,0,30,15,0,2,2019,"Control",0,"SUMMER 2076",105,45
"T302608007","Annual",0,0,0,0,0,0,2,2019,"Control",0,"ANNUAL 2075-76",105,45
"T302602008","Monsoon",40,0,40,0,40,40,2,2019,"Control",0,"MONSOON 2075",92,80
"T302602008","Winter",40,0,40,0,40,25,2,2019,"Control",0,"WINTER 2075",92,80
"T302602008","Summer",12,0,0,68,12,12,2,2019,"Control",0,"SUMMER 2076",92,80
"T302602008","Annual",0,0,0,0,0,0,2,2019,"Control",0,"ANNUAL 2075-76",92,80
"T305006119","Monsoon",25,0,0,0,25,17,1,2019,"Control",0,"MONSOON 2075",58,25
"T305006119","Winter",25,0,0,0,25,17,1,2019,"Control",0,"WINTER 2075",58,25
"T305006119","Summer",0,0,0,25,0,0,1,2019,"Control",0,"SUMMER 2076",58,25
"T305006119","Annual",8,0,0,17,8,8,1,2019,"Control",0,"ANNUAL 2075-76",58,25
"T307103093","Monsoon",50,0,0,0,50,50,1,2019,"Control",0,"MONSOON 2075",100,50
"T307103093","Winter",50,0,0,0,50,25,1,2019,"Control",0,"WINTER 2075",100,50
"T307103093","Summer",0,0,0,50,0,0,1,2019,"Control",0,"SUMMER 2076",100,50
"T307103093","Annual",0,0,0,0,0,0,1,2019,"Control",0,"ANNUAL 2075-76",100,50
"T303906006","Monsoon",70,0,0,0,70,70,3,2019,"Control",0,"MONSOON 2075",140,70
"T303906006","Winter",70,0,0,0,70,40,3,2019,"Control",0,"WINTER 2075",140,70
"T303906006","Summer",0,0,0,70,0,0,3,2019,"Control",0,"SUMMER 2076",140,70
"T303906006","Annual",0,0,0,0,0,0,3,2019,"Control",0,"ANNUAL 2075-76",140,70
"T304702127","Monsoon",20,0,0,0,20,20,1,2019,"Control",0,"MONSOON 2075",40,20
"T304702127","Winter",20,0,0,0,20,20,1,2019,"Control",0,"WINTER 2075",40,20
"T304702127","Summer",0,0,0,20,0,0,1,2019,"Control",0,"SUMMER 2076",40,20
"T304702127","Annual",0,0,0,0,0,0,1,2019,"Control",0,"ANNUAL 2075-76",40,20
"T304706130","Monsoon",40,20,0,0,60,60,1,2019,"Control",0,"MONSOON 2075",120,40
"T304706130","Winter",40,20,0,0,60,40,1,2019,"Control",0,"WINTER 2075",120,40
"T304706130","Summer",0,0,0,40,0,0,1,2019,"Control",0,"SUMMER 2076",120,40
"T304706130","Annual",0,0,0,0,0,0,1,2019,"Control",0,"ANNUAL 2075-76",120,40
"T302409104","Monsoon",20,0,0,0,20,20,1,2019,"Control",0,"MONSOON 2075",60,20
"T302409104","Winter",20,0,0,0,20,20,1,2019,"Control",0,"WINTER 2075",60,20
"T302409104","Summer",20,0,0,0,20,20,1,2019,"Control",0,"SUMMER 2076",60,20
"T302409104","Annual",0,0,0,0,0,0,1,2019,"Control",0,"ANNUAL 2075-76",60,20
"T300509098","Monsoon",26,0,0,0,26,26,1,2019,"Control",0,"MONSOON 2075",62,26
"T300509098","Winter",26,0,0,0,26,26,1,2019,"Control",0,"WINTER 2075",62,26
"T300509098","Summer",10,0,0,16,10,10,1,2019,"Control",0,"SUMMER 2076",62,26
"T300509098","Annual",0,0,0,0,0,0,1,2019,"Control",0,"ANNUAL 2075-76",62,26
"T300901112","Monsoon",0,0,120,0,0,0,2,2019,"Control",0,"MONSOON 2075",0,120
"T300901112","Winter",0,0,120,0,0,0,2,2019,"Control",0,"WINTER 2075",0,120
"T300901112","Summer",0,0,120,0,0,0,2,2019,"Control",0,"SUMMER 2076",0,120
"T300901112","Annual",0,0,0,0,0,0,2,2019,"Control",0,"ANNUAL 2075-76",0,120
"T300902111","Monsoon",30,0,10,0,30,30,1,2019,"Control",0,"MONSOON 2075",60,40
"T300902111","Winter",30,0,0,10,30,15,1,2019,"Control",0,"WINTER 2075",60,40
"T300902111","Summer",0,0,0,40,0,0,1,2019,"Control",0,"SUMMER 2076",60,40
"T300902111","Annual",0,0,0,0,0,0,1,2019,"Control",0,"ANNUAL 2075-76",60,40
"T301001084","Monsoon",14,0,26,0,14,14,1,2019,"Control",0,"MONSOON 2075",42,40
"T301001084","Winter",14,0,26,0,14,14,1,2019,"Control",0,"WINTER 2075",42,40
"T301001084","Summer",14,0,26,0,14,0,1,2019,"Control",0,"SUMMER 2076",42,40
"T301001084","Annual",0,0,0,0,0,0,1,2019,"Control",0,"ANNUAL 2075-76",42,40
"T301805004","Monsoon",80,0,0,0,80,80,3,2019,"Control",0,"MONSOON 2075",210,80
"T301805004","Winter",80,0,0,0,80,50,3,2019,"Control",0,"WINTER 2075",210,80
"T301805004","Summer",50,0,0,30,50,30,3,2019,"Control",0,"SUMMER 2076",210,80
"T301805004","Annual",0,0,0,0,0,0,3,2019,"Control",0,"ANNUAL 2075-76",210,80
"T301503073","Monsoon",20,0,0,0,20,20,1,2019,"Control",0,"MONSOON 2075",60,20
"T301503073","Winter",20,0,0,0,20,20,1,2019,"Control",0,"WINTER 2075",60,20
"T301503073","Summer",20,0,0,0,20,20,1,2019,"Control",0,"SUMMER 2076",60,20
"T301503073","Annual",0,0,0,0,0,0,1,2019,"Control",0,"ANNUAL 2075-76",60,20
"T305004118","Monsoon",80,0,0,30,80,80,1,2019,"Control",0,"MONSOON 2075",204,110
"T305004118","Winter",80,0,0,30,80,80,1,2019,"Control",0,"WINTER 2075",204,110
"T305004118","Summer",14,0,0,96,14,4,1,2019,"Control",0,"SUMMER 2076",204,110
"T305004118","Annual",30,0,0,80,30,30,1,2019,"Control",0,"ANNUAL 2075-76",204,110
"T304707129","Monsoon",120,0,0,0,120,120,1,2019,"Control",0,"MONSOON 2075",325,120
"T304707129","Winter",120,0,0,0,120,104,1,2019,"Control",0,"WINTER 2075",325,120
"T304707129","Summer",85,0,0,35,85,85,1,2019,"Control",0,"SUMMER 2076",325,120
"T304707129","Annual",0,0,0,0,0,0,1,2019,"Control",0,"ANNUAL 2075-76",325,120
"T304807087","Monsoon",100,0,20,40,100,100,1,2019,"Control",0,"MONSOON 2075",280,160
"T304807087","Winter",100,0,20,40,100,60,1,2019,"Control",0,"WINTER 2075",280,160
"T304807087","Summer",40,0,40,50,40,20,1,2019,"Control",0,"SUMMER 2076",280,160
"T304807087","Annual",40,0,0,120,40,40,1,2019,"Control",0,"ANNUAL 2075-76",280,160
"T302609002","Monsoon",40,0,10,0,40,40,2,2019,"Control",0,"MONSOON 2075",80,50
"T302609002","Winter",40,0,10,0,40,40,2,2019,"Control",0,"WINTER 2075",80,50
"T302609002","Summer",0,0,0,0,0,0,2,2019,"Control",0,"SUMMER 2076",80,50
"T302609002","Annual",0,0,0,0,0,0,2,2019,"Control",0,"ANNUAL 2075-76",80,50
"T307006094","Monsoon",80,0,20,0,80,80,1,2019,"Control",0,"MONSOON 2075",240,100
"T307006094","Winter",80,0,20,0,80,80,1,2019,"Control",0,"WINTER 2075",240,100
"T307006094","Summer",80,0,0,20,80,50,1,2019,"Control",0,"SUMMER 2076",240,100
"T307006094","Annual",10,0,0,0,0,10,1,2019,"Control",0,"ANNUAL 2075-76",240,100
"T304905101","Monsoon",25,0,0,0,25,25,1,2019,"Control",0,"MONSOON 2075",50,25
"T304905101","Winter",25,0,0,0,25,15,1,2019,"Control",0,"WINTER 2075",50,25
"T304905101","Summer",0,0,0,25,0,0,1,2019,"Control",0,"SUMMER 2076",50,25
"T304905101","Annual",0,0,0,0,0,0,1,2019,"Control",0,"ANNUAL 2075-76",50,25
"T307705125","Monsoon",20,0,0,0,20,20,1,2019,"Control",0,"MONSOON 2075",40,20
"T307705125","Winter",20,0,0,0,20,20,1,2019,"Control",0,"WINTER 2075",40,20
"T307705125","Summer",0,0,0,20,0,0,1,2019,"Control",0,"SUMMER 2076",40,20
"T307705125","Annual",0,0,0,0,0,0,1,2019,"Control",0,"ANNUAL 2075-76",40,20
"T303806076","Monsoon",30,0,0,0,30,30,1,2019,"Control",0,"MONSOON 2075",60,30
"T303806076","Winter",30,0,0,0,30,20,1,2019,"Control",0,"WINTER 2075",60,30
"T303806076","Summer",0,0,0,30,0,0,1,2019,"Control",0,"SUMMER 2076",60,30
"T303806076","Annual",0,0,0,0,0,0,1,2019,"Control",0,"ANNUAL 2075-76",60,30
"T301502069","Monsoon",20,0,0,0,20,15,1,2019,"Control",0,"MONSOON 2075",35,20
"T301502069","Winter",15,0,0,5,15,8,1,2019,"Control",0,"WINTER 2075",35,20
"T301502069","Summer",0,0,0,20,0,0,1,2019,"Control",0,"SUMMER 2076",35,20
"T301502069","Annual",5,0,0,0,0,0,1,2019,"Control",0,"ANNUAL 2075-76",35,20
"T301907112","Monsoon",20,0,0,0,20,20,1,2019,"Control",0,"MONSOON 2075",40,20
"T301907112","Winter",20,0,0,0,20,20,1,2019,"Control",0,"WINTER 2075",40,20
"T301907112","Summer",0,0,0,20,0,0,1,2019,"Control",0,"SUMMER 2076",40,20
"T301907112","Annual",0,0,0,0,0,0,1,2019,"Control",0,"ANNUAL 2075-76",40,20
"T307707110","Monsoon",40,0,0,0,40,40,1,2019,"Control",0,"MONSOON 2075",80,40
"T307707110","Winter",40,0,0,0,40,30,1,2019,"Control",0,"WINTER 2075",80,40
"T307707110","Summer",0,0,0,40,0,0,1,2019,"Control",0,"SUMMER 2076",80,40
"T307707110","Annual",0,0,0,0,0,0,1,2019,"Control",0,"ANNUAL 2075-76",80,40
"T307001096","Monsoon",30,0,0,0,30,30,1,2019,"Control",0,"MONSOON 2075",60,30
"T307001096","Winter",30,0,0,0,30,20,1,2019,"Control",0,"WINTER 2075",60,30
"T307001096","Summer",0,0,0,30,0,0,1,2019,"Control",0,"SUMMER 2076",60,30
"T307001096","Annual",0,0,0,0,0,0,1,2019,"Control",0,"ANNUAL 2075-76",60,30
"T307808108","Monsoon",40,0,0,0,40,40,1,2019,"Control",0,"MONSOON 2075",80,40
"T307808108","Winter",40,0,0,0,40,20,1,2019,"Control",0,"WINTER 2075",80,40
"T307808108","Summer",0,0,0,40,0,0,1,2019,"Control",0,"SUMMER 2076",80,40
"T307808108","Annual",0,0,0,0,0,0,1,2019,"Control",0,"ANNUAL 2075-76",80,40
"T307003117","Monsoon",100,0,0,0,100,100,1,2019,"Control",0,"MONSOON 2075",200,100
"T307003117","Winter",100,0,0,0,100,50,1,2019,"Control",0,"WINTER 2075",200,100
"T307003117","Summer",0,0,0,100,0,0,1,2019,"Control",0,"SUMMER 2076",200,100
"T307003117","Annual",0,0,0,0,0,0,1,2019,"Control",0,"ANNUAL 2075-76",200,100
"T303907079","Monsoon",20,40,0,0,60,60,1,2019,"Control",0,"MONSOON 2075",130,20
"T303907079","Winter",20,40,0,0,60,60,1,2019,"Control",0,"WINTER 2075",130,20
"T303907079","Summer",0,0,0,20,0,0,1,2019,"Control",0,"SUMMER 2076",130,20
"T303907079","Annual",10,0,0,10,10,10,1,2019,"Control",0,"ANNUAL 2075-76",130,20
"T308603106","Monsoon",20,0,0,0,20,20,1,2019,"Control",0,"MONSOON 2075",40,20
"T308603106","Winter",20,0,0,0,20,10,1,2019,"Control",0,"WINTER 2075",40,20
"T308603106","Summer",0,0,0,20,0,0,1,2019,"Control",0,"SUMMER 2076",40,20
"T308603106","Annual",0,0,0,0,0,0,1,2019,"Control",0,"ANNUAL 2075-76",40,20
"T308601105","Monsoon",200,0,0,0,200,200,1,2019,"Control",0,"MONSOON 2075",400,200
"T308601105","Winter",200,0,0,0,200,160,1,2019,"Control",0,"WINTER 2075",400,200
"T308601105","Summer",0,0,0,200,0,0,1,2019,"Control",0,"SUMMER 2076",400,200
"T308601105","Annual",0,0,0,0,0,0,1,2019,"Control",0,"ANNUAL 2075-76",400,200
"T301808002","Monsoon",9,0,0,0,9,9,3,2019,"Control",0,"MONSOON 2075",18,9
"T301808002","Winter",9,0,0,0,9,9,3,2019,"Control",0,"WINTER 2075",18,9
"T301808002","Summer",0,0,0,9,0,0,3,2019,"Control",0,"SUMMER 2076",18,9
"T301808002","Annual",0,0,0,0,0,0,3,2019,"Control",0,"ANNUAL 2075-76",18,9
"T309904032","Monsoon",15,0,35,0,15,15,2,2019,"Control",0,"MONSOON 2075",30,50
"T309904032","Winter",15,0,35,0,15,15,2,2019,"Control",0,"WINTER 2075",30,50
"T309904032","Summer",0,0,35,15,0,0,2,2019,"Control",0,"SUMMER 2076",30,50
"T309904032","Annual",0,0,0,0,0,0,2,2019,"Control",0,"ANNUAL 2075-76",30,50
"T307103092","Monsoon",70,0,0,0,70,70,1,2019,"Control",0,"MONSOON 2075",140,70
"T307103092","Winter",70,0,0,0,70,40,1,2019,"Control",0,"WINTER 2075",140,70
"T307103092","Summer",0,0,0,70,0,0,1,2019,"Control",0,"SUMMER 2076",140,70
"T307103092","Annual",0,0,0,0,0,0,1,2019,"Control",0,"ANNUAL 2075-76",140,70
"T309304113","Monsoon",31,0,6,3,31,31,1,2019,"Control",0,"MONSOON 2075",62,40
"T309304113","Winter",31,0,6,3,31,20,1,2019,"Control",0,"WINTER 2075",62,40
"T309304113","Summer",0,0,0,40,0,0,1,2019,"Control",0,"SUMMER 2076",62,40
"T309304113","Annual",0,0,0,0,0,0,1,2019,"Control",0,"ANNUAL 2075-76",62,40
"T303608010","Monsoon",45,0,120,15,45,45,2,2019,"Control",0,"MONSOON 2075",90,180
"T303608010","Winter",45,0,120,15,45,45,2,2019,"Control",0,"WINTER 2075",90,180
"T303608010","Summer",0,0,120,15,0,0,2,2019,"Control",0,"SUMMER 2076",90,180
"T303608010","Annual",0,0,0,0,0,0,2,2019,"Control",0,"ANNUAL 2075-76",90,180
"T301502075","Monsoon",0,0,15,5,0,0,1,2019,"Control",0,"MONSOON 2075",0,15
"T301502075","Winter",0,0,15,5,0,0,1,2019,"Control",0,"WINTER 2075",0,15
"T301502075","Summer",0,0,15,5,0,0,1,2019,"Control",0,"SUMMER 2076",0,15
"T301502075","Annual",0,0,15,5,0,0,1,2019,"Control",0,"ANNUAL 2075-76",0,15
"T305001121","Monsoon",200,0,20,0,200,200,1,2019,"Control",0,"MONSOON 2075",440,220
"T305001121","Winter",200,0,20,0,200,190,1,2019,"Control",0,"WINTER 2075",440,220
"T305001121","Summer",40,0,20,160,40,0,1,2019,"Control",0,"SUMMER 2076",440,220
"T305001121","Annual",0,0,0,0,0,0,1,2019,"Control",0,"ANNUAL 2075-76",440,220
"T301502085","Monsoon",0,0,16,0,0,0,1,2019,"Control",0,"MONSOON 2075",0,16
"T301502085","Winter",0,0,16,0,0,0,1,2019,"Control",0,"WINTER 2075",0,16
"T301502085","Summer",0,0,0,16,0,0,1,2019,"Control",0,"SUMMER 2076",0,16
"T301502085","Annual",0,0,0,0,0,0,1,2019,"Control",0,"ANNUAL 2075-76",0,16
"T301602107","Monsoon",20,0,20,0,20,20,1,2019,"Control",0,"MONSOON 2075",40,40
"T301602107","Winter",20,0,20,0,20,10,1,2019,"Control",0,"WINTER 2075",40,40
"T301602107","Summer",0,0,20,20,0,0,1,2019,"Control",0,"SUMMER 2076",40,40
"T301602107","Annual",0,0,0,0,0,0,1,2019,"Control",0,"ANNUAL 2075-76",40,40
"T305004088","Monsoon",40,0,0,80,40,40,1,2019,"Control",0,"MONSOON 2075",160,120
"T305004088","Winter",40,0,0,80,40,40,1,2019,"Control",0,"WINTER 2075",160,120
"T305004088","Summer",0,0,0,120,0,0,1,2019,"Control",0,"SUMMER 2076",160,120
"T305004088","Annual",80,0,0,40,80,80,1,2019,"Control",0,"ANNUAL 2075-76",160,120
"T301503080","Monsoon",8,0,0,12,8,8,1,2019,"Control",0,"MONSOON 2075",26,20
"T301503080","Winter",8,0,0,12,8,8,1,2019,"Control",0,"WINTER 2075",26,20
"T301503080","Summer",0,0,0,0,0,0,1,2019,"Control",0,"SUMMER 2076",26,20
"T301503080","Annual",10,0,0,20,10,10,1,2019,"Control",0,"ANNUAL 2075-76",26,20
"T304808082","Monsoon",36,0,7,0,36,36,1,2019,"Control",0,"MONSOON 2075",88,43
"T304808082","Winter",36,0,7,0,36,36,1,2019,"Control",0,"WINTER 2075",88,43
"T304808082","Summer",16,0,7,20,16,0,1,2019,"Control",0,"SUMMER 2076",88,43
"T304808082","Annual",0,0,0,0,0,0,1,2019,"Control",0,"ANNUAL 2075-76",88,43
"T301906103","Monsoon",75,0,0,0,75,75,1,2019,"Control",0,"MONSOON 2075",170,75
"T301906103","Winter",75,0,0,0,75,75,1,2019,"Control",0,"WINTER 2075",170,75
"T301906103","Summer",20,0,0,55,20,0,1,2019,"Control",0,"SUMMER 2076",170,75
"T301906103","Annual",0,0,0,0,0,0,1,2019,"Control",0,"ANNUAL 2075-76",170,75
"T302608050","Monsoon",30,0,0,0,30,30,2,2019,"Control",0,"MONSOON 2075",75,30
"T302608050","Winter",30,0,0,0,30,15,2,2019,"Control",0,"WINTER 2075",75,30
"T302608050","Summer",15,0,0,15,15,15,2,2019,"Control",0,"SUMMER 2076",75,30
"T302608050","Annual",0,0,0,0,0,0,2,2019,"Control",0,"ANNUAL 2075-76",75,30
"T309306011","Monsoon",30,0,0,0,30,30,2,2019,"Control",0,"MONSOON 2075",60,30
"T309306011","Winter",30,0,0,0,30,30,2,2019,"Control",0,"WINTER 2075",60,30
"T309306011","Summer",0,0,0,30,0,0,2,2019,"Control",0,"SUMMER 2076",60,30
"T309306011","Annual",0,0,0,0,0,0,2,2019,"Control",0,"ANNUAL 2075-76",60,30
"T307705126","Monsoon",30,0,0,0,30,30,1,2019,"Control",0,"MONSOON 2075",60,30
"T307705126","Winter",30,0,0,0,30,15,1,2019,"Control",0,"WINTER 2075",60,30
"T307705126","Summer",0,0,0,30,0,0,1,2019,"Control",0,"SUMMER 2076",60,30
"T307705126","Annual",0,0,0,0,0,0,1,2019,"Control",0,"ANNUAL 2075-76",60,30
"T304906102","Monsoon",10,0,0,0,10,10,1,2019,"Control",0,"MONSOON 2075",20,10
"T304906102","Winter",10,0,0,0,10,10,1,2019,"Control",0,"WINTER 2075",20,10
"T304906102","Summer",0,0,0,10,0,0,1,2019,"Control",0,"SUMMER 2076",20,10
"T304906102","Annual",0,0,0,0,0,0,1,2019,"Control",0,"ANNUAL 2075-76",20,10
"T307005097","Monsoon",60,10,0,0,70,70,1,2019,"Control",0,"MONSOON 2075",140,60
"T307005097","Winter",60,10,0,0,70,50,1,2019,"Control",0,"WINTER 2075",140,60
"T307005097","Summer",0,0,0,60,0,0,1,2019,"Control",0,"SUMMER 2076",140,60
"T307005097","Annual",0,0,0,0,0,0,1,2019,"Control",0,"ANNUAL 2075-76",140,60
"T302608030","Monsoon",20,0,0,0,20,20,2,2019,"Control",0,"MONSOON 2075",40,20
"T302608030","Winter",20,0,0,0,20,20,2,2019,"Control",0,"WINTER 2075",40,20
"T302608030","Summer",0,0,0,20,0,0,2,2019,"Control",0,"SUMMER 2076",40,20
"T302608030","Annual",0,0,0,0,0,0,2,2019,"Control",0,"ANNUAL 2075-76",40,20
"T305404025","Monsoon",100,0,0,0,100,100,2,2019,"Control",0,"MONSOON 2075",200,100
"T305404025","Winter",100,0,0,0,100,100,2,2019,"Control",0,"WINTER 2075",200,100
"T305404025","Summer",0,0,0,100,0,0,2,2019,"Control",0,"SUMMER 2076",200,100
"T305404025","Annual",0,0,0,0,0,0,2,2019,"Control",0,"ANNUAL 2075-76",200,100
"T302004124","Monsoon",70,0,30,0,70,70,1,2019,"Control",0,"MONSOON 2075",140,100
"T302004124","Winter",70,0,30,0,70,70,1,2019,"Control",0,"WINTER 2075",140,100
"T302004124","Summer",0,0,30,70,0,0,1,2019,"Control",0,"SUMMER 2076",140,100
"T302004124","Annual",0,0,0,0,0,0,1,2019,"Control",0,"ANNUAL 2075-76",140,100
"T307006116","Monsoon",40,0,0,0,40,40,1,2019,"Control",0,"MONSOON 2075",80,40
"T307006116","Winter",40,0,0,0,40,30,1,2019,"Control",0,"WINTER 2075",80,40
"T307006116","Summer",0,0,0,40,0,0,1,2019,"Control",0,"SUMMER 2076",80,40
"T307006116","Annual",0,0,0,0,0,0,1,2019,"Control",0,"ANNUAL 2075-76",80,40
"T300901091","Monsoon",0,0,120,0,0,0,1,2019,"Treatment",1,"MONSOON 2075",0,120
"T300901091","Winter",0,0,120,0,0,0,1,2019,"Treatment",1,"WINTER 2075",0,120
"T300901091","Summer",0,0,120,0,0,0,1,2019,"Treatment",1,"SUMMER 2076",0,120
"T300901091","Annual",0,0,0,0,0,0,1,2019,"Treatment",1,"ANNUAL 2075-76",0,120
"T300406089","Monsoon",80,0,0,20,80,80,1,2019,"Treatment",1,"MONSOON 2075",200,100
"T300406089","Winter",80,0,0,20,80,80,1,2019,"Treatment",1,"WINTER 2075",200,100
"T300406089","Summer",20,0,0,80,20,20,1,2019,"Treatment",1,"SUMMER 2076",200,100
"T300406089","Annual",20,0,0,80,20,20,1,2019,"Treatment",1,"ANNUAL 2075-76",200,100
